study,file,slice,y_sp_pos,y_sp_axis,y_sp_art,f_sp_pos,f_sp_axis,f_sp_art,oof_sp_axis,abs_axis_angle_deg,sag_mm,pixel_hash
2.25.102965897799404973225419898683246248872,2.25.102965897799404973225419898683246248872/series_001_2_CR/A250726353 DXA/CR DXA/CR000001.dcm,деформация оси (комментарий разметчика),0,0,0,0,0,0,0.774096,1.60511,6.05946,d873fd31b0abecb7fc982bfaeeab63472a9a01b4
2.25.103868781101960771917584077315578649178,2.25.103868781101960771917584077315578649178/series_001_3_CR/A2507485409 DXA/CR DXA/CR000002.dcm,деформация оси (комментарий разметчика),0,0,0,0,0,0,0.394578,0.87081,3.45063,dc78559cc14f1537433b5a290252cfdf77781bcd
2.25.105033841136787477881326326053319223817,2.25.105033841136787477881326326053319223817/series_001_2_CR/A250790559 DXA/CR DXA/CR000000.dcm,деформация оси (комментарий разметчика),0,0,0,0,0,0,0.659639,2.70899,8.06739,2eb97b8503133b07129536610b1fd0d81d37414f
2.25.105033841136787477881326326053319223817,2.25.105033841136787477881326326053319223817/series_001_2_CR/A250790559 DXA/CR DXA/CR000001.dcm,деформация оси (комментарий разметчика),0,0,0,0,0,0,0.659639,2.70899,8.06739,2eb97b8503133b07129536610b1fd0d81d37414f
2.25.112621744005021908434051268014787122937,2.25.112621744005021908434051268014787122937/series_002_2_CR/A2504301685 DXA/CR DXA/CR000000.dcm,деформация оси (комментарий разметчика),0,0,0,0,1,0,0.894578,5.12072,14.2861,0b6e3215e0356f006e4224f4e38db05032ad74de
2.25.132083163398091874662674590622589534350,2.25.132083163398091874662674590622589534350/series_003_2_CR/A2507386583 DXA Exam/CR DXA Images/CR000001.dcm,деформация оси (комментарий разметчика),0,0,0,0,1,1,0.906627,3.77739,7.87249,ffde6982fe4886e4a43455c4d3dcdb78a6bc90c3
2.25.175881661753775295785039265792986971602,2.25.175881661753775295785039265792986971602/series_003_2_CR/A2507266462 DXA/CR DXA/CR000001.dcm,деформация оси (комментарий разметчика),0,0,0,0,0,0,0.430723,2.39342,10.4905,161c3cf44563b5f8399f0e64f7453709f4e30192
2.25.178533355209696795441380751187185128893,2.25.178533355209696795441380751187185128893/series_003_2_CR/A2507155452 DXA/CR DXA/CR000000.dcm,деформация оси (комментарий разметчика),0,0,0,0,0,0,0.76506,3.50863,4.23707,63cd7f7f7814bc4b8adc227654639b004184ec4b
2.25.269742577365511543488820993979123763373,2.25.269742577365511543488820993979123763373/series_003_2_CR/A250477751 DXA/CR DXA/CR000000.dcm,деформация оси (комментарий разметчика),0,0,0,0,1,1,0.936747,4.85441,4.2984,ce5bd5cd2ed6e83ed82a51e977efb007f9089426
2.25.276415754443998872860614500027519740375,2.25.276415754443998872860614500027519740375/series_002_2_CR/A2504387089 DXA/CR DXA/CR000000.dcm,деформация оси (комментарий разметчика),0,0,0,0,1,0,0.783133,1.89905,8.60931,2b86bfc25200bc04b17c7cb9c2f7602eee094fb8
2.25.276415754443998872860614500027519740375,2.25.276415754443998872860614500027519740375/series_002_2_CR/A2504387089 DXA/CR DXA/CR000001.dcm,деформация оси (комментарий разметчика),0,0,0,0,1,0,0.783133,1.89905,8.60931,2b86bfc25200bc04b17c7cb9c2f7602eee094fb8
2.25.286999464611662854355201599068538813496,2.25.286999464611662854355201599068538813496/series_003_2_CR/A2504223477 DXA/CR DXA/CR000001.dcm,деформация оси (комментарий разметчика),0,0,0,0,0,0,0.207831,0.451559,5.12748,591b690ce26dda8103e44d7df96fc6bbf9b2c24c
2.25.286999464611662854355201599068538813496,2.25.286999464611662854355201599068538813496/series_003_2_CR/A2504223477 DXA/CR DXA/CR000004.dcm,деформация оси (комментарий разметчика),0,0,0,0,0,0,0.207831,0.451559,5.12748,591b690ce26dda8103e44d7df96fc6bbf9b2c24c
2.25.322202456901330781765399791024580391565,2.25.322202456901330781765399791024580391565/series_002_2_CR/A2504350020 DXA/CR DXA/CR000000.dcm,деформация оси (комментарий разметчика),0,0,0,0,0,1,0.46988,0.245537,10.3451,08426831432a4c28de4e7d4855ad113c387a91f7
2.25.338439598607961312040815816824093323492,2.25.338439598607961312040815816824093323492/series_002_2_CR/A2504147124 DXA/CR DXA/CR000000.dcm,деформация оси (комментарий разметчика),0,0,1,0,0,0,0.740964,1.77047,13.4557,9bc1be873bfc824aa034ad7f979309202acccaea
2.25.339027809107632348165171236474821772940,2.25.339027809107632348165171236474821772940/series_001_2_CR/A2504349642 DXA/CR DXA/CR000001.dcm,деформация оси (комментарий разметчика),0,0,0,0,0,0,0.605422,1.95254,9.45611,ff07bdf0e3e4b98bea392d90fd983cee37e3e98b
2.25.339027809107632348165171236474821772940,2.25.339027809107632348165171236474821772940/series_001_2_CR/A2504349642 DXA/CR DXA/CR000004.dcm,деформация оси (комментарий разметчика),0,0,0,0,0,0,0.605422,1.95254,9.45611,ff07bdf0e3e4b98bea392d90fd983cee37e3e98b
2.25.52532476139575422857225834315571570912,2.25.52532476139575422857225834315571570912/series_001_2_CR/A2504247961 DXA/CR DXA/CR000000.dcm,деформация оси (комментарий разметчика),0,0,0,0,0,1,0.731928,1.63846,9.06823,60e477bb306b085e9c6e092d51d2d2d376ca2920
