rel_path,SoftwareVersions,SeriesNumber,InstanceNumber,has_OperatorsName,has_PerformingPhysicianName,uid_root_2_25,TotalNumberOfExposures,ExposedArea_0,ExposedArea_1,EntranceDoseInmGy,Rows,Columns,file_no,uid_hash_study,uid_hash_sop
1.2.840.113619.2.110.512719.20250403090444/series_004_3_CR/DXA/CR DXA/CR000000.dcm,18.50.082,3,1,0,0,0,2,180,175,0.074,289,300,0,0.484532,0.514206
1.2.840.113619.2.110.512719.20250403090444/series_004_3_CR/DXA/CR DXA/CR000001.dcm,18.50.082,3,8,0,0,0,1,170,143,0.037,235,280,1,0.484532,0.601754
1.2.840.113619.2.110.512719.20250403090444/series_004_3_CR/DXA/CR DXA/CR000002.dcm,18.50.082,3,4,0,0,0,4,520,478,0.148,263,280,2,0.484532,0.249048
1.2.840.113619.2.110.512719.20250403090444/series_004_3_CR/DXA/CR DXA/CR000003.dcm,18.50.082,3,6,0,0,0,1,170,160,0.037,263,280,3,0.484532,0.200399
1.2.840.113619.2.110.512719.20250403090444/series_004_3_CR/DXA/CR DXA/CR000004.dcm,18.50.082,3,5,0,0,0,4,520,478,0.148,235,280,4,0.484532,0.216965
1.2.840.113619.2.110.512719.20250403090444/series_004_3_CR/DXA/CR DXA/CR000005.dcm,18.50.082,3,3,0,0,0,4,520,478,0.148,289,300,5,0.484532,0.393919
1.2.840.113619.2.110.512719.20250403092052/series_003_3_CR/DXA/CR DXA/CR000000.dcm,18.50.082,3,5,0,0,0,3,520,496,0.111,235,280,0,0.051593,0.759641
1.2.840.113619.2.110.512719.20250403092052/series_003_3_CR/DXA/CR DXA/CR000001.dcm,18.50.082,3,1,0,0,0,1,180,193,0.037,318,300,1,0.051593,0.729955
1.2.840.113619.2.110.512719.20250403092052/series_003_3_CR/DXA/CR DXA/CR000002.dcm,18.50.082,3,6,0,0,0,1,170,160,0.037,263,280,2,0.051593,0.115519
1.2.840.113619.2.110.512719.20250403092052/series_003_3_CR/DXA/CR DXA/CR000003.dcm,18.50.082,3,4,0,0,0,3,520,496,0.111,263,280,3,0.051593,0.0550688
1.2.840.113619.2.110.512719.20250403092052/series_003_3_CR/DXA/CR DXA/CR000004.dcm,18.50.082,3,8,0,0,0,1,170,143,0.037,235,280,4,0.051593,0.345744
1.2.840.113619.2.110.512719.20250403092052/series_003_3_CR/DXA/CR DXA/CR000005.dcm,18.50.082,3,3,0,0,0,3,520,496,0.111,318,300,5,0.051593,0.35227
1.2.840.113619.2.110.512719.20250407113211/series_001_2_CR/DXA/CR DXA/CR000000.dcm,18.50.082,2,6,0,0,0,1,170,160,0.037,263,280,0,0.129737,0.928918
1.2.840.113619.2.110.512719.20250407113211/series_001_2_CR/DXA/CR DXA/CR000001.dcm,18.50.082,2,8,0,0,0,1,170,161,0.037,265,280,1,0.129737,0.648436
1.2.840.113619.2.110.512719.20250407113211/series_001_2_CR/DXA/CR DXA/CR000002.dcm,18.50.082,2,4,0,0,0,3,520,497,0.111,263,280,2,0.129737,0.682173
1.2.840.113619.2.110.512719.20250407113211/series_001_2_CR/DXA/CR DXA/CR000003.dcm,18.50.082,2,3,0,0,0,3,520,497,0.111,291,300,3,0.129737,0.775705
1.2.840.113619.2.110.512719.20250407113211/series_001_2_CR/DXA/CR DXA/CR000004.dcm,18.50.082,2,1,0,0,0,1,180,177,0.037,291,300,4,0.129737,0.305278
1.2.840.113619.2.110.512719.20250407113211/series_001_2_CR/DXA/CR DXA/CR000005.dcm,18.50.082,2,5,0,0,0,3,520,497,0.111,265,280,5,0.129737,0.015217
2.25.10245777060263212829333021434108890537/series_003_2_CR/A2504412435 DXA/CR DXA/CR000000.dcm,18.41.005,2,2,1,1,1,2,180,193,0.074,291,280,0,0.488742,0.735199
2.25.10245777060263212829333021434108890537/series_003_2_CR/A2504412435 DXA/CR DXA/CR000001.dcm,18.41.005,2,1,1,1,1,2,180,193,0.074,318,300,1,0.488742,0.944914
2.25.10245777060263212829333021434108890537/series_003_2_CR/A2504412435 DXA/CR DXA/CR000002.dcm,18.41.005,2,3,1,1,1,2,180,193,0.074,292,280,2,0.488742,0.590146
2.25.102755089973625799055786462646268820450/series_002_2_CR/A2504257770 DXA/CR DXA/CR000000.dcm,18.41.005,2,3,1,1,1,1,170,143,0.037,235,280,0,0.430486,0.581524
2.25.102755089973625799055786462646268820450/series_002_2_CR/A2504257770 DXA/CR DXA/CR000001.dcm,18.41.005,2,1,1,1,1,1,180,174,0.037,287,300,1,0.430486,0.593619
2.25.102755089973625799055786462646268820450/series_002_2_CR/A2504257770 DXA/CR DXA/CR000002.dcm,18.41.005,2,5,1,1,1,1,170,159,0.037,261,280,2,0.430486,0.0553245
2.25.102755089973625799055786462646268820450/series_002_2_CR/A2504257770 DXA/CR DXA/CR000003.dcm,18.41.005,2,8,1,1,1,1,180,174,0.037,261,280,3,0.430486,0.436491
2.25.102755089973625799055786462646268820450/series_002_2_CR/A2504257770 DXA/CR DXA/CR000004.dcm,18.41.005,2,7,1,1,1,1,180,174,0.037,287,300,4,0.430486,0.814519
2.25.102755089973625799055786462646268820450/series_002_2_CR/A2504257770 DXA/CR DXA/CR000005.dcm,18.41.005,2,9,1,1,1,1,180,174,0.037,235,280,5,0.430486,0.524017
2.25.102965897799404973225419898683246248872/series_001_2_CR/A250726353 DXA/CR DXA/CR000000.dcm,18.41.005,2,3,1,1,1,1,170,143,0.083,235,280,0,0.49195,0.730583
2.25.102965897799404973225419898683246248872/series_001_2_CR/A250726353 DXA/CR DXA/CR000001.dcm,18.41.005,2,1,1,1,1,4,181,191,0.144,315,300,1,0.49195,0.17754
2.25.102965897799404973225419898683246248872/series_001_2_CR/A250726353 DXA/CR DXA/CR000002.dcm,18.41.005,2,5,1,1,1,1,170,160,0.037,263,280,2,0.49195,0.804682
2.25.103868781101960771917584077315578649178/series_001_3_CR/A2507485409 DXA/CR DXA/CR000000.dcm,18.41.005,3,3,1,1,1,1,170,195,0.037,322,280,0,0.909474,0.201563
2.25.103868781101960771917584077315578649178/series_001_3_CR/A2507485409 DXA/CR DXA/CR000001.dcm,18.41.005,3,5,1,1,1,2,170,194,0.074,320,280,1,0.909474,0.574248
2.25.103868781101960771917584077315578649178/series_001_3_CR/A2507485409 DXA/CR DXA/CR000002.dcm,18.41.005,3,1,1,1,1,2,180,175,0.074,289,300,2,0.909474,0.691343
2.25.105033841136787477881326326053319223817/series_001_2_CR/A250790559 DXA/CR DXA/CR000000.dcm,18.50.082,2,1,1,1,1,2,180,193,0.074,318,300,0,0.199285,0.370624
2.25.105033841136787477881326326053319223817/series_001_2_CR/A250790559 DXA/CR DXA/CR000001.dcm,18.50.082,2,3,1,1,1,4,520,498,0.148,318,300,1,0.199285,0.31868
2.25.105033841136787477881326326053319223817/series_001_2_CR/A250790559 DXA/CR DXA/CR000002.dcm,18.50.082,2,4,1,1,1,4,520,498,0.148,265,280,2,0.199285,0.508374
2.25.105033841136787477881326326053319223817/series_001_2_CR/A250790559 DXA/CR DXA/CR000003.dcm,18.50.082,2,8,1,1,1,1,170,144,0.037,237,280,3,0.199285,0.700451
2.25.105033841136787477881326326053319223817/series_001_2_CR/A250790559 DXA/CR DXA/CR000004.dcm,18.50.082,2,5,1,1,1,4,520,498,0.148,237,280,4,0.199285,0.350367
2.25.105033841136787477881326326053319223817/series_001_2_CR/A250790559 DXA/CR DXA/CR000005.dcm,18.50.082,2,6,1,1,1,1,170,161,0.037,265,280,5,0.199285,0.583655
2.25.108537195937431169718850276671337677972/series_002_2_CR/A250479795 DXA/CR DXA/CR000000.dcm,18.41.005,2,1,1,1,1,2,180,175,0.074,289,300,0,0.485517,0.836994
2.25.11175860580562939441493697221497597640/series_003_2_CR/A2507431060 DXA/CR DXA/CR000000.dcm,18.41.005,2,5,1,1,1,3,520,579,0.111,348,280,0,0.990777,0.988699
2.25.11175860580562939441493697221497597640/series_003_2_CR/A2507431060 DXA/CR DXA/CR000001.dcm,18.41.005,2,3,1,1,1,3,520,579,0.111,315,300,1,0.990777,0.29618
2.25.11175860580562939441493697221497597640/series_003_2_CR/A2507431060 DXA/CR DXA/CR000002.dcm,18.41.005,2,4,1,1,1,3,520,579,0.111,291,280,2,0.990777,0.564985
2.25.11175860580562939441493697221497597640/series_003_2_CR/A2507431060 DXA/CR DXA/CR000003.dcm,18.41.005,2,6,1,1,1,1,170,177,0.037,291,280,3,0.990777,0.0570676
2.25.11175860580562939441493697221497597640/series_003_2_CR/A2507431060 DXA/CR DXA/CR000004.dcm,18.41.005,2,1,1,1,1,1,180,191,0.037,315,300,4,0.990777,0.334513
2.25.11175860580562939441493697221497597640/series_003_2_CR/A2507431060 DXA/CR DXA/CR000005.dcm,18.41.005,2,8,1,1,1,1,170,211,0.037,348,280,5,0.990777,0.309418
2.25.112621744005021908434051268014787122937/series_002_2_CR/A2504301685 DXA/CR DXA/CR000000.dcm,18.50.082,2,1,1,1,1,2,180,177,0.074,291,300,0,0.040002,0.011011
2.25.114887542067602662452692698814728642117/series_001_2_CR/A2504131887 DXA/CR DXA/CR000000.dcm,18.41.005,2,2,1,1,1,1,180,194,0.037,320,280,0,0.13248,0.126724
2.25.114887542067602662452692698814728642117/series_001_2_CR/A2504131887 DXA/CR DXA/CR000001.dcm,18.41.005,2,3,1,1,1,1,180,194,0.037,320,280,1,0.13248,0.719963
2.25.114887542067602662452692698814728642117/series_001_2_CR/A2504131887 DXA/CR DXA/CR000002.dcm,18.41.005,2,6,1,1,1,1,0,0,,320,280,2,0.13248,0.530131
2.25.114887542067602662452692698814728642117/series_001_2_CR/A2504131887 DXA/CR DXA/CR000003.dcm,18.41.005,2,5,1,1,1,1,0,0,,320,280,3,0.13248,0.526595
2.25.114887542067602662452692698814728642117/series_001_2_CR/A2504131887 DXA/CR DXA/CR000004.dcm,18.41.005,2,1,1,1,1,1,180,194,0.037,320,300,4,0.13248,0.173319
2.25.114887542067602662452692698814728642117/series_001_2_CR/A2504131887 DXA/CR DXA/CR000005.dcm,18.41.005,2,13,1,1,1,1,170,194,0.037,320,280,5,0.13248,0.945478
2.25.114887542067602662452692698814728642117/series_001_2_CR/A2504131887 DXA/CR DXA/CR000006.dcm,18.41.005,2,12,1,1,1,3,170,194,0.111,320,280,6,0.13248,0.711821
2.25.114887542067602662452692698814728642117/series_001_2_CR/A2504131887 DXA/CR DXA/CR000007.dcm,18.41.005,2,4,1,1,1,1,180,194,0.037,320,300,7,0.13248,0.218809
2.25.114887542067602662452692698814728642117/series_001_2_CR/A2504131887 DXA/CR DXA/CR000008.dcm,18.41.005,2,11,1,1,1,5,520,583,0.185,320,280,8,0.13248,0.775075
2.25.114887542067602662452692698814728642117/series_001_2_CR/A2504131887 DXA/CR DXA/CR000009.dcm,18.41.005,2,10,1,1,1,5,520,583,0.185,320,280,9,0.13248,0.102954
2.25.114887542067602662452692698814728642117/series_001_2_CR/A2504131887 DXA/CR DXA/CR000010.dcm,18.41.005,2,9,1,1,1,5,520,583,0.185,320,300,10,0.13248,0.344967
2.25.116822802042655971810859435524105064465/series_003_2_CR/A2507273296 DXA/CR DXA/CR000000.dcm,18.41.005,2,6,1,1,1,1,170,143,0.037,235,280,0,0.00192887,0.591668
2.25.116822802042655971810859435524105064465/series_003_2_CR/A2507273296 DXA/CR DXA/CR000001.dcm,18.41.005,2,4,1,1,1,1,170,143,0.037,235,280,1,0.00192887,0.715637
2.25.116822802042655971810859435524105064465/series_003_2_CR/A2507273296 DXA/CR DXA/CR000002.dcm,18.41.005,2,1,1,1,1,3,180,193,0.111,318,300,2,0.00192887,0.63137
2.25.122446767306607067205618235949445789306/series_001_2_CR/A2504255080 DXA/CR DXA/CR000000.dcm,18.50.082,2,5,1,1,1,4,520,462,0.148,207,280,0,0.987734,0.709605
2.25.122446767306607067205618235949445789306/series_001_2_CR/A2504255080 DXA/CR DXA/CR000001.dcm,18.50.082,2,6,1,1,1,1,170,143,0.037,235,280,1,0.987734,0.712928
2.25.122446767306607067205618235949445789306/series_001_2_CR/A2504255080 DXA/CR DXA/CR000002.dcm,18.50.082,2,3,1,1,1,4,520,462,0.148,318,300,2,0.987734,0.751022
2.25.122446767306607067205618235949445789306/series_001_2_CR/A2504255080 DXA/CR DXA/CR000003.dcm,18.50.082,2,8,1,1,1,1,170,126,0.037,207,280,3,0.987734,0.807017
2.25.122446767306607067205618235949445789306/series_001_2_CR/A2504255080 DXA/CR DXA/CR000004.dcm,18.50.082,2,4,1,1,1,4,520,462,0.148,235,280,4,0.987734,0.930877
2.25.122446767306607067205618235949445789306/series_001_2_CR/A2504255080 DXA/CR DXA/CR000005.dcm,18.50.082,2,1,1,1,1,2,180,193,0.074,318,300,5,0.987734,0.896312
2.25.123175695355749859846173904788591707879/series_001_2_CR/A250722449 DXA/CR DXA/CR000000.dcm,18.41.005,2,1,1,1,1,2,180,175,0.074,289,300,0,0.123175,0.537013
2.25.124890633326693921702195356152595253940/series_002_2_CR/A2504263153 DXA/CR DXA/CR000000.dcm,18.41.005,2,1,1,1,1,1,180,175,0.037,289,300,0,0.774351,0.610764
2.25.124890633326693921702195356152595253940/series_002_2_CR/A2504263153 DXA/CR DXA/CR000001.dcm,18.41.005,2,3,1,1,1,1,180,175,0.037,261,280,1,0.774351,0.532627
2.25.124890633326693921702195356152595253940/series_002_2_CR/A2504263153 DXA/CR DXA/CR000002.dcm,18.41.005,2,2,1,1,1,1,180,175,0.037,289,280,2,0.774351,0.927385
2.25.125521310320333648427417313254965624364/series_001_2_CR/A250444126 DXA/CR DXA/CR000000.dcm,18.50.082,2,1,1,1,1,2,180,160,0.074,263,300,0,0.459771,0.684842
2.25.126293418391331346694592071563510265596/series_002_3_CR/A2507250865 DXA/CR DXA/CR000000.dcm,18.41.005,3,5,1,1,1,3,170,177,0.111,291,280,0,0.397648,0.29876
2.25.126293418391331346694592071563510265596/series_002_3_CR/A2507250865 DXA/CR DXA/CR000001.dcm,18.41.005,3,1,1,1,1,2,180,192,0.074,317,300,1,0.397648,0.672103
2.25.126293418391331346694592071563510265596/series_002_3_CR/A2507250865 DXA/CR DXA/CR000002.dcm,18.41.005,3,3,1,1,1,1,170,127,0.037,209,280,2,0.397648,0.896062
2.25.127126130998341190348103034690069487890/series_002_2_CR/A250428736 DXA/CR DXA/CR000000.dcm,18.50.082,2,3,1,1,1,4,520,509,0.092,317,300,0,0.33736,0.919028
2.25.127126130998341190348103034690069487890/series_002_2_CR/A250428736 DXA/CR DXA/CR000001.dcm,18.50.082,2,6,1,1,1,1,170,191,0.009,315,280,1,0.33736,0.317808
2.25.127126130998341190348103034690069487890/series_002_2_CR/A250428736 DXA/CR DXA/CR000002.dcm,18.50.082,2,4,1,1,1,4,520,509,0.092,315,280,2,0.33736,0.916437
2.25.127126130998341190348103034690069487890/series_002_2_CR/A250428736 DXA/CR DXA/CR000003.dcm,18.50.082,2,8,1,1,1,1,170,125,0.009,206,280,3,0.33736,0.98989
2.25.127126130998341190348103034690069487890/series_002_2_CR/A250428736 DXA/CR DXA/CR000004.dcm,18.50.082,2,1,1,1,1,2,180,192,0.074,317,300,4,0.33736,0.063507
2.25.127126130998341190348103034690069487890/series_002_2_CR/A250428736 DXA/CR DXA/CR000005.dcm,18.50.082,2,5,1,1,1,4,520,509,0.092,206,280,5,0.33736,0.240809
2.25.12798473087614376830819854616447908612/series_002_2_CR/A2507538847 DXA/CR DXA/CR000000.dcm,18.50.082,2,1,1,1,1,2,180,193,0.166,318,300,0,0.82732,0.164188
2.25.12798473087614376830819854616447908612/series_002_2_CR/A2507538847 DXA/CR DXA/CR000001.dcm,18.50.082,2,3,1,1,1,2,150,244,0.074,401,248,1,0.82732,0.579781
2.25.12798473087614376830819854616447908612/series_002_2_CR/A2507538847 DXA/CR DXA/CR000002.dcm,18.50.082,2,4,1,1,1,2,150,246,0.074,405,248,2,0.82732,0.453341
2.25.128197189461989832465575162384360009377/series_001_2_CR/A2507216909 DXA/CR DXA/CR000000.dcm,18.50.082,2,1,1,1,1,2,180,192,0.074,317,300,0,0.545263,0.124167
2.25.128630285053087246379265602913470285158/series_003_2_CR/A2504394821 DXA/CR DXA/CR000000.dcm,18.41.005,2,1,1,1,1,2,180,190,0.074,313,300,0,0.160153,0.929713
2.25.128990540359421489042453547244535073735/series_002_2_CR/A2507388698 DXA/CR DXA/CR000000.dcm,18.50.082,2,10,1,1,1,2,180,194,0.166,266,280,0,0.418006,0.596276
2.25.128990540359421489042453547244535073735/series_002_2_CR/A2507388698 DXA/CR DXA/CR000001.dcm,18.50.082,2,8,1,1,1,2,180,194,0.166,320,300,1,0.418006,0.14686
2.25.128990540359421489042453547244535073735/series_002_2_CR/A2507388698 DXA/CR DXA/CR000002.dcm,18.50.082,2,3,1,1,1,1,170,162,0.037,266,280,2,0.418006,0.0804548
2.25.128990540359421489042453547244535073735/series_002_2_CR/A2507388698 DXA/CR DXA/CR000003.dcm,18.50.082,2,9,1,1,1,2,180,194,0.166,268,280,3,0.418006,0.424159
2.25.128990540359421489042453547244535073735/series_002_2_CR/A2507388698 DXA/CR DXA/CR000004.dcm,18.50.082,2,1,1,1,1,2,180,194,0.166,320,300,4,0.418006,0.560129
2.25.128990540359421489042453547244535073735/series_002_2_CR/A2507388698 DXA/CR DXA/CR000005.dcm,18.50.082,2,5,1,1,1,1,170,163,0.037,268,280,5,0.418006,0.382918
2.25.129239680100193368599713239115902740628/series_003_3_CR/A250757345 DXA/CR DXA/CR000000.dcm,18.41.005,3,1,1,1,1,1,0,0,,320,280,0,0.203138,0.224026
2.25.13069823278093578548407087310307113784/series_003_2_CR/A2507242667 DXA/CR DXA/CR000000.dcm,18.41.005,2,3,1,1,1,1,170,125,0.009,206,280,0,0.534753,0.464746
2.25.13069823278093578548407087310307113784/series_003_2_CR/A2507242667 DXA/CR DXA/CR000001.dcm,18.41.005,2,1,1,1,1,2,181,208,0.049,343,300,1,0.534753,0.848729
2.25.13069823278093578548407087310307113784/series_003_2_CR/A2507242667 DXA/CR DXA/CR000002.dcm,18.41.005,2,5,1,1,1,1,170,109,0.009,180,280,2,0.534753,0.546741
2.25.132083163398091874662674590622589534350/series_003_2_CR/A2507386583 DXA Exam/CR DXA Images/CR000000.dcm,18.41.005,2,2,1,1,1,3,520,615,0.111,346,280,0,0.150434,0.447431
2.25.132083163398091874662674590622589534350/series_003_2_CR/A2507386583 DXA Exam/CR DXA Images/CR000001.dcm,18.41.005,2,1,1,1,1,3,520,615,0.111,320,300,1,0.150434,0.535476
2.25.132083163398091874662674590622589534350/series_003_2_CR/A2507386583 DXA Exam/CR DXA Images/CR000002.dcm,18.41.005,2,3,1,1,1,3,520,615,0.111,346,280,2,0.150434,0.54052
2.25.132272637351979990811754009849547633391/series_003_3_CR/A2504141080 DXA/CR DXA/CR000000.dcm,18.41.005,3,3,1,1,1,1,170,159,0.009,261,280,0,0.677432,0.720815
2.25.132272637351979990811754009849547633391/series_003_3_CR/A2504141080 DXA/CR DXA/CR000001.dcm,18.41.005,3,5,1,1,1,1,170,159,0.009,261,280,1,0.677432,0.271788
2.25.132272637351979990811754009849547633391/series_003_3_CR/A2504141080 DXA/CR DXA/CR000002.dcm,18.41.005,3,1,1,1,1,2,180,175,0.074,289,300,2,0.677432,0.226324
2.25.13325817932854000792938662637654885530/series_002_2_CR/A2507365486 DXA/CR DXA/CR000000.dcm,18.41.005,2,13,1,1,1,2,180,192,0.074,317,300,0,0.41789,0.26037
2.25.13325817932854000792938662637654885530/series_002_2_CR/A2507365486 DXA/CR DXA/CR000001.dcm,18.41.005,2,9,1,1,1,1,170,143,0.037,235,280,1,0.41789,0.129828
2.25.13325817932854000792938662637654885530/series_002_2_CR/A2507365486 DXA/CR DXA/CR000002.dcm,18.41.005,2,6,1,1,1,1,0,0,,235,280,2,0.41789,0.429284
2.25.13325817932854000792938662637654885530/series_002_2_CR/A2507365486 DXA/CR DXA/CR000003.dcm,18.41.005,2,15,1,1,1,2,180,192,0.074,235,280,3,0.41789,0.502085
2.25.13325817932854000792938662637654885530/series_002_2_CR/A2507365486 DXA/CR DXA/CR000004.dcm,18.41.005,2,3,1,1,1,2,180,192,0.074,235,280,4,0.41789,0.813151
2.25.13325817932854000792938662637654885530/series_002_2_CR/A2507365486 DXA/CR DXA/CR000005.dcm,18.41.005,2,14,1,1,1,2,180,192,0.074,233,280,5,0.41789,0.937666
2.25.13325817932854000792938662637654885530/series_002_2_CR/A2507365486 DXA/CR DXA/CR000006.dcm,18.41.005,2,10,1,1,1,2,170,142,0.074,233,280,6,0.41789,0.935535
2.25.13325817932854000792938662637654885530/series_002_2_CR/A2507365486 DXA/CR DXA/CR000007.dcm,18.41.005,2,8,1,1,1,1,0,0,,235,280,7,0.41789,0.837267
2.25.13325817932854000792938662637654885530/series_002_2_CR/A2507365486 DXA/CR DXA/CR000008.dcm,18.41.005,2,7,1,1,1,1,0,0,,233,280,8,0.41789,0.395612
2.25.13325817932854000792938662637654885530/series_002_2_CR/A2507365486 DXA/CR DXA/CR000009.dcm,18.41.005,2,5,1,1,1,1,0,0,,233,280,9,0.41789,0.213066
2.25.13325817932854000792938662637654885530/series_002_2_CR/A2507365486 DXA/CR DXA/CR000010.dcm,18.41.005,2,4,1,1,1,2,180,192,0.074,317,300,10,0.41789,0.0821217
2.25.13325817932854000792938662637654885530/series_002_2_CR/A2507365486 DXA/CR DXA/CR000011.dcm,18.41.005,2,2,1,1,1,2,180,192,0.074,233,280,11,0.41789,0.740085
2.25.13325817932854000792938662637654885530/series_002_2_CR/A2507365486 DXA/CR DXA/CR000012.dcm,18.41.005,2,1,1,1,1,2,180,192,0.074,317,300,12,0.41789,0.225907
2.25.134456506307367483341018281460841912845/series_002_2_CR/A2507120612 DXA/CR DXA/CR000000.dcm,18.50.082,2,3,1,1,1,1,170,178,0.037,292,280,0,0.942881,0.0850499
2.25.134456506307367483341018281460841912845/series_002_2_CR/A2507120612 DXA/CR DXA/CR000001.dcm,18.50.082,2,1,1,1,1,1,180,191,0.037,315,300,1,0.942881,0.250943
2.25.134456506307367483341018281460841912845/series_002_2_CR/A2507120612 DXA/CR DXA/CR000002.dcm,18.50.082,2,5,1,1,1,1,170,177,0.037,291,280,2,0.942881,0.381042
2.25.135241889065705954191821710363605596815/series_003_3_CR/A250715060 DXA/CR DXA/CR000000.dcm,18.41.005,3,3,1,1,1,2,170,160,0.074,263,280,0,0.587158,0.747461
2.25.135241889065705954191821710363605596815/series_003_3_CR/A250715060 DXA/CR DXA/CR000001.dcm,18.41.005,3,1,1,1,1,2,180,210,0.166,346,300,1,0.587158,0.638262
2.25.13566237352084812982996047541944701548/series_002_2_CR/A2504268931 DXA/CR DXA/CR000000.dcm,18.41.005,2,1,1,1,1,2,180,194,0.166,320,300,0,0.797357,0.807335
2.25.137344827330550141320158285144101816664/series_003_3_CR/A2507146630 DXA/CR DXA/CR000000.dcm,18.41.005,3,1,1,1,1,3,180,192,0.111,317,300,0,0.808836,0.0837173
2.25.137344827330550141320158285144101816664/series_003_3_CR/A2507146630 DXA/CR DXA/CR000001.dcm,18.41.005,3,3,1,1,1,2,170,160,0.074,263,280,1,0.808836,0.0869954
2.25.137344827330550141320158285144101816664/series_003_3_CR/A2507146630 DXA/CR DXA/CR000002.dcm,18.41.005,3,5,1,1,1,1,170,143,0.037,235,280,2,0.808836,0.549865
2.25.137675513852774974135210999345676405116/series_001_2_CR/A2504106597 DXA/CR DXA/CR000000.dcm,18.50.082,2,1,1,1,1,2,180,192,0.074,317,300,0,0.342311,0.417229
2.25.13983650679559142983913935144968795415/series_003_2_CR/A2504335111 DXA/CR DXA/CR000000.dcm,18.41.005,2,3,1,1,1,4,520,526,0.148,289,300,0,0.846745,0.464472
2.25.13983650679559142983913935144968795415/series_003_2_CR/A2504335111 DXA/CR DXA/CR000001.dcm,18.41.005,2,8,1,1,1,1,170,175,0.037,289,280,1,0.846745,0.855329
2.25.13983650679559142983913935144968795415/series_003_2_CR/A2504335111 DXA/CR DXA/CR000002.dcm,18.41.005,2,6,1,1,1,1,170,175,0.037,289,280,2,0.846745,0.487891
2.25.13983650679559142983913935144968795415/series_003_2_CR/A2504335111 DXA/CR DXA/CR000003.dcm,18.41.005,2,1,1,1,1,2,180,175,0.074,289,300,3,0.846745,0.974775
2.25.13983650679559142983913935144968795415/series_003_2_CR/A2504335111 DXA/CR DXA/CR000004.dcm,18.41.005,2,4,1,1,1,4,520,526,0.148,289,280,4,0.846745,0.252953
2.25.13983650679559142983913935144968795415/series_003_2_CR/A2504335111 DXA/CR DXA/CR000005.dcm,18.41.005,2,5,1,1,1,4,520,526,0.148,289,280,5,0.846745,0.287551
2.25.144941557565802351596730914409170713112/series_001_2_CR/A250728979 DXA/CR DXA/CR000000.dcm,18.41.005,2,10,1,1,1,4,520,521,0.24,268,280,0,0.311112,0.404192
2.25.144941557565802351596730914409170713112/series_001_2_CR/A250728979 DXA/CR DXA/CR000001.dcm,18.41.005,2,12,1,1,1,1,170,163,0.037,268,280,1,0.311112,0.558226
2.25.144941557565802351596730914409170713112/series_001_2_CR/A250728979 DXA/CR DXA/CR000002.dcm,18.41.005,2,2,1,1,1,2,180,195,0.166,268,280,2,0.311112,0.918584
2.25.144941557565802351596730914409170713112/series_001_2_CR/A250728979 DXA/CR DXA/CR000003.dcm,18.41.005,2,11,1,1,1,4,520,521,0.24,268,280,3,0.311112,0.977827
2.25.144941557565802351596730914409170713112/series_001_2_CR/A250728979 DXA/CR DXA/CR000004.dcm,18.41.005,2,13,1,1,1,1,170,163,0.037,268,280,4,0.311112,0.965906
2.25.144941557565802351596730914409170713112/series_001_2_CR/A250728979 DXA/CR DXA/CR000005.dcm,18.41.005,2,5,1,1,1,1,0,0,,268,280,5,0.311112,0.570048
2.25.144941557565802351596730914409170713112/series_001_2_CR/A250728979 DXA/CR DXA/CR000006.dcm,18.41.005,2,9,1,1,1,4,520,521,0.24,322,300,6,0.311112,0.384484
2.25.144941557565802351596730914409170713112/series_001_2_CR/A250728979 DXA/CR DXA/CR000007.dcm,18.41.005,2,6,1,1,1,1,0,0,,268,280,7,0.311112,0.214472
2.25.144941557565802351596730914409170713112/series_001_2_CR/A250728979 DXA/CR DXA/CR000008.dcm,18.41.005,2,4,1,1,1,2,180,195,0.166,322,300,8,0.311112,0.987179
2.25.144941557565802351596730914409170713112/series_001_2_CR/A250728979 DXA/CR DXA/CR000009.dcm,18.41.005,2,1,1,1,1,2,180,195,0.166,322,300,9,0.311112,0.205283
2.25.144941557565802351596730914409170713112/series_001_2_CR/A250728979 DXA/CR DXA/CR000010.dcm,18.41.005,2,3,1,1,1,2,180,195,0.166,268,280,10,0.311112,0.0459851
2.25.145848300160680194368420189079847088556/series_002_2_CR/A2504248615 DXA Exam/CR DXA Images/CR000000.dcm,18.41.005,2,3,1,1,1,4,520,595,0.148,346,280,0,0.990482,0.473005
2.25.145848300160680194368420189079847088556/series_002_2_CR/A2504248615 DXA Exam/CR DXA Images/CR000001.dcm,18.41.005,2,2,1,1,1,4,520,595,0.148,344,280,1,0.990482,0.687681
2.25.145848300160680194368420189079847088556/series_002_2_CR/A2504248615 DXA Exam/CR DXA Images/CR000002.dcm,18.41.005,2,1,1,1,1,4,520,595,0.148,289,300,2,0.990482,0.654985
2.25.151186844055172005615813066162721550889/series_002_2_CR/A250436130 DXA/CR DXA/CR000000.dcm,18.41.005,2,1,1,1,1,1,180,209,0.037,344,300,0,0.781363,0.235895
2.25.151186844055172005615813066162721550889/series_002_2_CR/A250436130 DXA/CR DXA/CR000001.dcm,18.41.005,2,3,1,1,1,1,180,209,0.037,289,280,1,0.781363,0.245741
2.25.151186844055172005615813066162721550889/series_002_2_CR/A250436130 DXA/CR DXA/CR000002.dcm,18.41.005,2,2,1,1,1,1,180,209,0.037,261,280,2,0.781363,0.225189
2.25.156021661584944120526934974594604520993/series_003_2_CR/A2507142228 DXA/CR DXA/CR000000.dcm,18.41.005,2,12,1,1,1,1,180,191,0.037,315,300,0,0.397235,0.541563
2.25.156021661584944120526934974594604520993/series_003_2_CR/A2507142228 DXA/CR DXA/CR000001.dcm,18.41.005,2,8,1,1,1,2,170,159,0.074,261,280,1,0.397235,0.221659
2.25.156021661584944120526934974594604520993/series_003_2_CR/A2507142228 DXA/CR DXA/CR000002.dcm,18.41.005,2,14,1,1,1,1,180,191,0.037,261,280,2,0.397235,0.0256923
2.25.156021661584944120526934974594604520993/series_003_2_CR/A2507142228 DXA/CR DXA/CR000003.dcm,18.41.005,2,7,1,1,1,1,0,0,,261,280,3,0.397235,0.60772
2.25.156021661584944120526934974594604520993/series_003_2_CR/A2507142228 DXA/CR DXA/CR000004.dcm,18.41.005,2,9,1,1,1,1,170,159,0.037,261,280,4,0.397235,0.823543
2.25.156021661584944120526934974594604520993/series_003_2_CR/A2507142228 DXA/CR DXA/CR000005.dcm,18.41.005,2,5,1,1,1,1,0,0,,261,280,5,0.397235,0.40095
2.25.156021661584944120526934974594604520993/series_003_2_CR/A2507142228 DXA/CR DXA/CR000006.dcm,18.41.005,2,6,1,1,1,1,0,0,,261,280,6,0.397235,0.848056
2.25.156021661584944120526934974594604520993/series_003_2_CR/A2507142228 DXA/CR DXA/CR000007.dcm,18.41.005,2,3,1,1,1,1,180,191,0.037,261,280,7,0.397235,0.10028
2.25.156021661584944120526934974594604520993/series_003_2_CR/A2507142228 DXA/CR DXA/CR000008.dcm,18.41.005,2,4,1,1,1,1,180,191,0.037,315,300,8,0.397235,0.956854
2.25.156021661584944120526934974594604520993/series_003_2_CR/A2507142228 DXA/CR DXA/CR000009.dcm,18.41.005,2,13,1,1,1,1,180,191,0.037,261,280,9,0.397235,0.36903
2.25.156021661584944120526934974594604520993/series_003_2_CR/A2507142228 DXA/CR DXA/CR000010.dcm,18.41.005,2,2,1,1,1,1,180,191,0.037,261,280,10,0.397235,0.787761
2.25.156021661584944120526934974594604520993/series_003_2_CR/A2507142228 DXA/CR DXA/CR000011.dcm,18.41.005,2,1,1,1,1,1,180,191,0.037,315,300,11,0.397235,0.225738
2.25.156375884487675936513403083218009333856/series_003_2_CR/A250727121 DXA/CR DXA/CR000000.dcm,18.41.005,2,3,1,1,1,1,180,192,0.037,291,280,0,0.786033,0.700053
2.25.156375884487675936513403083218009333856/series_003_2_CR/A250727121 DXA/CR DXA/CR000001.dcm,18.41.005,2,4,1,1,1,1,180,192,0.037,317,300,1,0.786033,0.174879
2.25.156375884487675936513403083218009333856/series_003_2_CR/A250727121 DXA/CR DXA/CR000002.dcm,18.41.005,2,6,1,1,1,1,0,0,,291,280,2,0.786033,0.485002
2.25.156375884487675936513403083218009333856/series_003_2_CR/A250727121 DXA/CR DXA/CR000003.dcm,18.41.005,2,9,1,1,1,4,520,545,0.148,317,300,3,0.786033,0.798997
2.25.156375884487675936513403083218009333856/series_003_2_CR/A250727121 DXA/CR DXA/CR000004.dcm,18.41.005,2,2,1,1,1,1,180,192,0.037,291,280,4,0.786033,0.222449
2.25.156375884487675936513403083218009333856/series_003_2_CR/A250727121 DXA/CR DXA/CR000005.dcm,18.41.005,2,12,1,1,1,2,170,177,0.074,291,280,5,0.786033,0.508571
2.25.156375884487675936513403083218009333856/series_003_2_CR/A250727121 DXA/CR DXA/CR000006.dcm,18.41.005,2,7,1,1,1,1,0,0,,291,280,6,0.786033,0.385598
2.25.156375884487675936513403083218009333856/series_003_2_CR/A250727121 DXA/CR DXA/CR000007.dcm,18.41.005,2,11,1,1,1,4,520,545,0.148,291,280,7,0.786033,0.926759
2.25.156375884487675936513403083218009333856/series_003_2_CR/A250727121 DXA/CR DXA/CR000008.dcm,18.41.005,2,5,1,1,1,1,0,0,,291,280,8,0.786033,0.976788
2.25.156375884487675936513403083218009333856/series_003_2_CR/A250727121 DXA/CR DXA/CR000009.dcm,18.41.005,2,1,1,1,1,1,180,192,0.037,317,300,9,0.786033,0.0272144
2.25.156375884487675936513403083218009333856/series_003_2_CR/A250727121 DXA/CR DXA/CR000010.dcm,18.41.005,2,10,1,1,1,4,520,545,0.148,291,280,10,0.786033,0.304084
2.25.156389075510671877606923458507011517218/series_001_2_CR/A2507389755 DXA/CR DXA/CR000000.dcm,18.50.082,2,5,1,1,1,3,520,531,0.111,292,280,0,0.288926,0.487941
2.25.156389075510671877606923458507011517218/series_001_2_CR/A2507389755 DXA/CR DXA/CR000001.dcm,18.50.082,2,4,1,1,1,3,520,531,0.111,292,280,1,0.288926,0.642282
2.25.156389075510671877606923458507011517218/series_001_2_CR/A2507389755 DXA/CR DXA/CR000002.dcm,18.50.082,2,3,1,1,1,3,520,531,0.111,289,300,2,0.288926,0.942997
2.25.156389075510671877606923458507011517218/series_001_2_CR/A2507389755 DXA/CR DXA/CR000003.dcm,18.50.082,2,1,1,1,1,1,180,175,0.037,289,300,3,0.288926,0.168796
2.25.156389075510671877606923458507011517218/series_001_2_CR/A2507389755 DXA/CR DXA/CR000004.dcm,18.50.082,2,6,1,1,1,1,170,178,0.037,292,280,4,0.288926,0.145832
2.25.156389075510671877606923458507011517218/series_001_2_CR/A2507389755 DXA/CR DXA/CR000005.dcm,18.50.082,2,8,1,1,1,1,170,178,0.037,292,280,5,0.288926,0.970535
2.25.157462338378550185821790046400986801350/series_001_2_CR/A2507498707 DXA/CR DXA/CR000000.dcm,18.50.082,2,1,1,1,1,2,180,175,0.074,289,300,0,0.172219,0.479176
2.25.157462338378550185821790046400986801350/series_001_2_CR/A2507498707 DXA/CR DXA/CR000001.dcm,18.50.082,2,5,1,1,1,4,520,461,0.148,235,280,1,0.172219,0.476982
2.25.157462338378550185821790046400986801350/series_001_2_CR/A2507498707 DXA/CR DXA/CR000002.dcm,18.50.082,2,3,1,1,1,4,520,461,0.148,289,300,2,0.172219,0.630559
2.25.157462338378550185821790046400986801350/series_001_2_CR/A2507498707 DXA/CR DXA/CR000003.dcm,18.50.082,2,6,1,1,1,1,170,143,0.037,235,280,3,0.172219,0.071056
2.25.157462338378550185821790046400986801350/series_001_2_CR/A2507498707 DXA/CR DXA/CR000004.dcm,18.50.082,2,8,1,1,1,1,170,143,0.037,235,280,4,0.172219,0.0633059
2.25.157462338378550185821790046400986801350/series_001_2_CR/A2507498707 DXA/CR DXA/CR000005.dcm,18.50.082,2,4,1,1,1,4,520,461,0.148,235,280,5,0.172219,0.00742336
2.25.158197739569377798130962967413133224194/series_002_2_CR/A2504245497 DXA/CR DXA/CR000000.dcm,18.50.082,2,1,1,1,1,2,180,177,0.074,291,300,0,0.292123,0.0505117
2.25.158646777318759504110695916200521633609/series_003_6_CR/A2507266260 DXA/CR DXA/CR000000.dcm,18.41.005,6,15,1,1,1,6,520,526,0.222,291,280,0,0.614868,0.370854
2.25.158646777318759504110695916200521633609/series_003_6_CR/A2507266260 DXA/CR DXA/CR000001.dcm,18.41.005,6,13,1,1,1,6,520,526,0.222,287,300,1,0.614868,0.417515
2.25.158646777318759504110695916200521633609/series_003_6_CR/A2507266260 DXA/CR DXA/CR000002.dcm,18.41.005,6,11,1,1,1,2,180,174,0.074,287,300,2,0.614868,0.790381
2.25.158646777318759504110695916200521633609/series_003_6_CR/A2507266260 DXA/CR DXA/CR000003.dcm,18.41.005,6,14,1,1,1,6,520,526,0.222,289,280,3,0.614868,0.857196
2.25.158646777318759504110695916200521633609/series_003_6_CR/A2507266260 DXA/CR DXA/CR000004.dcm,18.41.005,6,16,1,1,1,2,170,175,0.074,289,280,4,0.614868,0.940456
2.25.158646777318759504110695916200521633609/series_003_6_CR/A2507266260 DXA/CR DXA/CR000005.dcm,18.41.005,6,8,1,1,1,2,170,177,0.074,291,280,5,0.614868,0.0922164
2.25.158646777318759504110695916200521633609/series_003_6_CR/A2507266260 DXA/CR DXA/CR000006.dcm,18.41.005,6,5,1,1,1,6,520,526,0.222,291,280,6,0.614868,0.827891
2.25.158646777318759504110695916200521633609/series_003_6_CR/A2507266260 DXA/CR DXA/CR000007.dcm,18.41.005,6,6,1,1,1,2,170,175,0.074,289,280,7,0.614868,0.158162
2.25.158646777318759504110695916200521633609/series_003_6_CR/A2507266260 DXA/CR DXA/CR000008.dcm,18.41.005,6,1,1,1,1,2,180,174,0.074,287,300,8,0.614868,0.465732
2.25.158646777318759504110695916200521633609/series_003_6_CR/A2507266260 DXA/CR DXA/CR000009.dcm,18.41.005,6,3,1,1,1,6,520,526,0.222,287,300,9,0.614868,0.569126
2.25.158646777318759504110695916200521633609/series_003_6_CR/A2507266260 DXA/CR DXA/CR000010.dcm,18.41.005,6,4,1,1,1,6,520,526,0.222,289,280,10,0.614868,0.879421
2.25.158646777318759504110695916200521633609/series_004_2_CR/A2507266260 DXA/CR DXA/CR000000.dcm,18.41.005,2,3,1,1,1,6,520,526,0.222,287,300,0,0.614868,0.0496987
2.25.158646777318759504110695916200521633609/series_004_2_CR/A2507266260 DXA/CR DXA/CR000001.dcm,18.41.005,2,15,1,1,1,6,520,526,0.222,291,280,1,0.614868,0.884685
2.25.158646777318759504110695916200521633609/series_004_2_CR/A2507266260 DXA/CR DXA/CR000002.dcm,18.41.005,2,13,1,1,1,6,520,526,0.222,287,300,2,0.614868,0.345653
2.25.158646777318759504110695916200521633609/series_004_2_CR/A2507266260 DXA/CR DXA/CR000003.dcm,18.41.005,2,4,1,1,1,6,520,526,0.222,289,280,3,0.614868,0.273292
2.25.158646777318759504110695916200521633609/series_004_2_CR/A2507266260 DXA/CR DXA/CR000004.dcm,18.41.005,2,5,1,1,1,6,520,526,0.222,291,280,4,0.614868,0.365506
2.25.158646777318759504110695916200521633609/series_004_2_CR/A2507266260 DXA/CR DXA/CR000005.dcm,18.41.005,2,21,1,1,1,2,180,174,0.074,287,300,5,0.614868,0.261193
2.25.158646777318759504110695916200521633609/series_004_2_CR/A2507266260 DXA/CR DXA/CR000006.dcm,18.41.005,2,16,1,1,1,2,170,175,0.074,289,280,6,0.614868,0.0626821
2.25.158646777318759504110695916200521633609/series_004_2_CR/A2507266260 DXA/CR DXA/CR000007.dcm,18.41.005,2,28,1,1,1,2,170,177,0.074,291,280,7,0.614868,0.46367
2.25.158646777318759504110695916200521633609/series_004_2_CR/A2507266260 DXA/CR DXA/CR000008.dcm,18.41.005,2,1,1,1,1,2,180,174,0.074,287,300,8,0.614868,0.518227
2.25.158646777318759504110695916200521633609/series_004_2_CR/A2507266260 DXA/CR DXA/CR000009.dcm,18.41.005,2,26,1,1,1,2,170,175,0.074,289,280,9,0.614868,0.268959
2.25.158646777318759504110695916200521633609/series_004_2_CR/A2507266260 DXA/CR DXA/CR000010.dcm,18.41.005,2,8,1,1,1,2,170,177,0.074,291,280,10,0.614868,0.16287
2.25.158646777318759504110695916200521633609/series_004_2_CR/A2507266260 DXA/CR DXA/CR000011.dcm,18.41.005,2,24,1,1,1,6,520,526,0.222,289,280,11,0.614868,0.309019
2.25.158646777318759504110695916200521633609/series_004_2_CR/A2507266260 DXA/CR DXA/CR000012.dcm,18.41.005,2,11,1,1,1,2,180,174,0.074,287,300,12,0.614868,0.0829254
2.25.158646777318759504110695916200521633609/series_004_2_CR/A2507266260 DXA/CR DXA/CR000013.dcm,18.41.005,2,23,1,1,1,6,520,526,0.222,287,300,13,0.614868,0.536379
2.25.158646777318759504110695916200521633609/series_004_2_CR/A2507266260 DXA/CR DXA/CR000014.dcm,18.41.005,2,6,1,1,1,2,170,175,0.074,289,280,14,0.614868,0.846102
2.25.158646777318759504110695916200521633609/series_004_2_CR/A2507266260 DXA/CR DXA/CR000015.dcm,18.41.005,2,14,1,1,1,6,520,526,0.222,289,280,15,0.614868,0.826315
2.25.158646777318759504110695916200521633609/series_004_2_CR/A2507266260 DXA/CR DXA/CR000016.dcm,18.41.005,2,25,1,1,1,6,520,526,0.222,291,280,16,0.614868,0.111677
2.25.158646777318759504110695916200521633609/series_004_2_CR/A2507266260 DXA/CR DXA/CR000017.dcm,18.41.005,2,18,1,1,1,2,170,177,0.074,291,280,17,0.614868,0.508236
2.25.159930383074323525630608416881201447861/series_002_2_CR/A2507139428 DXA/CR DXA/CR000000.dcm,18.41.005,2,1,1,1,1,1,180,175,0.037,289,300,0,0.932638,0.0569989
2.25.164566280810634620154538016595892212884/series_001_2_CR/A2504291878 DXA Exam/CR DXA Images/CR000000.dcm,18.41.005,2,3,1,1,1,4,520,595,0.148,346,280,0,0.711494,0.511332
2.25.164566280810634620154538016595892212884/series_001_2_CR/A2504291878 DXA Exam/CR DXA Images/CR000001.dcm,18.41.005,2,1,1,1,1,4,520,595,0.148,287,300,1,0.711494,0.818405
2.25.164566280810634620154538016595892212884/series_001_2_CR/A2504291878 DXA Exam/CR DXA Images/CR000002.dcm,18.41.005,2,2,1,1,1,4,520,595,0.148,346,280,2,0.711494,0.239016
2.25.165091430504580219034019815337441064349/series_001_2_CR/A2504415443 DXA/CR DXA/CR000000.dcm,18.41.005,2,5,1,1,1,1,170,143,0.037,235,280,0,0.639414,0.435845
2.25.165091430504580219034019815337441064349/series_001_2_CR/A2504415443 DXA/CR DXA/CR000001.dcm,18.41.005,2,9,1,1,1,2,180,174,0.074,261,280,1,0.639414,0.163658
2.25.165091430504580219034019815337441064349/series_001_2_CR/A2504415443 DXA/CR DXA/CR000002.dcm,18.41.005,2,1,1,1,1,2,180,174,0.074,287,300,2,0.639414,0.874736
2.25.165091430504580219034019815337441064349/series_001_2_CR/A2504415443 DXA/CR DXA/CR000003.dcm,18.41.005,2,7,1,1,1,2,180,174,0.074,287,300,3,0.639414,0.786458
2.25.165091430504580219034019815337441064349/series_001_2_CR/A2504415443 DXA/CR DXA/CR000004.dcm,18.41.005,2,8,1,1,1,2,180,174,0.074,235,280,4,0.639414,0.396234
2.25.165091430504580219034019815337441064349/series_001_2_CR/A2504415443 DXA/CR DXA/CR000005.dcm,18.41.005,2,3,1,1,1,1,170,159,0.037,261,280,5,0.639414,0.0914821
2.25.165355673991587715046346525964554729786/series_003_3_CR/A2506448267 DXA/CR DXA/CR000000.dcm,18.41.005,3,3,1,1,1,2,170,159,0.074,261,280,0,0.0819117,0.112781
2.25.165355673991587715046346525964554729786/series_003_3_CR/A2506448267 DXA/CR DXA/CR000001.dcm,18.41.005,3,1,1,1,1,2,180,192,0.074,317,300,1,0.0819117,0.291625
2.25.167344201679287285499405412654740659745/series_003_2_CR/A2504249537 DXA/CR DXA/CR000000.dcm,18.50.082,2,5,1,1,1,1,170,161,0.037,265,280,0,0.856255,0.667989
2.25.167344201679287285499405412654740659745/series_003_2_CR/A2504249537 DXA/CR DXA/CR000001.dcm,18.50.082,2,4,1,1,1,1,170,160,0.037,263,280,1,0.856255,0.775511
2.25.167344201679287285499405412654740659745/series_003_2_CR/A2504249537 DXA/CR DXA/CR000002.dcm,18.50.082,2,1,1,1,1,1,180,178,0.037,292,300,2,0.856255,0.34487
2.25.167344201679287285499405412654740659745/series_003_2_CR/A2504249537 DXA/CR DXA/CR000003.dcm,18.50.082,2,8,1,1,1,1,180,178,0.037,263,280,3,0.856255,0.507799
2.25.167344201679287285499405412654740659745/series_003_2_CR/A2504249537 DXA/CR DXA/CR000004.dcm,18.50.082,2,6,1,1,1,1,180,178,0.037,292,300,4,0.856255,0.0456147
2.25.167344201679287285499405412654740659745/series_003_2_CR/A2504249537 DXA/CR DXA/CR000005.dcm,18.50.082,2,7,1,1,1,1,180,178,0.037,265,280,5,0.856255,0.952177
2.25.16773626720107440979805052259711419763/series_004_2_CR/A2507537392 DXA/CR DXA/CR000000.dcm,18.41.005,2,16,1,1,1,2,181,175,0.049,289,300,0,0.510156,0.30268
2.25.16773626720107440979805052259711419763/series_004_2_CR/A2507537392 DXA/CR DXA/CR000001.dcm,18.41.005,2,9,1,1,1,1,0,0,,261,280,1,0.510156,0.0735151
2.25.16773626720107440979805052259711419763/series_004_2_CR/A2507537392 DXA/CR DXA/CR000002.dcm,18.41.005,2,4,1,1,1,2,181,175,0.049,261,280,2,0.510156,0.100654
2.25.16773626720107440979805052259711419763/series_004_2_CR/A2507537392 DXA/CR DXA/CR000003.dcm,18.41.005,2,3,1,1,1,2,181,175,0.049,289,300,3,0.510156,0.00498543
2.25.16773626720107440979805052259711419763/series_004_2_CR/A2507537392 DXA/CR DXA/CR000004.dcm,18.41.005,2,18,1,1,1,2,181,175,0.049,261,280,4,0.510156,0.766788
2.25.16773626720107440979805052259711419763/series_004_2_CR/A2507537392 DXA/CR DXA/CR000005.dcm,18.41.005,2,17,1,1,1,2,181,175,0.049,261,280,5,0.510156,0.802769
2.25.16773626720107440979805052259711419763/series_004_2_CR/A2507537392 DXA/CR DXA/CR000006.dcm,18.41.005,2,6,1,1,1,1,0,0,,261,280,6,0.510156,0.889309
2.25.16773626720107440979805052259711419763/series_004_2_CR/A2507537392 DXA/CR DXA/CR000007.dcm,18.41.005,2,7,1,1,1,1,0,0,,261,280,7,0.510156,0.148675
2.25.16773626720107440979805052259711419763/series_004_2_CR/A2507537392 DXA/CR DXA/CR000008.dcm,18.41.005,2,5,1,1,1,2,181,175,0.049,261,280,8,0.510156,0.601549
2.25.16773626720107440979805052259711419763/series_004_2_CR/A2507537392 DXA/CR DXA/CR000009.dcm,18.41.005,2,10,1,1,1,1,170,159,0.037,261,280,9,0.510156,0.236318
2.25.16773626720107440979805052259711419763/series_004_2_CR/A2507537392 DXA/CR DXA/CR000010.dcm,18.41.005,2,12,1,1,1,1,170,159,0.037,261,280,10,0.510156,0.67404
2.25.16773626720107440979805052259711419763/series_004_2_CR/A2507537392 DXA/CR DXA/CR000011.dcm,18.41.005,2,1,1,1,1,2,181,175,0.049,289,300,11,0.510156,0.434628
2.25.168317503020329569414190677927680518621/series_004_2_CR/A2507557128 DXA/CR DXA/CR000000.dcm,18.41.005,2,18,1,1,1,2,181,158,0.049,261,280,0,0.63884,0.424478
2.25.168317503020329569414190677927680518621/series_004_2_CR/A2507557128 DXA/CR DXA/CR000001.dcm,18.41.005,2,7,1,1,1,1,0,0,,261,280,1,0.63884,0.643955
2.25.168317503020329569414190677927680518621/series_004_2_CR/A2507557128 DXA/CR DXA/CR000002.dcm,18.41.005,2,9,1,1,1,1,0,0,,261,280,2,0.63884,0.800555
2.25.168317503020329569414190677927680518621/series_004_2_CR/A2507557128 DXA/CR DXA/CR000003.dcm,18.41.005,2,3,1,1,1,2,181,158,0.049,259,300,3,0.63884,0.870576
2.25.168317503020329569414190677927680518621/series_004_2_CR/A2507557128 DXA/CR DXA/CR000004.dcm,18.41.005,2,17,1,1,1,2,181,158,0.049,289,280,4,0.63884,0.489129
2.25.168317503020329569414190677927680518621/series_004_2_CR/A2507557128 DXA/CR DXA/CR000005.dcm,18.41.005,2,10,1,1,1,1,170,159,0.037,261,280,5,0.63884,0.220184
2.25.168317503020329569414190677927680518621/series_004_2_CR/A2507557128 DXA/CR DXA/CR000006.dcm,18.41.005,2,1,1,1,1,2,181,158,0.049,259,300,6,0.63884,0.13505
2.25.168317503020329569414190677927680518621/series_004_2_CR/A2507557128 DXA/CR DXA/CR000007.dcm,18.41.005,2,6,1,1,1,1,0,0,,289,280,7,0.63884,0.955232
2.25.168317503020329569414190677927680518621/series_004_2_CR/A2507557128 DXA/CR DXA/CR000008.dcm,18.41.005,2,4,1,1,1,2,181,158,0.049,289,280,8,0.63884,0.11147
2.25.168317503020329569414190677927680518621/series_004_2_CR/A2507557128 DXA/CR DXA/CR000009.dcm,18.41.005,2,16,1,1,1,2,181,158,0.049,259,300,9,0.63884,0.374711
2.25.168317503020329569414190677927680518621/series_004_2_CR/A2507557128 DXA/CR DXA/CR000010.dcm,18.41.005,2,5,1,1,1,2,181,158,0.049,261,280,10,0.63884,0.433324
2.25.168317503020329569414190677927680518621/series_004_2_CR/A2507557128 DXA/CR DXA/CR000011.dcm,18.41.005,2,12,1,1,1,2,170,175,0.074,289,280,11,0.63884,0.185097
2.25.169242707068684757906797344800977707240/series_003_2_CR/A2507185832 DXA/CR DXA/CR000000.dcm,18.41.005,2,1,1,1,1,2,181,173,0.049,285,300,0,0.451445,0.50274
2.25.172445998420765569384934552191547932566/series_004_2_CR/A2507368766 DXA/CR DXA/CR000000.dcm,18.41.005,2,1,1,1,1,2,180,191,0.074,315,300,0,0.27874,0.853629
2.25.172445998420765569384934552191547932566/series_004_2_CR/A2507368766 DXA/CR DXA/CR000001.dcm,18.41.005,2,5,1,1,1,2,170,177,0.074,291,280,1,0.27874,0.672243
2.25.172445998420765569384934552191547932566/series_004_2_CR/A2507368766 DXA/CR DXA/CR000002.dcm,18.41.005,2,3,1,1,1,2,170,192,0.074,317,280,2,0.27874,0.546939
2.25.173731186748227489808861376513577450951/series_002_2_CR/A2507188958 DXA/CR DXA/CR000000.dcm,18.41.005,2,1,1,1,1,2,181,175,0.095,289,300,0,0.371459,0.245681
2.25.173731186748227489808861376513577450951/series_002_2_CR/A2507188958 DXA/CR DXA/CR000001.dcm,18.41.005,2,3,1,1,1,1,170,160,0.037,263,280,1,0.371459,0.497073
2.25.173753313169335820519632380691065649420/series_003_2_CR/A2504265499 DXA/CR DXA/CR000000.dcm,18.41.005,2,5,1,1,1,1,0,0,,207,280,0,0.172747,0.61575
2.25.173753313169335820519632380691065649420/series_003_2_CR/A2504265499 DXA/CR DXA/CR000001.dcm,18.41.005,2,11,1,1,1,4,520,463,0.194,207,280,1,0.172747,0.164671
2.25.173753313169335820519632380691065649420/series_003_2_CR/A2504265499 DXA/CR DXA/CR000002.dcm,18.41.005,2,9,1,1,1,4,520,463,0.194,318,300,2,0.172747,0.220944
2.25.173753313169335820519632380691065649420/series_003_2_CR/A2504265499 DXA/CR DXA/CR000003.dcm,18.41.005,2,3,1,1,1,1,180,193,0.083,237,280,3,0.172747,0.330378
2.25.173753313169335820519632380691065649420/series_003_2_CR/A2504265499 DXA/CR DXA/CR000004.dcm,18.41.005,2,13,1,1,1,2,170,126,0.074,207,280,4,0.172747,0.568388
2.25.173753313169335820519632380691065649420/series_003_2_CR/A2504265499 DXA/CR DXA/CR000005.dcm,18.41.005,2,1,1,1,1,1,180,193,0.083,318,300,5,0.172747,0.079147
2.25.173753313169335820519632380691065649420/series_003_2_CR/A2504265499 DXA/CR DXA/CR000006.dcm,18.41.005,2,2,1,1,1,1,180,193,0.083,207,280,6,0.172747,0.598068
2.25.173753313169335820519632380691065649420/series_003_2_CR/A2504265499 DXA/CR DXA/CR000007.dcm,18.41.005,2,10,1,1,1,4,520,463,0.194,237,280,7,0.172747,0.570348
2.25.173753313169335820519632380691065649420/series_003_2_CR/A2504265499 DXA/CR DXA/CR000008.dcm,18.41.005,2,4,1,1,1,1,180,193,0.083,318,300,8,0.172747,0.603124
2.25.173753313169335820519632380691065649420/series_003_2_CR/A2504265499 DXA/CR DXA/CR000009.dcm,18.41.005,2,12,1,1,1,1,170,144,0.037,237,280,9,0.172747,0.0830901
2.25.173753313169335820519632380691065649420/series_003_2_CR/A2504265499 DXA/CR DXA/CR000010.dcm,18.41.005,2,6,1,1,1,1,0,0,,237,280,10,0.172747,0.938992
2.25.175881661753775295785039265792986971602/series_003_2_CR/A2507266462 DXA/CR DXA/CR000000.dcm,18.41.005,2,1,1,1,1,1,0,0,,235,280,0,0.29837,0.703241
2.25.175881661753775295785039265792986971602/series_003_2_CR/A2507266462 DXA/CR DXA/CR000001.dcm,18.41.005,2,2,1,1,1,4,520,476,0.148,315,300,1,0.29837,0.0612322
2.25.175881661753775295785039265792986971602/series_003_2_CR/A2507266462 DXA/CR DXA/CR000002.dcm,18.41.005,2,3,1,1,1,4,520,476,0.148,233,280,2,0.29837,0.0780873
2.25.175881661753775295785039265792986971602/series_003_2_CR/A2507266462 DXA/CR DXA/CR000003.dcm,18.41.005,2,4,1,1,1,4,520,476,0.148,235,280,3,0.29837,0.241166
2.25.175903805423871105435148927871625232853/series_001_2_CR/A2507159447 DXA/CR DXA/CR000000.dcm,18.41.005,2,1,1,1,1,2,180,191,0.074,315,300,0,0.737356,0.744705
2.25.175903805423871105435148927871625232853/series_001_2_CR/A2507159447 DXA/CR DXA/CR000001.dcm,18.41.005,2,5,1,1,1,1,170,175,0.037,289,280,1,0.737356,0.899759
2.25.175903805423871105435148927871625232853/series_001_2_CR/A2507159447 DXA/CR DXA/CR000002.dcm,18.41.005,2,3,1,1,1,1,170,175,0.037,289,280,2,0.737356,0.480428
2.25.17706555930735581384953296958427669848/series_004_3_CR/A2504146513 DXA/CR DXA/CR000000.dcm,18.41.005,3,3,1,1,1,2,170,159,0.074,261,280,0,0.497183,0.902097
2.25.17706555930735581384953296958427669848/series_004_3_CR/A2504146513 DXA/CR DXA/CR000001.dcm,18.41.005,3,1,1,1,1,2,180,174,0.074,287,300,1,0.497183,0.579687
2.25.17706555930735581384953296958427669848/series_004_3_CR/A2504146513 DXA/CR DXA/CR000002.dcm,18.41.005,3,7,1,1,1,2,180,174,0.074,287,300,2,0.497183,0.364033
2.25.17706555930735581384953296958427669848/series_004_3_CR/A2504146513 DXA/CR DXA/CR000003.dcm,18.41.005,3,8,1,1,1,2,180,174,0.074,261,280,3,0.497183,0.264416
2.25.17706555930735581384953296958427669848/series_004_3_CR/A2504146513 DXA/CR DXA/CR000004.dcm,18.41.005,3,5,1,1,1,1,170,159,0.037,261,280,4,0.497183,0.16983
2.25.17706555930735581384953296958427669848/series_004_3_CR/A2504146513 DXA/CR DXA/CR000005.dcm,18.41.005,3,9,1,1,1,2,180,174,0.074,261,280,5,0.497183,0.390667
2.25.177745077805190810016231350557005569203/series_002_2_CR/A2504273759 DXA/CR DXA/CR000000.dcm,18.41.005,2,3,1,1,1,2,170,142,0.074,233,280,0,0.321377,0.53481
2.25.177745077805190810016231350557005569203/series_002_2_CR/A2504273759 DXA/CR DXA/CR000001.dcm,18.41.005,2,7,1,1,1,1,180,193,0.037,318,300,1,0.321377,0.589763
2.25.177745077805190810016231350557005569203/series_002_2_CR/A2504273759 DXA/CR DXA/CR000002.dcm,18.41.005,2,1,1,1,1,1,180,193,0.037,318,300,2,0.321377,0.604945
2.25.177745077805190810016231350557005569203/series_002_2_CR/A2504273759 DXA/CR DXA/CR000003.dcm,18.41.005,2,9,1,1,1,1,180,193,0.037,233,280,3,0.321377,0.543351
2.25.177745077805190810016231350557005569203/series_002_2_CR/A2504273759 DXA/CR DXA/CR000004.dcm,18.41.005,2,8,1,1,1,1,180,193,0.037,233,280,4,0.321377,0.102953
2.25.177745077805190810016231350557005569203/series_002_2_CR/A2504273759 DXA/CR DXA/CR000005.dcm,18.41.005,2,5,1,1,1,2,170,142,0.074,233,280,5,0.321377,0.747744
2.25.178533355209696795441380751187185128893/series_003_2_CR/A2507155452 DXA/CR DXA/CR000000.dcm,18.41.005,2,1,1,1,1,2,180,192,0.074,317,300,0,0.47869,0.0956823
2.25.181196659018348153828200695057897449628/series_004_2_CR/A2507370620 DXA/CR DXA/CR000000.dcm,18.41.005,2,9,1,1,1,2,170,177,0.074,291,280,0,0.968034,0.357375
2.25.181196659018348153828200695057897449628/series_004_2_CR/A2507370620 DXA/CR DXA/CR000001.dcm,18.41.005,2,10,1,1,1,2,170,161,0.074,265,280,1,0.968034,0.964304
2.25.181196659018348153828200695057897449628/series_004_2_CR/A2507370620 DXA/CR DXA/CR000002.dcm,18.41.005,2,13,1,1,1,1,180,192,0.083,317,300,2,0.968034,0.526657
2.25.181196659018348153828200695057897449628/series_004_2_CR/A2507370620 DXA/CR DXA/CR000003.dcm,18.41.005,2,1,1,1,1,1,180,192,0.083,317,300,3,0.968034,0.91959
2.25.181196659018348153828200695057897449628/series_004_2_CR/A2507370620 DXA/CR DXA/CR000004.dcm,18.41.005,2,2,1,1,1,1,180,192,0.083,265,280,4,0.968034,0.0875568
2.25.181196659018348153828200695057897449628/series_004_2_CR/A2507370620 DXA/CR DXA/CR000005.dcm,18.41.005,2,7,1,1,1,1,0,0,,265,280,5,0.968034,0.343583
2.25.181196659018348153828200695057897449628/series_004_2_CR/A2507370620 DXA/CR DXA/CR000006.dcm,18.41.005,2,3,1,1,1,1,180,192,0.083,291,280,6,0.968034,0.672133
2.25.181196659018348153828200695057897449628/series_004_2_CR/A2507370620 DXA/CR DXA/CR000007.dcm,18.41.005,2,8,1,1,1,1,0,0,,291,280,7,0.968034,0.343461
2.25.181196659018348153828200695057897449628/series_004_2_CR/A2507370620 DXA/CR DXA/CR000008.dcm,18.41.005,2,15,1,1,1,1,180,192,0.083,291,280,8,0.968034,0.899879
2.25.181196659018348153828200695057897449628/series_004_2_CR/A2507370620 DXA/CR DXA/CR000009.dcm,18.41.005,2,14,1,1,1,1,180,192,0.083,265,280,9,0.968034,0.353616
2.25.181196659018348153828200695057897449628/series_004_2_CR/A2507370620 DXA/CR DXA/CR000010.dcm,18.41.005,2,6,1,1,1,1,0,0,,291,280,10,0.968034,0.644076
2.25.181196659018348153828200695057897449628/series_004_2_CR/A2507370620 DXA/CR DXA/CR000011.dcm,18.41.005,2,4,1,1,1,1,180,192,0.083,317,300,11,0.968034,0.0439846
2.25.181196659018348153828200695057897449628/series_004_2_CR/A2507370620 DXA/CR DXA/CR000012.dcm,18.41.005,2,5,1,1,1,1,0,0,,265,280,12,0.968034,0.670665
2.25.184198356665635336833172191504278054074/series_004_2_CR/A250788286 DXA/CR DXA/CR000000.dcm,18.41.005,2,1,1,1,1,1,180,177,0.083,291,300,0,0.901036,0.588313
2.25.184198356665635336833172191504278054074/series_004_2_CR/A250788286 DXA/CR DXA/CR000001.dcm,18.41.005,2,3,1,1,1,1,170,194,0.037,320,280,1,0.901036,0.466992
2.25.184198356665635336833172191504278054074/series_004_2_CR/A250788286 DXA/CR DXA/CR000002.dcm,18.41.005,2,5,1,1,1,1,170,193,0.037,318,280,2,0.901036,0.718867
2.25.186201010600484120326273381077449377115/series_004_2_CR/A250777475 DXA/CR DXA/CR000000.dcm,18.41.005,2,6,1,1,1,1,0,0,,261,280,0,0.948414,0.00100206
2.25.186201010600484120326273381077449377115/series_004_2_CR/A250777475 DXA/CR DXA/CR000001.dcm,18.41.005,2,10,1,1,1,4,520,509,0.148,261,280,1,0.948414,0.346828
2.25.186201010600484120326273381077449377115/series_004_2_CR/A250777475 DXA/CR DXA/CR000002.dcm,18.41.005,2,11,1,1,1,4,520,509,0.148,261,280,2,0.948414,0.576155
2.25.186201010600484120326273381077449377115/series_004_2_CR/A250777475 DXA/CR DXA/CR000003.dcm,18.41.005,2,13,1,1,1,1,170,159,0.037,261,280,3,0.948414,0.448154
2.25.186201010600484120326273381077449377115/series_004_2_CR/A250777475 DXA/CR DXA/CR000004.dcm,18.41.005,2,12,1,1,1,2,170,159,0.074,261,280,4,0.948414,0.67429
2.25.186201010600484120326273381077449377115/series_004_2_CR/A250777475 DXA/CR DXA/CR000005.dcm,18.41.005,2,5,1,1,1,1,0,0,,261,280,5,0.948414,0.767474
2.25.186201010600484120326273381077449377115/series_004_2_CR/A250777475 DXA/CR DXA/CR000006.dcm,18.41.005,2,2,1,1,1,1,180,191,0.037,261,280,6,0.948414,0.428601
2.25.186201010600484120326273381077449377115/series_004_2_CR/A250777475 DXA/CR DXA/CR000007.dcm,18.41.005,2,9,1,1,1,4,520,509,0.148,315,300,7,0.948414,0.760005
2.25.186201010600484120326273381077449377115/series_004_2_CR/A250777475 DXA/CR DXA/CR000008.dcm,18.41.005,2,7,1,1,1,1,0,0,,261,280,8,0.948414,0.475166
2.25.186201010600484120326273381077449377115/series_004_2_CR/A250777475 DXA/CR DXA/CR000009.dcm,18.41.005,2,3,1,1,1,1,180,191,0.037,261,280,9,0.948414,0.206706
2.25.186201010600484120326273381077449377115/series_004_2_CR/A250777475 DXA/CR DXA/CR000010.dcm,18.41.005,2,4,1,1,1,1,180,191,0.037,315,300,10,0.948414,0.0493893
2.25.186201010600484120326273381077449377115/series_004_2_CR/A250777475 DXA/CR DXA/CR000011.dcm,18.41.005,2,1,1,1,1,1,180,191,0.037,315,300,11,0.948414,0.0365973
2.25.190331309633057244929837507901317950031/series_001_2_CR/A250791815 DXA/CR DXA/CR000000.dcm,18.41.005,2,3,1,1,1,2,180,193,0.074,235,280,0,0.559622,0.206355
2.25.190331309633057244929837507901317950031/series_001_2_CR/A250791815 DXA/CR DXA/CR000001.dcm,18.41.005,2,6,1,1,1,1,0,0,,235,280,1,0.559622,0.785657
2.25.190331309633057244929837507901317950031/series_001_2_CR/A250791815 DXA/CR DXA/CR000002.dcm,18.41.005,2,10,1,1,1,5,520,479,0.185,235,280,2,0.559622,0.3573
2.25.190331309633057244929837507901317950031/series_001_2_CR/A250791815 DXA/CR DXA/CR000003.dcm,18.41.005,2,1,1,1,1,2,180,193,0.074,318,300,3,0.559622,0.886605
2.25.190331309633057244929837507901317950031/series_001_2_CR/A250791815 DXA/CR DXA/CR000004.dcm,18.41.005,2,5,1,1,1,1,0,0,,235,280,4,0.559622,0.314908
2.25.190331309633057244929837507901317950031/series_001_2_CR/A250791815 DXA/CR DXA/CR000005.dcm,18.41.005,2,9,1,1,1,5,520,479,0.185,318,300,5,0.559622,0.239188
2.25.190331309633057244929837507901317950031/series_001_2_CR/A250791815 DXA/CR DXA/CR000006.dcm,18.41.005,2,13,1,1,1,1,170,143,0.037,235,280,6,0.559622,0.348749
2.25.190331309633057244929837507901317950031/series_001_2_CR/A250791815 DXA/CR DXA/CR000007.dcm,18.41.005,2,2,1,1,1,2,180,193,0.074,235,280,7,0.559622,0.287175
2.25.190331309633057244929837507901317950031/series_001_2_CR/A250791815 DXA/CR DXA/CR000008.dcm,18.41.005,2,4,1,1,1,2,180,193,0.074,318,300,8,0.559622,0.766067
2.25.190331309633057244929837507901317950031/series_001_2_CR/A250791815 DXA/CR DXA/CR000009.dcm,18.41.005,2,12,1,1,1,2,170,143,0.074,235,280,9,0.559622,0.977564
2.25.190331309633057244929837507901317950031/series_001_2_CR/A250791815 DXA/CR DXA/CR000010.dcm,18.41.005,2,11,1,1,1,5,520,479,0.185,235,280,10,0.559622,0.128802
2.25.190807933410234695931591553323782771995/series_002_3_CR/A250762254 DXA/CR DXA/CR000000.dcm,18.41.005,3,1,1,1,1,2,180,192,0.074,317,300,0,0.873428,0.44883
2.25.190807933410234695931591553323782771995/series_002_3_CR/A250762254 DXA/CR DXA/CR000001.dcm,18.41.005,3,3,1,1,1,1,170,178,0.037,292,280,1,0.873428,0.0883547
2.25.215177279960644564778148238928738915103/series_002_2_CR/A2504147013 DXA/CR DXA/CR000000.dcm,18.50.082,2,4,1,1,1,3,520,548,0.157,320,280,0,0.634043,0.847419
2.25.215177279960644564778148238928738915103/series_002_2_CR/A2504147013 DXA/CR DXA/CR000001.dcm,18.50.082,2,3,1,1,1,3,520,548,0.157,291,300,1,0.634043,0.280004
2.25.215177279960644564778148238928738915103/series_002_2_CR/A2504147013 DXA/CR DXA/CR000002.dcm,18.50.082,2,5,1,1,1,3,520,548,0.157,292,280,2,0.634043,0.831014
2.25.215177279960644564778148238928738915103/series_002_2_CR/A2504147013 DXA/CR DXA/CR000003.dcm,18.50.082,2,6,1,1,1,1,170,194,0.037,320,280,3,0.634043,0.0059511
2.25.215177279960644564778148238928738915103/series_002_2_CR/A2504147013 DXA/CR DXA/CR000004.dcm,18.50.082,2,1,1,1,1,1,180,177,0.083,291,300,4,0.634043,0.335167
2.25.217397325224876728316360420804118329081/series_002_2_CR/A250474631 DXA/CR DXA/CR000000.dcm,18.41.005,2,3,1,1,1,1,180,193,0.037,263,280,0,0.503452,0.828964
2.25.217397325224876728316360420804118329081/series_002_2_CR/A250474631 DXA/CR DXA/CR000001.dcm,18.41.005,2,2,1,1,1,1,180,193,0.037,235,280,1,0.503452,0.63424
2.25.217397325224876728316360420804118329081/series_002_2_CR/A250474631 DXA/CR DXA/CR000002.dcm,18.41.005,2,1,1,1,1,1,180,193,0.037,318,300,2,0.503452,0.289587
2.25.217397325224876728316360420804118329081/series_002_2_CR/A250474631 DXA/CR DXA/CR000003.dcm,18.41.005,2,5,1,1,1,1,0,0,,235,280,3,0.503452,0.539885
2.25.217397325224876728316360420804118329081/series_002_2_CR/A250474631 DXA/CR DXA/CR000004.dcm,18.41.005,2,4,1,1,1,1,180,193,0.037,318,300,4,0.503452,0.306454
2.25.217397325224876728316360420804118329081/series_002_2_CR/A250474631 DXA/CR DXA/CR000005.dcm,18.41.005,2,9,1,1,1,3,520,496,0.111,318,300,5,0.503452,0.317026
2.25.217397325224876728316360420804118329081/series_002_2_CR/A250474631 DXA/CR DXA/CR000006.dcm,18.41.005,2,12,1,1,1,1,170,160,0.037,263,280,6,0.503452,0.87343
2.25.217397325224876728316360420804118329081/series_002_2_CR/A250474631 DXA/CR DXA/CR000007.dcm,18.41.005,2,10,1,1,1,3,520,496,0.111,263,280,7,0.503452,0.9622
2.25.217397325224876728316360420804118329081/series_002_2_CR/A250474631 DXA/CR DXA/CR000008.dcm,18.41.005,2,11,1,1,1,3,520,496,0.111,235,280,8,0.503452,0.962046
2.25.217397325224876728316360420804118329081/series_002_2_CR/A250474631 DXA/CR DXA/CR000009.dcm,18.41.005,2,6,1,1,1,1,0,0,,263,280,9,0.503452,0.389217
2.25.217397325224876728316360420804118329081/series_002_2_CR/A250474631 DXA/CR DXA/CR000010.dcm,18.41.005,2,13,1,1,1,1,170,143,0.037,235,280,10,0.503452,0.228537
2.25.220866240977467582196609708837940253840/series_001_2_CR/A2504258893 DXA/CR DXA/CR000000.dcm,18.50.082,2,1,1,1,1,1,180,192,0.037,317,300,0,0.0128107,0.955359
2.25.234651502352368356456298825489565282446/series_002_2_CR/A2504307193 DXA/CR DXA/CR000000.dcm,18.41.005,2,5,1,1,1,1,0,0,,233,280,0,0.611362,0.00295928
2.25.234651502352368356456298825489565282446/series_002_2_CR/A2504307193 DXA/CR DXA/CR000001.dcm,18.41.005,2,2,1,1,1,3,180,177,0.111,233,280,1,0.611362,0.183012
2.25.234651502352368356456298825489565282446/series_002_2_CR/A2504307193 DXA/CR DXA/CR000002.dcm,18.41.005,2,4,1,1,1,3,180,177,0.111,291,300,2,0.611362,0.126175
2.25.234651502352368356456298825489565282446/series_002_2_CR/A2504307193 DXA/CR DXA/CR000003.dcm,18.41.005,2,3,1,1,1,3,180,177,0.111,207,280,3,0.611362,0.280004
2.25.234651502352368356456298825489565282446/series_002_2_CR/A2504307193 DXA/CR DXA/CR000004.dcm,18.41.005,2,10,1,1,1,6,520,444,0.138,207,280,4,0.611362,0.256775
2.25.234651502352368356456298825489565282446/series_002_2_CR/A2504307193 DXA/CR DXA/CR000005.dcm,18.41.005,2,12,1,1,1,2,170,126,0.018,207,280,5,0.611362,0.0664785
2.25.234651502352368356456298825489565282446/series_002_2_CR/A2504307193 DXA/CR DXA/CR000006.dcm,18.41.005,2,1,1,1,1,3,180,177,0.111,291,300,6,0.611362,0.335809
2.25.234651502352368356456298825489565282446/series_002_2_CR/A2504307193 DXA/CR DXA/CR000007.dcm,18.41.005,2,11,1,1,1,6,520,444,0.138,233,280,7,0.611362,0.482582
2.25.234651502352368356456298825489565282446/series_002_2_CR/A2504307193 DXA/CR DXA/CR000008.dcm,18.41.005,2,9,1,1,1,6,520,444,0.138,291,300,8,0.611362,0.232698
2.25.234651502352368356456298825489565282446/series_002_2_CR/A2504307193 DXA/CR DXA/CR000009.dcm,18.41.005,2,6,1,1,1,1,0,0,,207,280,9,0.611362,0.920678
2.25.234651502352368356456298825489565282446/series_002_2_CR/A2504307193 DXA/CR DXA/CR000010.dcm,18.41.005,2,13,1,1,1,1,170,142,0.009,233,280,10,0.611362,0.858012
2.25.247714038039430659432048101646401574824/series_002_2_CR/A2504238024 DXA Exam/CR DXA Images/CR000000.dcm,18.41.005,2,2,1,1,1,3,520,610,0.111,346,280,0,0.0636881,0.802604
2.25.247714038039430659432048101646401574824/series_002_2_CR/A2504238024 DXA Exam/CR DXA Images/CR000001.dcm,18.41.005,2,3,1,1,1,3,520,610,0.111,344,280,1,0.0636881,0.551311
2.25.247714038039430659432048101646401574824/series_002_2_CR/A2504238024 DXA Exam/CR DXA Images/CR000002.dcm,18.41.005,2,1,1,1,1,3,520,610,0.111,315,300,2,0.0636881,0.412834
2.25.269648774413746842548908998641183395622/series_001_2_CR/A2504393664 DXA/CR DXA/CR000000.dcm,18.41.005,2,2,1,1,1,2,180,192,0.074,263,280,0,0.717293,0.403385
2.25.269648774413746842548908998641183395622/series_001_2_CR/A2504393664 DXA/CR DXA/CR000001.dcm,18.41.005,2,1,1,1,1,2,180,192,0.074,317,300,1,0.717293,0.022204
2.25.269648774413746842548908998641183395622/series_001_2_CR/A2504393664 DXA/CR DXA/CR000002.dcm,18.41.005,2,3,1,1,1,2,180,192,0.074,261,280,2,0.717293,0.725116
2.25.269742577365511543488820993979123763373/series_003_2_CR/A250477751 DXA/CR DXA/CR000000.dcm,18.41.005,2,1,1,1,1,3,180,191,0.111,315,300,0,0.976458,0.820993
2.25.272690031744216183651627058502316132741/series_002_2_CR/A2504373414 DXA/CR DXA/CR000000.dcm,18.41.005,2,5,1,1,1,1,0,0,,349,280,0,0.536117,0.929437
2.25.272690031744216183651627058502316132741/series_002_2_CR/A2504373414 DXA/CR DXA/CR000001.dcm,18.41.005,2,9,1,1,1,4,520,602,0.24,322,300,1,0.536117,0.967205
2.25.272690031744216183651627058502316132741/series_002_2_CR/A2504373414 DXA/CR DXA/CR000002.dcm,18.41.005,2,10,1,1,1,4,520,602,0.24,320,280,2,0.536117,0.954529
2.25.272690031744216183651627058502316132741/series_002_2_CR/A2504373414 DXA/CR DXA/CR000003.dcm,18.41.005,2,3,1,1,1,2,180,195,0.166,320,280,3,0.536117,0.151885
2.25.272690031744216183651627058502316132741/series_002_2_CR/A2504373414 DXA/CR DXA/CR000004.dcm,18.41.005,2,11,1,1,1,4,520,602,0.24,349,280,4,0.536117,0.251797
2.25.272690031744216183651627058502316132741/series_002_2_CR/A2504373414 DXA/CR DXA/CR000005.dcm,18.41.005,2,13,1,1,1,1,170,212,0.037,349,280,5,0.536117,0.0566585
2.25.272690031744216183651627058502316132741/series_002_2_CR/A2504373414 DXA/CR DXA/CR000006.dcm,18.41.005,2,1,1,1,1,2,180,195,0.166,322,300,6,0.536117,0.179172
2.25.272690031744216183651627058502316132741/series_002_2_CR/A2504373414 DXA/CR DXA/CR000007.dcm,18.41.005,2,2,1,1,1,2,180,195,0.166,349,280,7,0.536117,0.429904
2.25.272690031744216183651627058502316132741/series_002_2_CR/A2504373414 DXA/CR DXA/CR000008.dcm,18.41.005,2,12,1,1,1,1,170,194,0.037,320,280,8,0.536117,0.570394
2.25.272690031744216183651627058502316132741/series_002_2_CR/A2504373414 DXA/CR DXA/CR000009.dcm,18.41.005,2,4,1,1,1,2,180,195,0.166,322,300,9,0.536117,0.256993
2.25.272690031744216183651627058502316132741/series_002_2_CR/A2504373414 DXA/CR DXA/CR000010.dcm,18.41.005,2,6,1,1,1,1,0,0,,320,280,10,0.536117,0.0460351
2.25.276415754443998872860614500027519740375/series_002_2_CR/A2504387089 DXA/CR DXA/CR000000.dcm,18.50.082,2,3,1,1,1,4,520,532,0.148,291,300,0,0.856048,0.22967
2.25.276415754443998872860614500027519740375/series_002_2_CR/A2504387089 DXA/CR DXA/CR000001.dcm,18.50.082,2,1,1,1,1,1,180,177,0.037,291,300,1,0.856048,0.685123
2.25.276415754443998872860614500027519740375/series_002_2_CR/A2504387089 DXA/CR DXA/CR000002.dcm,18.50.082,2,5,1,1,1,4,520,532,0.148,292,280,2,0.856048,0.769577
2.25.276415754443998872860614500027519740375/series_002_2_CR/A2504387089 DXA/CR DXA/CR000003.dcm,18.50.082,2,4,1,1,1,4,520,532,0.148,292,280,3,0.856048,0.363005
2.25.276415754443998872860614500027519740375/series_002_2_CR/A2504387089 DXA/CR DXA/CR000004.dcm,18.50.082,2,8,1,1,1,1,170,178,0.037,292,280,4,0.856048,0.104603
2.25.276415754443998872860614500027519740375/series_002_2_CR/A2504387089 DXA/CR DXA/CR000005.dcm,18.50.082,2,6,1,1,1,2,170,178,0.074,292,280,5,0.856048,0.616602
2.25.277752758923974029595977676354128739670/series_002_2_CR/A2504223752 DXA/CR DXA/CR000000.dcm,18.41.005,2,5,1,1,1,1,170,159,0.037,261,280,0,0.597652,0.145662
2.25.277752758923974029595977676354128739670/series_002_2_CR/A2504223752 DXA/CR DXA/CR000001.dcm,18.41.005,2,3,1,1,1,1,170,159,0.037,261,280,1,0.597652,0.189831
2.25.277752758923974029595977676354128739670/series_002_2_CR/A2504223752 DXA/CR DXA/CR000002.dcm,18.41.005,2,9,1,1,1,1,180,173,0.037,261,280,2,0.597652,0.760458
2.25.277752758923974029595977676354128739670/series_002_2_CR/A2504223752 DXA/CR DXA/CR000003.dcm,18.41.005,2,8,1,1,1,1,180,173,0.037,261,280,3,0.597652,0.511881
2.25.277752758923974029595977676354128739670/series_002_2_CR/A2504223752 DXA/CR DXA/CR000004.dcm,18.41.005,2,1,1,1,1,1,180,173,0.037,285,300,4,0.597652,0.481042
2.25.277752758923974029595977676354128739670/series_002_2_CR/A2504223752 DXA/CR DXA/CR000005.dcm,18.41.005,2,7,1,1,1,1,180,173,0.037,285,300,5,0.597652,0.0629789
2.25.286999464611662854355201599068538813496/series_003_2_CR/A2504223477 DXA/CR DXA/CR000000.dcm,18.50.082,2,7,1,1,1,1,180,177,0.037,265,280,0,0.132711,0.154277
2.25.286999464611662854355201599068538813496/series_003_2_CR/A2504223477 DXA/CR DXA/CR000001.dcm,18.50.082,2,6,1,1,1,1,180,177,0.037,291,300,1,0.132711,0.842224
2.25.286999464611662854355201599068538813496/series_003_2_CR/A2504223477 DXA/CR DXA/CR000002.dcm,18.50.082,2,4,1,1,1,1,170,161,0.037,265,280,2,0.132711,0.148458
2.25.286999464611662854355201599068538813496/series_003_2_CR/A2504223477 DXA/CR DXA/CR000003.dcm,18.50.082,2,5,1,1,1,1,170,161,0.037,265,280,3,0.132711,0.196175
2.25.286999464611662854355201599068538813496/series_003_2_CR/A2504223477 DXA/CR DXA/CR000004.dcm,18.50.082,2,1,1,1,1,1,180,177,0.037,291,300,4,0.132711,0.981309
2.25.286999464611662854355201599068538813496/series_003_2_CR/A2504223477 DXA/CR DXA/CR000005.dcm,18.50.082,2,8,1,1,1,1,180,177,0.037,265,280,5,0.132711,0.398944
2.25.29638026465755240167985424461715024381/series_004_3_CR/A2504115579 DXA/CR DXA/CR000000.dcm,18.41.005,3,4,1,1,1,3,520,513,0.111,265,280,0,0.0518022,0.171905
2.25.29638026465755240167985424461715024381/series_004_3_CR/A2504115579 DXA/CR DXA/CR000001.dcm,18.41.005,3,2,1,1,1,3,520,513,0.111,315,300,1,0.0518022,0.765447
2.25.29638026465755240167985424461715024381/series_004_3_CR/A2504115579 DXA/CR DXA/CR000002.dcm,18.41.005,3,1,1,1,1,1,0,0,,265,280,2,0.0518022,0.406147
2.25.29638026465755240167985424461715024381/series_004_3_CR/A2504115579 DXA/CR DXA/CR000003.dcm,18.41.005,3,3,1,1,1,3,520,513,0.111,265,280,3,0.0518022,0.535013
2.25.306921081709806079165809721263236241032/series_002_2_CR/A2504381177 DXA/CR DXA/CR000000.dcm,18.50.082,2,1,1,1,1,1,180,190,0.037,313,300,0,0.244264,0.222808
2.25.307021710202910067378603383388989711646/series_004_2_CR/A2504110565 DXA/CR DXA/CR000000.dcm,18.41.005,2,1,1,1,1,3,180,193,0.111,318,300,0,0.132349,0.530763
2.25.307021710202910067378603383388989711646/series_004_2_CR/A2504110565 DXA/CR DXA/CR000001.dcm,18.41.005,2,2,1,1,1,3,180,193,0.111,265,280,1,0.132349,0.737455
2.25.307021710202910067378603383388989711646/series_004_2_CR/A2504110565 DXA/CR DXA/CR000002.dcm,18.41.005,2,7,1,1,1,1,0,0,,265,280,2,0.132349,0.615267
2.25.307021710202910067378603383388989711646/series_004_2_CR/A2504110565 DXA/CR DXA/CR000003.dcm,18.41.005,2,9,1,1,1,2,170,161,0.074,265,280,3,0.132349,0.684736
2.25.307021710202910067378603383388989711646/series_004_2_CR/A2504110565 DXA/CR DXA/CR000004.dcm,18.41.005,2,8,1,1,1,2,170,161,0.074,265,280,4,0.132349,0.841766
2.25.307021710202910067378603383388989711646/series_004_2_CR/A2504110565 DXA/CR DXA/CR000005.dcm,18.41.005,2,14,1,1,1,3,180,193,0.111,265,280,5,0.132349,0.0441567
2.25.307021710202910067378603383388989711646/series_004_2_CR/A2504110565 DXA/CR DXA/CR000006.dcm,18.41.005,2,3,1,1,1,3,180,193,0.111,265,280,6,0.132349,0.899622
2.25.307021710202910067378603383388989711646/series_004_2_CR/A2504110565 DXA/CR DXA/CR000007.dcm,18.41.005,2,6,1,1,1,1,0,0,,265,280,7,0.132349,0.981637
2.25.307021710202910067378603383388989711646/series_004_2_CR/A2504110565 DXA/CR DXA/CR000008.dcm,18.41.005,2,5,1,1,1,1,0,0,,265,280,8,0.132349,0.380649
2.25.307021710202910067378603383388989711646/series_004_2_CR/A2504110565 DXA/CR DXA/CR000009.dcm,18.41.005,2,13,1,1,1,3,180,193,0.111,265,280,9,0.132349,0.121037
2.25.307021710202910067378603383388989711646/series_004_2_CR/A2504110565 DXA/CR DXA/CR000010.dcm,18.41.005,2,4,1,1,1,3,180,193,0.111,318,300,10,0.132349,0.54032
2.25.307021710202910067378603383388989711646/series_004_2_CR/A2504110565 DXA/CR DXA/CR000011.dcm,18.41.005,2,12,1,1,1,3,180,193,0.111,318,300,11,0.132349,0.670046
2.25.309085571913348252136520206003694446566/series_002_2_CR/A2504116267 DXA/CR DXA/CR000000.dcm,18.41.005,2,1,1,1,1,1,180,173,0.037,285,300,0,0.58185,0.470801
2.25.309085571913348252136520206003694446566/series_002_2_CR/A2504116267 DXA/CR DXA/CR000001.dcm,18.41.005,2,3,1,1,1,1,180,173,0.037,289,280,1,0.58185,0.78958
2.25.309085571913348252136520206003694446566/series_002_2_CR/A2504116267 DXA/CR DXA/CR000002.dcm,18.41.005,2,2,1,1,1,1,180,173,0.037,289,280,2,0.58185,0.41329
2.25.314147167453134440746270747484612743945/series_002_2_CR/A2504224780 DXA/CR DXA/CR000000.dcm,18.41.005,2,2,1,1,1,1,180,191,0.037,237,280,0,0.393083,0.400095
2.25.314147167453134440746270747484612743945/series_002_2_CR/A2504224780 DXA/CR DXA/CR000001.dcm,18.41.005,2,3,1,1,1,1,180,191,0.037,237,280,1,0.393083,0.855732
2.25.314147167453134440746270747484612743945/series_002_2_CR/A2504224780 DXA/CR DXA/CR000002.dcm,18.41.005,2,1,1,1,1,1,180,191,0.037,315,300,2,0.393083,0.52315
2.25.322202456901330781765399791024580391565/series_002_2_CR/A2504350020 DXA/CR DXA/CR000000.dcm,18.41.005,2,1,1,1,1,2,180,177,0.074,291,300,0,0.0781276,0.340752
2.25.338439598607961312040815816824093323492/series_002_2_CR/A2504147124 DXA/CR DXA/CR000000.dcm,18.50.082,2,1,1,1,1,1,180,192,0.037,317,300,0,0.28389,0.412632
2.25.339027809107632348165171236474821772940/series_001_2_CR/A2504349642 DXA/CR DXA/CR000000.dcm,18.41.005,2,8,1,1,1,1,170,193,0.037,318,280,0,0.992077,0.697654
2.25.339027809107632348165171236474821772940/series_001_2_CR/A2504349642 DXA/CR DXA/CR000001.dcm,18.41.005,2,1,1,1,1,1,180,175,0.037,289,300,1,0.992077,0.909954
2.25.339027809107632348165171236474821772940/series_001_2_CR/A2504349642 DXA/CR DXA/CR000002.dcm,18.41.005,2,6,1,1,1,1,170,192,0.037,317,280,2,0.992077,0.486226
2.25.339027809107632348165171236474821772940/series_001_2_CR/A2504349642 DXA/CR DXA/CR000003.dcm,18.41.005,2,4,1,1,1,3,520,561,0.111,317,280,3,0.992077,0.91314
2.25.339027809107632348165171236474821772940/series_001_2_CR/A2504349642 DXA/CR DXA/CR000004.dcm,18.41.005,2,3,1,1,1,3,520,561,0.111,289,300,4,0.992077,0.351413
2.25.339027809107632348165171236474821772940/series_001_2_CR/A2504349642 DXA/CR DXA/CR000005.dcm,18.41.005,2,5,1,1,1,3,520,561,0.111,318,280,5,0.992077,0.492998
2.25.340839477910528898406207279980417945/series_001_2_CR/A2504224555 DXA Exam/CR DXA Images/CR000000.dcm,18.41.005,2,2,1,1,1,4,520,613,0.148,346,280,0,0.669799,0.984967
2.25.340839477910528898406207279980417945/series_001_2_CR/A2504224555 DXA Exam/CR DXA Images/CR000001.dcm,18.41.005,2,3,1,1,1,4,520,613,0.148,346,280,1,0.669799,0.851281
2.25.340839477910528898406207279980417945/series_001_2_CR/A2504224555 DXA Exam/CR DXA Images/CR000002.dcm,18.41.005,2,1,1,1,1,4,520,613,0.148,317,300,2,0.669799,0.409317
2.25.37515662379281069436632838996073181551/series_001_2_CR/A2504329840 DXA/CR DXA/CR000000.dcm,18.41.005,2,1,1,1,1,2,180,177,0.074,291,300,0,0.0364184,0.408234
2.25.37515662379281069436632838996073181551/series_001_2_CR/A2504329840 DXA/CR DXA/CR000001.dcm,18.41.005,2,3,1,1,1,2,180,177,0.074,263,280,1,0.0364184,0.93733
2.25.37515662379281069436632838996073181551/series_001_2_CR/A2504329840 DXA/CR DXA/CR000002.dcm,18.41.005,2,2,1,1,1,2,180,177,0.074,263,280,2,0.0364184,0.582663
2.25.39068163399801173920284179500049527111/series_002_2_CR/A2504195842 DXA/CR DXA/CR000000.dcm,18.41.005,2,77,1,1,1,1,180,193,0.037,235,280,0,0.0150698,0.595462
2.25.39068163399801173920284179500049527111/series_002_2_CR/A2504195842 DXA/CR DXA/CR000001.dcm,18.41.005,2,78,1,1,1,1,180,193,0.037,235,280,1,0.0150698,0.117458
2.25.39068163399801173920284179500049527111/series_002_2_CR/A2504195842 DXA/CR DXA/CR000002.dcm,18.41.005,2,76,1,1,1,1,180,193,0.037,318,300,2,0.0150698,0.979561
2.25.48906424954135283790354958243772558962/series_001_2_CR/A2504185596 DXA Exam/CR DXA Images/CR000000.dcm,18.41.005,2,3,1,1,1,4,520,613,0.148,346,280,0,0.207116,0.0425723
2.25.48906424954135283790354958243772558962/series_001_2_CR/A2504185596 DXA Exam/CR DXA Images/CR000001.dcm,18.41.005,2,2,1,1,1,4,520,613,0.148,344,280,1,0.207116,0.563401
2.25.48906424954135283790354958243772558962/series_001_2_CR/A2504185596 DXA Exam/CR DXA Images/CR000002.dcm,18.41.005,2,1,1,1,1,4,520,613,0.148,318,300,2,0.207116,0.556375
2.25.52532476139575422857225834315571570912/series_001_2_CR/A2504247961 DXA/CR DXA/CR000000.dcm,18.41.005,2,1,1,1,1,2,180,191,0.074,315,300,0,0.578777,0.253426
2.25.52982400970721161435951723390541696819/series_001_2_CR/A2504331065 DXA/CR DXA/CR000000.dcm,18.41.005,2,7,1,1,1,1,0,0,,289,280,0,0.83538,0.296661
2.25.52982400970721161435951723390541696819/series_001_2_CR/A2504331065 DXA/CR DXA/CR000001.dcm,18.41.005,2,6,1,1,1,1,0,0,,289,280,1,0.83538,0.780511
2.25.52982400970721161435951723390541696819/series_001_2_CR/A2504331065 DXA/CR DXA/CR000002.dcm,18.41.005,2,1,1,1,1,2,180,192,0.074,317,300,2,0.83538,0.0119724
2.25.52982400970721161435951723390541696819/series_001_2_CR/A2504331065 DXA/CR DXA/CR000003.dcm,18.41.005,2,5,1,1,1,1,0,0,,289,280,3,0.83538,0.0204605
2.25.52982400970721161435951723390541696819/series_001_2_CR/A2504331065 DXA/CR DXA/CR000004.dcm,18.41.005,2,4,1,1,1,2,180,192,0.074,317,300,4,0.83538,0.859602
2.25.52982400970721161435951723390541696819/series_001_2_CR/A2504331065 DXA/CR DXA/CR000005.dcm,18.41.005,2,8,1,1,1,1,170,175,0.037,289,280,5,0.83538,0.121402
2.25.52982400970721161435951723390541696819/series_001_2_CR/A2504331065 DXA/CR DXA/CR000006.dcm,18.41.005,2,2,1,1,1,2,180,192,0.074,289,280,6,0.83538,0.538077
2.25.52982400970721161435951723390541696819/series_001_2_CR/A2504331065 DXA/CR DXA/CR000007.dcm,18.41.005,2,3,1,1,1,2,180,192,0.074,289,280,7,0.83538,0.614352
2.25.54396839637320114639948764487283877793/series_003_2_CR/A2504111090 DXA/CR DXA/CR000000.dcm,18.41.005,2,1,1,1,1,2,180,192,0.074,317,300,0,0.789315,0.0890216
2.25.59542620917302828428419211045951914336/series_001_2_CR/A2504303391 DXA/CR DXA/CR000000.dcm,18.41.005,2,1,1,1,1,2,180,191,0.074,315,300,0,0.223508,0.337926
2.25.65954778282254353457041255543338557112/series_004_3_CR/A2504246289 DXA/CR DXA/CR000000.dcm,18.50.082,3,5,1,1,1,1,170,177,0.037,291,280,0,0.844829,0.460278
2.25.65954778282254353457041255543338557112/series_004_3_CR/A2504246289 DXA/CR DXA/CR000001.dcm,18.50.082,3,4,1,1,1,1,170,177,0.037,291,280,1,0.844829,0.486135
2.25.65954778282254353457041255543338557112/series_004_3_CR/A2504246289 DXA/CR DXA/CR000002.dcm,18.50.082,3,1,1,1,1,2,180,193,0.074,318,300,2,0.844829,0.952514
2.25.66397484472966116002950503539482860450/series_001_2_CR/A2504194637 DXA/CR DXA/CR000000.dcm,18.41.005,2,6,1,1,1,1,0,0,,235,280,0,0.854662,0.0751586
2.25.66397484472966116002950503539482860450/series_001_2_CR/A2504194637 DXA/CR DXA/CR000001.dcm,18.41.005,2,10,1,1,1,7,520,530,0.259,235,280,1,0.854662,0.808408
2.25.66397484472966116002950503539482860450/series_001_2_CR/A2504194637 DXA/CR DXA/CR000002.dcm,18.41.005,2,12,1,1,1,2,170,143,0.074,235,280,2,0.854662,0.211002
2.25.66397484472966116002950503539482860450/series_001_2_CR/A2504194637 DXA/CR DXA/CR000003.dcm,18.41.005,2,2,1,1,1,3,180,193,0.111,318,280,3,0.854662,0.0217243
2.25.66397484472966116002950503539482860450/series_001_2_CR/A2504194637 DXA/CR DXA/CR000004.dcm,18.41.005,2,4,1,1,1,3,180,193,0.111,318,300,4,0.854662,0.475321
2.25.66397484472966116002950503539482860450/series_001_2_CR/A2504194637 DXA/CR DXA/CR000005.dcm,18.41.005,2,3,1,1,1,3,180,193,0.111,235,280,5,0.854662,0.820795
2.25.66397484472966116002950503539482860450/series_001_2_CR/A2504194637 DXA/CR DXA/CR000006.dcm,18.41.005,2,13,1,1,1,2,170,193,0.074,318,280,6,0.854662,0.693265
2.25.66397484472966116002950503539482860450/series_001_2_CR/A2504194637 DXA/CR DXA/CR000007.dcm,18.41.005,2,11,1,1,1,7,520,530,0.259,318,280,7,0.854662,0.604822
2.25.66397484472966116002950503539482860450/series_001_2_CR/A2504194637 DXA/CR DXA/CR000008.dcm,18.41.005,2,9,1,1,1,7,520,530,0.259,318,300,8,0.854662,0.594126
2.25.66397484472966116002950503539482860450/series_001_2_CR/A2504194637 DXA/CR DXA/CR000009.dcm,18.41.005,2,1,1,1,1,3,180,193,0.111,318,300,9,0.854662,0.646672
2.25.66397484472966116002950503539482860450/series_001_2_CR/A2504194637 DXA/CR DXA/CR000010.dcm,18.41.005,2,5,1,1,1,1,0,0,,318,280,10,0.854662,0.402206
2.25.73070100851377917031356937075051545239/series_002_2_CR/A2504239110 DXA/CR DXA/CR000000.dcm,18.50.082,2,4,1,1,1,4,520,458,0.148,233,280,0,0.430328,0.988324
2.25.73070100851377917031356937075051545239/series_002_2_CR/A2504239110 DXA/CR DXA/CR000001.dcm,18.50.082,2,5,1,1,1,4,520,458,0.148,233,280,1,0.430328,0.0242752
2.25.73070100851377917031356937075051545239/series_002_2_CR/A2504239110 DXA/CR DXA/CR000002.dcm,18.50.082,2,3,1,1,1,4,520,458,0.148,287,300,2,0.430328,0.311274
2.25.73070100851377917031356937075051545239/series_002_2_CR/A2504239110 DXA/CR DXA/CR000003.dcm,18.50.082,2,1,1,1,1,2,180,174,0.074,287,300,3,0.430328,0.741053
2.25.73070100851377917031356937075051545239/series_002_2_CR/A2504239110 DXA/CR DXA/CR000004.dcm,18.50.082,2,6,1,1,1,1,170,142,0.037,233,280,4,0.430328,0.534376
2.25.73070100851377917031356937075051545239/series_002_2_CR/A2504239110 DXA/CR DXA/CR000005.dcm,18.50.082,2,8,1,1,1,1,170,142,0.037,233,280,5,0.430328,0.897445
2.25.76710355977373089612172037086913478687/series_002_3_CR/A2504104830 DXA/CR DXA/CR000000.dcm,18.41.005,3,3,1,1,1,5,520,532,0.185,265,280,0,0.440683,0.207942
2.25.76710355977373089612172037086913478687/series_002_3_CR/A2504104830 DXA/CR DXA/CR000001.dcm,18.41.005,3,1,1,1,1,5,520,532,0.185,318,300,1,0.440683,0.0895657
2.25.76710355977373089612172037086913478687/series_002_3_CR/A2504104830 DXA/CR DXA/CR000002.dcm,18.41.005,3,2,1,1,1,5,520,532,0.185,292,280,2,0.440683,0.258557
2.25.78999454687125053757525542837745968726/series_004_3_CR/A2504222617 DXA/CR DXA/CR000000.dcm,18.41.005,3,2,1,1,1,5,520,515,0.277,265,280,0,0.0612286,0.0959246
2.25.78999454687125053757525542837745968726/series_004_3_CR/A2504222617 DXA/CR DXA/CR000001.dcm,18.41.005,3,3,1,1,1,5,520,515,0.277,265,280,1,0.0612286,0.724692
2.25.78999454687125053757525542837745968726/series_004_3_CR/A2504222617 DXA/CR DXA/CR000002.dcm,18.41.005,3,1,1,1,1,5,520,515,0.277,318,300,2,0.0612286,0.581425
2.25.82912555346523716720160717883917565880/series_002_2_CR/A2504149480 DXA/CR DXA/CR000000.dcm,18.41.005,2,6,1,1,1,1,170,160,0.037,263,280,0,0.547182,0.776671
2.25.82912555346523716720160717883917565880/series_002_2_CR/A2504149480 DXA/CR DXA/CR000001.dcm,18.41.005,2,3,1,1,1,4,520,497,0.24,291,300,1,0.547182,0.821735
2.25.82912555346523716720160717883917565880/series_002_2_CR/A2504149480 DXA/CR DXA/CR000002.dcm,18.41.005,2,8,1,1,1,1,170,161,0.037,265,280,2,0.547182,0.287222
2.25.82912555346523716720160717883917565880/series_002_2_CR/A2504149480 DXA/CR DXA/CR000003.dcm,18.41.005,2,4,1,1,1,4,520,497,0.24,263,280,3,0.547182,0.371632
2.25.82912555346523716720160717883917565880/series_002_2_CR/A2504149480 DXA/CR DXA/CR000004.dcm,18.41.005,2,5,1,1,1,4,520,497,0.24,265,280,4,0.547182,0.743018
2.25.82912555346523716720160717883917565880/series_002_2_CR/A2504149480 DXA/CR DXA/CR000005.dcm,18.41.005,2,1,1,1,1,2,180,177,0.166,291,300,5,0.547182,0.290616
2.25.87718478011637131470224319788530286374/series_002_2_CR/A2504337993 DXA/CR DXA/CR000000.dcm,18.41.005,2,1,1,1,1,2,180,175,0.074,289,300,0,0.892035,0.334149
2.25.87869906212286587478854831452123526595/series_002_2_CR/A250419699 DXA/CR DXA/CR000000.dcm,18.41.005,2,3,1,1,1,1,180,192,0.037,292,280,0,0.680996,0.841773
2.25.87869906212286587478854831452123526595/series_002_2_CR/A250419699 DXA/CR DXA/CR000001.dcm,18.41.005,2,1,1,1,1,1,180,192,0.037,317,300,1,0.680996,0.589675
2.25.87869906212286587478854831452123526595/series_002_2_CR/A250419699 DXA/CR DXA/CR000002.dcm,18.41.005,2,2,1,1,1,1,180,192,0.037,291,280,2,0.680996,0.33659
2.25.91981043841368764114007975581101713077/series_003_2_CR/A250496619 DXA/CR DXA/CR000000.dcm,18.41.005,2,3,1,1,1,2,180,193,0.166,292,280,0,0.155956,0.637033
2.25.91981043841368764114007975581101713077/series_003_2_CR/A250496619 DXA/CR DXA/CR000001.dcm,18.41.005,2,6,1,1,1,1,0,0,,292,280,1,0.155956,0.340028
2.25.91981043841368764114007975581101713077/series_003_2_CR/A250496619 DXA/CR DXA/CR000002.dcm,18.41.005,2,5,1,1,1,1,0,0,,294,280,2,0.155956,0.43612
2.25.91981043841368764114007975581101713077/series_003_2_CR/A250496619 DXA/CR DXA/CR000003.dcm,18.41.005,2,8,1,1,1,2,170,178,0.074,292,280,3,0.155956,0.93806
2.25.91981043841368764114007975581101713077/series_003_2_CR/A250496619 DXA/CR DXA/CR000004.dcm,18.41.005,2,12,1,1,1,2,180,193,0.166,318,300,4,0.155956,0.853202
2.25.91981043841368764114007975581101713077/series_003_2_CR/A250496619 DXA/CR DXA/CR000005.dcm,18.41.005,2,2,1,1,1,2,180,193,0.166,294,280,5,0.155956,0.159122
2.25.91981043841368764114007975581101713077/series_003_2_CR/A250496619 DXA/CR DXA/CR000006.dcm,18.41.005,2,7,1,1,1,1,0,0,,294,280,6,0.155956,0.415804
2.25.91981043841368764114007975581101713077/series_003_2_CR/A250496619 DXA/CR DXA/CR000007.dcm,18.41.005,2,13,1,1,1,2,180,193,0.166,294,280,7,0.155956,0.770792
2.25.91981043841368764114007975581101713077/series_003_2_CR/A250496619 DXA/CR DXA/CR000008.dcm,18.41.005,2,14,1,1,1,2,180,193,0.166,292,280,8,0.155956,0.525698
2.25.91981043841368764114007975581101713077/series_003_2_CR/A250496619 DXA/CR DXA/CR000009.dcm,18.41.005,2,4,1,1,1,2,180,193,0.166,318,300,9,0.155956,0.0373061
2.25.91981043841368764114007975581101713077/series_003_2_CR/A250496619 DXA/CR DXA/CR000010.dcm,18.41.005,2,1,1,1,1,2,180,193,0.166,318,300,10,0.155956,0.258599
2.25.91981043841368764114007975581101713077/series_003_2_CR/A250496619 DXA/CR DXA/CR000011.dcm,18.41.005,2,9,1,1,1,2,170,179,0.074,294,280,11,0.155956,0.237779
