axis_bodies_deg,axis_col_deg,tilt_local_max_deg,tilt_local_mean_deg,tilt_step_max_deg,n_bodies,file_path,study,sp_axis,axis_angle_deg,curvature
0.9010388911251015,0.7288018531082822,4.71276686482421,2.9678676338599366,1.3361024708937885,5.0,/home/user/workspace/dataset_extracted/Датасет/НД_для_обучения/Исследования/1.2.840.113619.2.110.512719.20250403090444/series_004_3_CR/DXA/CR DXA/CR000000.dcm,1.2.840.113619.2.110.512719.20250403090444,0.0,0.7288018531082822,0.0648043442457999
0.9010388911251015,0.7288018531082822,4.71276686482421,2.9678676338599366,1.3361024708937885,5.0,/home/user/workspace/dataset_extracted/Датасет/НД_для_обучения/Исследования/1.2.840.113619.2.110.512719.20250403090444/series_004_3_CR/DXA/CR DXA/CR000005.dcm,1.2.840.113619.2.110.512719.20250403090444,0.0,0.7288018531082822,0.0648043442457999
1.3536762676137581,1.6850361492008639,3.9190445195507997,1.7385271218253489,3.632950739488206,5.0,/home/user/workspace/dataset_extracted/Датасет/НД_для_обучения/Исследования/1.2.840.113619.2.110.512719.20250403092052/series_003_3_CR/DXA/CR DXA/CR000001.dcm,1.2.840.113619.2.110.512719.20250403092052,0.0,4.641782253244553,3.3902747252905936
1.3536762676137581,1.6850361492008639,3.9190445195507997,1.7385271218253489,3.632950739488206,5.0,/home/user/workspace/dataset_extracted/Датасет/НД_для_обучения/Исследования/1.2.840.113619.2.110.512719.20250403092052/series_003_3_CR/DXA/CR DXA/CR000005.dcm,1.2.840.113619.2.110.512719.20250403092052,0.0,4.641782253244553,3.3902747252905936
0.1774544214050464,0.19816477009359468,9.200746118376461,4.575998154535549,2.6816831564206565,5.0,/home/user/workspace/dataset_extracted/Датасет/НД_для_обучения/Исследования/1.2.840.113619.2.110.512719.20250407113211/series_001_2_CR/DXA/CR DXA/CR000003.dcm,1.2.840.113619.2.110.512719.20250407113211,0.0,0.1981647700935946,8.783359622865916e-05
0.1774544214050464,0.19816477009359468,9.200746118376461,4.575998154535549,2.6816831564206565,5.0,/home/user/workspace/dataset_extracted/Датасет/НД_для_обучения/Исследования/1.2.840.113619.2.110.512719.20250407113211/series_001_2_CR/DXA/CR DXA/CR000004.dcm,1.2.840.113619.2.110.512719.20250407113211,0.0,0.1981647700935946,8.783359622865916e-05
1.6723943610892666,1.2340002475497553,6.4092875204831135,3.1412086857938095,3.3370832367546215,6.0,/home/user/workspace/dataset_extracted/Датасет/НД_для_обучения/Исследования/2.25.10245777060263212829333021434108890537/series_003_2_CR/A2504412435 DXA/CR DXA/CR000001.dcm,2.25.10245777060263212829333021434108890537,0.0,1.2340002475497551,0.0046186880931364
5.077407054165106,4.971785527000402,7.7999216109821345,5.053170834777018,5.155584317406232,3.0,/home/user/workspace/dataset_extracted/Датасет/НД_для_обучения/Исследования/2.25.102755089973625799055786462646268820450/series_002_2_CR/A2504257770 DXA/CR DXA/CR000001.dcm,2.25.102755089973625799055786462646268820450,1.0,2.2299865882945507,3.598563375430637
5.077407054165106,4.971785527000402,7.7999216109821345,5.053170834777018,5.155584317406232,3.0,/home/user/workspace/dataset_extracted/Датасет/НД_для_обучения/Исследования/2.25.102755089973625799055786462646268820450/series_002_2_CR/A2504257770 DXA/CR DXA/CR000004.dcm,2.25.102755089973625799055786462646268820450,1.0,2.2299865882945507,3.598563375430637
1.5374672480681213,1.6051110114138105,7.379916229964107,2.9606483565365647,4.585335898561099,10.0,/home/user/workspace/dataset_extracted/Датасет/НД_для_обучения/Исследования/2.25.102965897799404973225419898683246248872/series_001_2_CR/A250726353 DXA/CR DXA/CR000001.dcm,2.25.102965897799404973225419898683246248872,0.0,1.6051110114138103,0.2019695662822864
2.2763976652168045,2.2561894813789025,3.828004341669098,1.3706355465224342,4.819160839544535,3.0,/home/user/workspace/dataset_extracted/Датасет/НД_для_обучения/Исследования/2.25.103868781101960771917584077315578649178/series_001_3_CR/A2507485409 DXA/CR DXA/CR000002.dcm,2.25.103868781101960771917584077315578649178,0.0,0.8708101984638915,0.8220862647824063
2.7089942873124015,2.7089942873124015,2.7089942873124015,2.7089942873124015,2.7089942873124015,1.0,/home/user/workspace/dataset_extracted/Датасет/НД_для_обучения/Исследования/2.25.105033841136787477881326326053319223817/series_001_2_CR/A250790559 DXA/CR DXA/CR000000.dcm,2.25.105033841136787477881326326053319223817,0.0,2.708994287312401,1.8832933472288764
2.7089942873124015,2.7089942873124015,2.7089942873124015,2.7089942873124015,2.7089942873124015,1.0,/home/user/workspace/dataset_extracted/Датасет/НД_для_обучения/Исследования/2.25.105033841136787477881326326053319223817/series_001_2_CR/A250790559 DXA/CR DXA/CR000001.dcm,2.25.105033841136787477881326326053319223817,0.0,2.708994287312401,1.8832933472288764
1.4668220639907454,0.8401388670032433,6.927412965285474,4.729505016132287,1.5669709570485473,3.0,/home/user/workspace/dataset_extracted/Датасет/НД_для_обучения/Исследования/2.25.108537195937431169718850276671337677972/series_002_2_CR/A250479795 DXA/CR DXA/CR000000.dcm,2.25.108537195937431169718850276671337677972,0.0,0.8401388670032433,1.6415126229399275
1.8998042424411314,1.7389524073584672,8.323189791887897,4.811462831593457,5.819574392839335,6.0,/home/user/workspace/dataset_extracted/Датасет/НД_для_обучения/Исследования/2.25.11175860580562939441493697221497597640/series_003_2_CR/A2507431060 DXA/CR DXA/CR000001.dcm,2.25.11175860580562939441493697221497597640,0.0,0.9236018508620578,1.9909598929190155
1.8998042424411314,1.7389524073584672,8.323189791887897,4.811462831593457,5.819574392839335,6.0,/home/user/workspace/dataset_extracted/Датасет/НД_для_обучения/Исследования/2.25.11175860580562939441493697221497597640/series_003_2_CR/A2507431060 DXA/CR DXA/CR000004.dcm,2.25.11175860580562939441493697221497597640,0.0,0.9236018508620578,1.9909598929190155
6.830088312456469,5.120717990258566,5.016455715858391,4.186706178517309,7.512144103052749,3.0,/home/user/workspace/dataset_extracted/Датасет/НД_для_обучения/Исследования/2.25.112621744005021908434051268014787122937/series_002_2_CR/A2504301685 DXA/CR DXA/CR000000.dcm,2.25.112621744005021908434051268014787122937,0.0,5.120717990258566,4.943107652928225
0.22501908665094666,0.63650896533216,5.878091181251012,2.3259423759293734,1.9749340108819766,6.0,/home/user/workspace/dataset_extracted/Датасет/НД_для_обучения/Исследования/2.25.114887542067602662452692698814728642117/series_001_2_CR/A2504131887 DXA/CR DXA/CR000004.dcm,2.25.114887542067602662452692698814728642117,0.0,6.466273917669717,3.854598358712877
0.22501908665094666,0.63650896533216,5.878091181251012,2.3259423759293734,1.9749340108819766,6.0,/home/user/workspace/dataset_extracted/Датасет/НД_для_обучения/Исследования/2.25.114887542067602662452692698814728642117/series_001_2_CR/A2504131887 DXA/CR DXA/CR000007.dcm,2.25.114887542067602662452692698814728642117,0.0,6.466273917669717,3.854598358712877
0.22501908665094666,0.63650896533216,5.878091181251012,2.3259423759293734,1.9749340108819766,6.0,/home/user/workspace/dataset_extracted/Датасет/НД_для_обучения/Исследования/2.25.114887542067602662452692698814728642117/series_001_2_CR/A2504131887 DXA/CR DXA/CR000010.dcm,2.25.114887542067602662452692698814728642117,0.0,6.466273917669717,3.854598358712877
0.7182862289437218,0.08552626948627334,3.3219907963742683,2.766942902079486,6.519801751656986,5.0,/home/user/workspace/dataset_extracted/Датасет/НД_для_обучения/Исследования/2.25.116822802042655971810859435524105064465/series_003_2_CR/A2507273296 DXA/CR DXA/CR000002.dcm,2.25.116822802042655971810859435524105064465,0.0,0.0855262694862733,0.5522098150555572
1.4170463042307586,1.3303823020473564,2.8114814885487167,2.066503118880343,2.726310993906265,5.0,/home/user/workspace/dataset_extracted/Датасет/НД_для_обучения/Исследования/2.25.122446767306607067205618235949445789306/series_001_2_CR/A2504255080 DXA/CR DXA/CR000002.dcm,2.25.122446767306607067205618235949445789306,0.0,1.3303823020473564,0.6741012757670926
1.4170463042307586,1.3303823020473564,2.8114814885487167,2.066503118880343,2.726310993906265,5.0,/home/user/workspace/dataset_extracted/Датасет/НД_для_обучения/Исследования/2.25.122446767306607067205618235949445789306/series_001_2_CR/A2504255080 DXA/CR DXA/CR000005.dcm,2.25.122446767306607067205618235949445789306,0.0,1.3303823020473564,0.6741012757670926
0.30886913475189454,0.7228330608239143,5.553062221380874,2.8089816287389575,7.081212244658709,6.0,/home/user/workspace/dataset_extracted/Датасет/НД_для_обучения/Исследования/2.25.123175695355749859846173904788591707879/series_001_2_CR/A250722449 DXA/CR DXA/CR000000.dcm,2.25.123175695355749859846173904788591707879,0.0,0.7228330608239143,1.4012874921187315
1.5331443030471568,1.6895918059121005,5.520261146500804,2.2774238479645756,6.393031367738746,9.0,/home/user/workspace/dataset_extracted/Датасет/НД_для_обучения/Исследования/2.25.124890633326693921702195356152595253940/series_002_2_CR/A2504263153 DXA/CR DXA/CR000000.dcm,2.25.124890633326693921702195356152595253940,0.0,1.6895918059121005,0.2502728059359971
0.9987598730602697,0.26668485177475926,2.5294437311345086,1.2826833236302926,1.2990014116608566,3.0,/home/user/workspace/dataset_extracted/Датасет/НД_для_обучения/Исследования/2.25.125521310320333648427417313254965624364/series_001_2_CR/A250444126 DXA/CR DXA/CR000000.dcm,2.25.125521310320333648427417313254965624364,0.0,0.2666848517747592,0.9387955302954832
0.6229437592747804,0.22649435730555362,5.3101265842558245,3.463121257615503,4.356975005846297,7.0,/home/user/workspace/dataset_extracted/Датасет/НД_для_обучения/Исследования/2.25.126293418391331346694592071563510265596/series_002_3_CR/A2507250865 DXA/CR DXA/CR000001.dcm,2.25.126293418391331346694592071563510265596,0.0,0.2264943573055536,0.8765317795091603
1.3643094593026612,1.8107588252214557,17.986502869647534,6.731408047705319,5.194761498884929,4.0,/home/user/workspace/dataset_extracted/Датасет/НД_для_обучения/Исследования/2.25.127126130998341190348103034690069487890/series_002_2_CR/A250428736 DXA/CR DXA/CR000000.dcm,2.25.127126130998341190348103034690069487890,1.0,1.810758825221456,0.4643285266456898
1.3643094593026612,1.8107588252214557,17.986502869647534,6.731408047705319,5.194761498884929,4.0,/home/user/workspace/dataset_extracted/Датасет/НД_для_обучения/Исследования/2.25.127126130998341190348103034690069487890/series_002_2_CR/A250428736 DXA/CR DXA/CR000004.dcm,2.25.127126130998341190348103034690069487890,1.0,1.810758825221456,0.4643285266456898
1.6238478791820048,1.7864575989223466,8.832251556723168,2.7120289885869,6.9320297974291245,7.0,/home/user/workspace/dataset_extracted/Датасет/НД_для_обучения/Исследования/2.25.12798473087614376830819854616447908612/series_002_2_CR/A2507538847 DXA/CR DXA/CR000000.dcm,2.25.12798473087614376830819854616447908612,0.0,1.779656519941667,1.8159807660789675
0.36786511860971205,0.5319033924700284,4.1701258629905285,1.85297858185934,1.0560238059975422,7.0,/home/user/workspace/dataset_extracted/Датасет/НД_для_обучения/Исследования/2.25.128197189461989832465575162384360009377/series_001_2_CR/A2507216909 DXA/CR DXA/CR000000.dcm,2.25.128197189461989832465575162384360009377,0.0,1.6506382919863254,1.9781903040694253
0.15893379349950246,0.8610393363547313,5.129029993612812,2.2631219157418827,1.5966814490799304,5.0,/home/user/workspace/dataset_extracted/Датасет/НД_для_обучения/Исследования/2.25.128630285053087246379265602913470285158/series_003_2_CR/A2504394821 DXA/CR DXA/CR000000.dcm,2.25.128630285053087246379265602913470285158,0.0,2.7034689929220965,0.936133040827368
1.878870321278243,1.5712226953969608,9.458040492268331,3.7802843803526707,5.69772924469534,6.0,/home/user/workspace/dataset_extracted/Датасет/НД_для_обучения/Исследования/2.25.128990540359421489042453547244535073735/series_002_2_CR/A2507388698 DXA/CR DXA/CR000001.dcm,2.25.128990540359421489042453547244535073735,0.0,1.5712226953969608,0.9626306966885848
1.878870321278243,1.5712226953969608,9.458040492268331,3.7802843803526707,5.69772924469534,6.0,/home/user/workspace/dataset_extracted/Датасет/НД_для_обучения/Исследования/2.25.128990540359421489042453547244535073735/series_002_2_CR/A2507388698 DXA/CR DXA/CR000004.dcm,2.25.128990540359421489042453547244535073735,0.0,1.5712226953969608,0.9626306966885848
0.38669230309141256,0.0531836924506002,2.584901850544275,1.212251304273336,2.181641403551466,5.0,/home/user/workspace/dataset_extracted/Датасет/НД_для_обучения/Исследования/2.25.13069823278093578548407087310307113784/series_003_2_CR/A2507242667 DXA/CR DXA/CR000001.dcm,2.25.13069823278093578548407087310307113784,0.0,0.0531836924506002,0.7071368188845186
3.810275799296712,3.77738603722455,10.059131659254806,3.404707689852818,8.85795876362835,7.0,/home/user/workspace/dataset_extracted/Датасет/НД_для_обучения/Исследования/2.25.132083163398091874662674590622589534350/series_003_2_CR/A2507386583 DXA Exam/CR DXA Images/CR000001.dcm,2.25.132083163398091874662674590622589534350,0.0,3.77738603722455,0.0255893684020303
9.848316054666983,3.8530953962448136,14.476092410274813,7.431237410563673,16.266891890764445,4.0,/home/user/workspace/dataset_extracted/Датасет/НД_для_обучения/Исследования/2.25.132272637351979990811754009849547633391/series_003_3_CR/A2504141080 DXA/CR DXA/CR000002.dcm,2.25.132272637351979990811754009849547633391,0.0,3.8530953962448136,1.1144605099080185
3.32740424172657,2.6485548260933944,7.777207162804217,4.300029991724896,8.478551973569953,7.0,/home/user/workspace/dataset_extracted/Датасет/НД_для_обучения/Исследования/2.25.13325817932854000792938662637654885530/series_002_2_CR/A2507365486 DXA/CR DXA/CR000000.dcm,2.25.13325817932854000792938662637654885530,0.0,0.6442590622906721,6.686269081750701
3.32740424172657,2.6485548260933944,7.777207162804217,4.300029991724896,8.478551973569953,7.0,/home/user/workspace/dataset_extracted/Датасет/НД_для_обучения/Исследования/2.25.13325817932854000792938662637654885530/series_002_2_CR/A2507365486 DXA/CR DXA/CR000010.dcm,2.25.13325817932854000792938662637654885530,0.0,0.6442590622906721,6.686269081750701
3.32740424172657,2.6485548260933944,7.777207162804217,4.300029991724896,8.478551973569953,7.0,/home/user/workspace/dataset_extracted/Датасет/НД_для_обучения/Исследования/2.25.13325817932854000792938662637654885530/series_002_2_CR/A2507365486 DXA/CR DXA/CR000012.dcm,2.25.13325817932854000792938662637654885530,0.0,0.6442590622906721,6.686269081750701
2.7788607625355164,1.0344485217128523,3.7106867419413754,2.6411258069111625,3.632950739488207,4.0,/home/user/workspace/dataset_extracted/Датасет/НД_для_обучения/Исследования/2.25.134456506307367483341018281460841912845/series_002_2_CR/A2507120612 DXA/CR DXA/CR000001.dcm,2.25.134456506307367483341018281460841912845,0.0,1.0344485217128525,1.5317119335459892
1.872356411155383,1.0684689986956488,13.143579228025223,4.571503987867454,6.458816378718655,7.0,/home/user/workspace/dataset_extracted/Датасет/НД_для_обучения/Исследования/2.25.135241889065705954191821710363605596815/series_003_3_CR/A250715060 DXA/CR DXA/CR000001.dcm,2.25.135241889065705954191821710363605596815,0.0,1.0684689986956488,0.8987033848914352
2.9737310824801084,1.6539362680142895,3.961306465169389,2.1305599323665296,4.398705354995532,3.0,/home/user/workspace/dataset_extracted/Датасет/НД_для_обучения/Исследования/2.25.13566237352084812982996047541944701548/series_002_2_CR/A2504268931 DXA/CR DXA/CR000000.dcm,2.25.13566237352084812982996047541944701548,0.0,1.6539362680142895,0.0981337091770524
0.5766224279398344,0.6766458254204741,3.257900747926662,1.0329442178556372,2.2963447818359826,6.0,/home/user/workspace/dataset_extracted/Датасет/НД_для_обучения/Исследования/2.25.137344827330550141320158285144101816664/series_003_3_CR/A2507146630 DXA/CR DXA/CR000000.dcm,2.25.137344827330550141320158285144101816664,0.0,0.6766458254204741,0.01704149092646
1.184723438608484,1.1434661156587804,6.020530698160194,3.7335870669084223,3.772283609379836,6.0,/home/user/workspace/dataset_extracted/Датасет/НД_для_обучения/Исследования/2.25.137675513852774974135210999345676405116/series_001_2_CR/A2504106597 DXA/CR DXA/CR000000.dcm,2.25.137675513852774974135210999345676405116,0.0,1.1434661156587804,0.0028071938209297
0.14173324092510875,0.027948552928025727,4.671308768909182,2.999895074228682,4.666858371438996,8.0,/home/user/workspace/dataset_extracted/Датасет/НД_для_обучения/Исследования/2.25.13983650679559142983913935144968795415/series_003_2_CR/A2504335111 DXA/CR DXA/CR000000.dcm,2.25.13983650679559142983913935144968795415,0.0,0.0279485529280257,0.3476214964648685
0.14173324092510875,0.027948552928025727,4.671308768909182,2.999895074228682,4.666858371438996,8.0,/home/user/workspace/dataset_extracted/Датасет/НД_для_обучения/Исследования/2.25.13983650679559142983913935144968795415/series_003_2_CR/A2504335111 DXA/CR DXA/CR000003.dcm,2.25.13983650679559142983913935144968795415,0.0,0.0279485529280257,0.3476214964648685
1.4232048466331204,1.557101601100957,5.644341384924867,2.390457783109764,3.632950739488207,5.0,/home/user/workspace/dataset_extracted/Датасет/НД_для_обучения/Исследования/2.25.144941557565802351596730914409170713112/series_001_2_CR/A250728979 DXA/CR DXA/CR000006.dcm,2.25.144941557565802351596730914409170713112,0.0,1.557101601100957,0.3665642608405655
1.4232048466331204,1.557101601100957,5.644341384924867,2.390457783109764,3.632950739488207,5.0,/home/user/workspace/dataset_extracted/Датасет/НД_для_обучения/Исследования/2.25.144941557565802351596730914409170713112/series_001_2_CR/A250728979 DXA/CR DXA/CR000008.dcm,2.25.144941557565802351596730914409170713112,0.0,1.557101601100957,0.3665642608405655
1.4232048466331204,1.557101601100957,5.644341384924867,2.390457783109764,3.632950739488207,5.0,/home/user/workspace/dataset_extracted/Датасет/НД_для_обучения/Исследования/2.25.144941557565802351596730914409170713112/series_001_2_CR/A250728979 DXA/CR DXA/CR000009.dcm,2.25.144941557565802351596730914409170713112,0.0,1.557101601100957,0.3665642608405655
1.6503222161908135,1.7580441301695702,6.027530295521185,3.3131931577369698,5.155584317406232,6.0,/home/user/workspace/dataset_extracted/Датасет/НД_для_обучения/Исследования/2.25.145848300160680194368420189079847088556/series_002_2_CR/A2504248615 DXA Exam/CR DXA Images/CR000002.dcm,2.25.145848300160680194368420189079847088556,0.0,1.7580441301695702,1.513074193110957
1.226771992185551,1.1468751648120217,10.395482276556356,5.545045268990512,3.9989738439468123,7.0,/home/user/workspace/dataset_extracted/Датасет/НД_для_обучения/Исследования/2.25.151186844055172005615813066162721550889/series_002_2_CR/A250436130 DXA/CR DXA/CR000000.dcm,2.25.151186844055172005615813066162721550889,0.0,1.1468751648120217,0.7014256228148197
1.6757757402651974,1.327941764120689,15.242027643169662,5.777488780359643,5.648247373735263,10.0,/home/user/workspace/dataset_extracted/Датасет/НД_для_обучения/Исследования/2.25.156021661584944120526934974594604520993/series_003_2_CR/A2507142228 DXA/CR DXA/CR000000.dcm,2.25.156021661584944120526934974594604520993,0.0,1.3199659410897475,0.0486875833776037
1.6757757402651974,1.327941764120689,15.242027643169662,5.777488780359643,5.648247373735263,10.0,/home/user/workspace/dataset_extracted/Датасет/НД_для_обучения/Исследования/2.25.156021661584944120526934974594604520993/series_003_2_CR/A2507142228 DXA/CR DXA/CR000008.dcm,2.25.156021661584944120526934974594604520993,0.0,1.3199659410897475,0.0486875833776037
1.6757757402651974,1.327941764120689,15.242027643169662,5.777488780359643,5.648247373735263,10.0,/home/user/workspace/dataset_extracted/Датасет/НД_для_обучения/Исследования/2.25.156021661584944120526934974594604520993/series_003_2_CR/A2507142228 DXA/CR DXA/CR000011.dcm,2.25.156021661584944120526934974594604520993,0.0,1.3199659410897475,0.0486875833776037
0.4339012228333327,0.520849122138754,5.468062502106252,2.6096713721308373,4.899092453787765,4.0,/home/user/workspace/dataset_extracted/Датасет/НД_для_обучения/Исследования/2.25.156375884487675936513403083218009333856/series_003_2_CR/A250727121 DXA/CR DXA/CR000001.dcm,2.25.156375884487675936513403083218009333856,0.0,0.520849122138754,1.2912700681168907
0.4339012228333327,0.520849122138754,5.468062502106252,2.6096713721308373,4.899092453787765,4.0,/home/user/workspace/dataset_extracted/Датасет/НД_для_обучения/Исследования/2.25.156375884487675936513403083218009333856/series_003_2_CR/A250727121 DXA/CR DXA/CR000003.dcm,2.25.156375884487675936513403083218009333856,0.0,0.520849122138754,1.2912700681168907
0.4339012228333327,0.520849122138754,5.468062502106252,2.6096713721308373,4.899092453787765,4.0,/home/user/workspace/dataset_extracted/Датасет/НД_для_обучения/Исследования/2.25.156375884487675936513403083218009333856/series_003_2_CR/A250727121 DXA/CR DXA/CR000009.dcm,2.25.156375884487675936513403083218009333856,0.0,0.520849122138754,1.2912700681168907
0.08164694083443395,0.0376815218235733,2.8858321501132034,1.3597321069860022,3.3117949304552976,6.0,/home/user/workspace/dataset_extracted/Датасет/НД_для_обучения/Исследования/2.25.156389075510671877606923458507011517218/series_001_2_CR/A2507389755 DXA/CR DXA/CR000002.dcm,2.25.156389075510671877606923458507011517218,0.0,0.0376815218235733,1.3410242230649276
0.08164694083443395,0.0376815218235733,2.8858321501132034,1.3597321069860022,3.3117949304552976,6.0,/home/user/workspace/dataset_extracted/Датасет/НД_для_обучения/Исследования/2.25.156389075510671877606923458507011517218/series_001_2_CR/A2507389755 DXA/CR DXA/CR000003.dcm,2.25.156389075510671877606923458507011517218,0.0,0.0376815218235733,1.3410242230649276
0.4767915973924364,0.1768553478130811,4.2609776962793315,2.6392164083120693,4.864514437760526,3.0,/home/user/workspace/dataset_extracted/Датасет/НД_для_обучения/Исследования/2.25.157462338378550185821790046400986801350/series_001_2_CR/A2507498707 DXA/CR DXA/CR000000.dcm,2.25.157462338378550185821790046400986801350,0.0,0.1768553478130811,1.0219107157739231
0.4767915973924364,0.1768553478130811,4.2609776962793315,2.6392164083120693,4.864514437760526,3.0,/home/user/workspace/dataset_extracted/Датасет/НД_для_обучения/Исследования/2.25.157462338378550185821790046400986801350/series_001_2_CR/A2507498707 DXA/CR DXA/CR000002.dcm,2.25.157462338378550185821790046400986801350,0.0,0.1768553478130811,1.0219107157739231
1.3831303680280127,1.5749070386823656,5.118052551207497,2.877951670350615,2.0865551670532128,7.0,/home/user/workspace/dataset_extracted/Датасет/НД_для_обучения/Исследования/2.25.158197739569377798130962967413133224194/series_002_2_CR/A2504245497 DXA/CR DXA/CR000000.dcm,2.25.158197739569377798130962967413133224194,0.0,1.5749070386823656,0.0166401701070282
0.6277415342169747,1.1810348257130119,8.520115806927775,4.077368999423317,12.0947570770121,6.0,/home/user/workspace/dataset_extracted/Датасет/НД_для_обучения/Исследования/2.25.158646777318759504110695916200521633609/series_003_6_CR/A2507266260 DXA/CR DXA/CR000001.dcm,2.25.158646777318759504110695916200521633609,0.0,1.181034825713012,4.9177085665342
0.6277415342169747,1.1810348257130119,8.520115806927775,4.077368999423317,12.0947570770121,6.0,/home/user/workspace/dataset_extracted/Датасет/НД_для_обучения/Исследования/2.25.158646777318759504110695916200521633609/series_003_6_CR/A2507266260 DXA/CR DXA/CR000002.dcm,2.25.158646777318759504110695916200521633609,0.0,1.181034825713012,4.9177085665342
0.6277415342169747,1.1810348257130119,8.520115806927775,4.077368999423317,12.0947570770121,6.0,/home/user/workspace/dataset_extracted/Датасет/НД_для_обучения/Исследования/2.25.158646777318759504110695916200521633609/series_003_6_CR/A2507266260 DXA/CR DXA/CR000008.dcm,2.25.158646777318759504110695916200521633609,0.0,1.181034825713012,4.9177085665342
0.6277415342169747,1.1810348257130119,8.520115806927775,4.077368999423317,12.0947570770121,6.0,/home/user/workspace/dataset_extracted/Датасет/НД_для_обучения/Исследования/2.25.158646777318759504110695916200521633609/series_003_6_CR/A2507266260 DXA/CR DXA/CR000009.dcm,2.25.158646777318759504110695916200521633609,0.0,1.181034825713012,4.9177085665342
0.6277415342169747,1.1810348257130119,8.520115806927775,4.077368999423317,12.0947570770121,6.0,/home/user/workspace/dataset_extracted/Датасет/НД_для_обучения/Исследования/2.25.158646777318759504110695916200521633609/series_004_2_CR/A2507266260 DXA/CR DXA/CR000000.dcm,2.25.158646777318759504110695916200521633609,0.0,1.181034825713012,4.9177085665342
0.6277415342169747,1.1810348257130119,8.520115806927775,4.077368999423317,12.0947570770121,6.0,/home/user/workspace/dataset_extracted/Датасет/НД_для_обучения/Исследования/2.25.158646777318759504110695916200521633609/series_004_2_CR/A2507266260 DXA/CR DXA/CR000002.dcm,2.25.158646777318759504110695916200521633609,0.0,1.181034825713012,4.9177085665342
0.6277415342169747,1.1810348257130119,8.520115806927775,4.077368999423317,12.0947570770121,6.0,/home/user/workspace/dataset_extracted/Датасет/НД_для_обучения/Исследования/2.25.158646777318759504110695916200521633609/series_004_2_CR/A2507266260 DXA/CR DXA/CR000005.dcm,2.25.158646777318759504110695916200521633609,0.0,1.181034825713012,4.9177085665342
0.6277415342169747,1.1810348257130119,8.520115806927775,4.077368999423317,12.0947570770121,6.0,/home/user/workspace/dataset_extracted/Датасет/НД_для_обучения/Исследования/2.25.158646777318759504110695916200521633609/series_004_2_CR/A2507266260 DXA/CR DXA/CR000008.dcm,2.25.158646777318759504110695916200521633609,0.0,1.181034825713012,4.9177085665342
0.6277415342169747,1.1810348257130119,8.520115806927775,4.077368999423317,12.0947570770121,6.0,/home/user/workspace/dataset_extracted/Датасет/НД_для_обучения/Исследования/2.25.158646777318759504110695916200521633609/series_004_2_CR/A2507266260 DXA/CR DXA/CR000012.dcm,2.25.158646777318759504110695916200521633609,0.0,1.181034825713012,4.9177085665342
0.6277415342169747,1.1810348257130119,8.520115806927775,4.077368999423317,12.0947570770121,6.0,/home/user/workspace/dataset_extracted/Датасет/НД_для_обучения/Исследования/2.25.158646777318759504110695916200521633609/series_004_2_CR/A2507266260 DXA/CR DXA/CR000013.dcm,2.25.158646777318759504110695916200521633609,0.0,1.181034825713012,4.9177085665342
0.5683918646793944,0.13361555217336535,6.554927903902943,4.552888769331534,3.2704879231835653,6.0,/home/user/workspace/dataset_extracted/Датасет/НД_для_обучения/Исследования/2.25.159930383074323525630608416881201447861/series_002_2_CR/A2507139428 DXA/CR DXA/CR000000.dcm,2.25.159930383074323525630608416881201447861,0.0,0.1369591834669217,0.000220128624361
1.4363467530481548,1.0455757435560795,13.84169267419479,5.018621566906163,2.817806400697936,9.0,/home/user/workspace/dataset_extracted/Датасет/НД_для_обучения/Исследования/2.25.164566280810634620154538016595892212884/series_001_2_CR/A2504291878 DXA Exam/CR DXA Images/CR000001.dcm,2.25.164566280810634620154538016595892212884,0.0,1.0455757435560795,0.5515940666232999
2.127151112850802,1.8674447945984405,10.114634298555904,7.106296321519993,8.50529783080256,5.0,/home/user/workspace/dataset_extracted/Датасет/НД_для_обучения/Исследования/2.25.165091430504580219034019815337441064349/series_001_2_CR/A2504415443 DXA/CR DXA/CR000002.dcm,2.25.165091430504580219034019815337441064349,0.0,1.8674447945984405,0.1406901581263979
2.127151112850802,1.8674447945984405,10.114634298555904,7.106296321519993,8.50529783080256,5.0,/home/user/workspace/dataset_extracted/Датасет/НД_для_обучения/Исследования/2.25.165091430504580219034019815337441064349/series_001_2_CR/A2504415443 DXA/CR DXA/CR000003.dcm,2.25.165091430504580219034019815337441064349,0.0,1.8674447945984405,0.1406901581263979
1.3506904462385225,1.235865751726197,3.593929753179787,2.698531883229586,1.4320961841646465,3.0,/home/user/workspace/dataset_extracted/Датасет/НД_для_обучения/Исследования/2.25.165355673991587715046346525964554729786/series_003_3_CR/A2506448267 DXA/CR DXA/CR000001.dcm,2.25.165355673991587715046346525964554729786,0.0,1.255909284047378,0.1634979680128783
0.7403206291135774,0.7522542398919556,8.951070641679724,3.8295438950061063,5.440332031005506,9.0,/home/user/workspace/dataset_extracted/Датасет/НД_для_обучения/Исследования/2.25.167344201679287285499405412654740659745/series_003_2_CR/A2504249537 DXA/CR DXA/CR000002.dcm,2.25.167344201679287285499405412654740659745,0.0,0.7522542398919556,1.154504460307891
0.7403206291135774,0.7522542398919556,8.951070641679724,3.8295438950061063,5.440332031005506,9.0,/home/user/workspace/dataset_extracted/Датасет/НД_для_обучения/Исследования/2.25.167344201679287285499405412654740659745/series_003_2_CR/A2504249537 DXA/CR DXA/CR000004.dcm,2.25.167344201679287285499405412654740659745,0.0,0.7522542398919556,1.154504460307891
1.1151930079270036,1.462735274834444,4.289153328819023,1.4569371259827597,3.7517290705259754,7.0,/home/user/workspace/dataset_extracted/Датасет/НД_для_обучения/Исследования/2.25.16773626720107440979805052259711419763/series_004_2_CR/A2507537392 DXA/CR DXA/CR000000.dcm,2.25.16773626720107440979805052259711419763,0.0,1.462735274834444,0.0460223426633454
1.1151930079270036,1.462735274834444,4.289153328819023,1.4569371259827597,3.7517290705259754,7.0,/home/user/workspace/dataset_extracted/Датасет/НД_для_обучения/Исследования/2.25.16773626720107440979805052259711419763/series_004_2_CR/A2507537392 DXA/CR DXA/CR000003.dcm,2.25.16773626720107440979805052259711419763,0.0,1.462735274834444,0.0460223426633454
1.1151930079270036,1.462735274834444,4.289153328819023,1.4569371259827597,3.7517290705259754,7.0,/home/user/workspace/dataset_extracted/Датасет/НД_для_обучения/Исследования/2.25.16773626720107440979805052259711419763/series_004_2_CR/A2507537392 DXA/CR DXA/CR000011.dcm,2.25.16773626720107440979805052259711419763,0.0,1.462735274834444,0.0460223426633454
1.1947335779710926,0.6599720652675279,5.2874674958668475,3.6777047486706835,6.9320297974291245,7.0,/home/user/workspace/dataset_extracted/Датасет/НД_для_обучения/Исследования/2.25.168317503020329569414190677927680518621/series_004_2_CR/A2507557128 DXA/CR DXA/CR000003.dcm,2.25.168317503020329569414190677927680518621,0.0,0.6599720652675279,0.1111118815196665
1.1947335779710926,0.6599720652675279,5.2874674958668475,3.6777047486706835,6.9320297974291245,7.0,/home/user/workspace/dataset_extracted/Датасет/НД_для_обучения/Исследования/2.25.168317503020329569414190677927680518621/series_004_2_CR/A2507557128 DXA/CR DXA/CR000006.dcm,2.25.168317503020329569414190677927680518621,0.0,0.6599720652675279,0.1111118815196665
1.1947335779710926,0.6599720652675279,5.2874674958668475,3.6777047486706835,6.9320297974291245,7.0,/home/user/workspace/dataset_extracted/Датасет/НД_для_обучения/Исследования/2.25.168317503020329569414190677927680518621/series_004_2_CR/A2507557128 DXA/CR DXA/CR000009.dcm,2.25.168317503020329569414190677927680518621,0.0,0.6599720652675279,0.1111118815196665
1.5295638938535534,0.5309666748119826,3.940744953964531,2.276082958793585,3.945186229037563,5.0,/home/user/workspace/dataset_extracted/Датасет/НД_для_обучения/Исследования/2.25.169242707068684757906797344800977707240/series_003_2_CR/A2507185832 DXA/CR DXA/CR000000.dcm,2.25.169242707068684757906797344800977707240,0.0,0.5309666748119826,0.5091611838895931
1.7157200136965907,1.9879326332204512,7.184716843606202,2.8738064593263437,5.024075258539548,8.0,/home/user/workspace/dataset_extracted/Датасет/НД_для_обучения/Исследования/2.25.172445998420765569384934552191547932566/series_004_2_CR/A2507368766 DXA/CR DXA/CR000000.dcm,2.25.172445998420765569384934552191547932566,0.0,1.9879326332204512,0.02930584314317
1.7838552521585864,1.8013589238881056,7.099417561108606,2.757555980940627,2.973731082480108,6.0,/home/user/workspace/dataset_extracted/Датасет/НД_для_обучения/Исследования/2.25.173731186748227489808861376513577450951/series_002_2_CR/A2507188958 DXA/CR DXA/CR000000.dcm,2.25.173731186748227489808861376513577450951,0.0,1.752182948652114,0.241850559765745
3.1269534585724523,3.1269794664729345,17.449007526664662,7.03778169673506,7.657709693713876,8.0,/home/user/workspace/dataset_extracted/Датасет/НД_для_обучения/Исследования/2.25.173753313169335820519632380691065649420/series_003_2_CR/A2504265499 DXA/CR DXA/CR000002.dcm,2.25.173753313169335820519632380691065649420,1.0,3.1269794664729345,0.1566373083606382
3.1269534585724523,3.1269794664729345,17.449007526664662,7.03778169673506,7.657709693713876,8.0,/home/user/workspace/dataset_extracted/Датасет/НД_для_обучения/Исследования/2.25.173753313169335820519632380691065649420/series_003_2_CR/A2504265499 DXA/CR DXA/CR000005.dcm,2.25.173753313169335820519632380691065649420,1.0,3.1269794664729345,0.1566373083606382
3.1269534585724523,3.1269794664729345,17.449007526664662,7.03778169673506,7.657709693713876,8.0,/home/user/workspace/dataset_extracted/Датасет/НД_для_обучения/Исследования/2.25.173753313169335820519632380691065649420/series_003_2_CR/A2504265499 DXA/CR DXA/CR000008.dcm,2.25.173753313169335820519632380691065649420,1.0,3.1269794664729345,0.1566373083606382
2.2045835083719925,2.3994067892095194,9.244209420994514,3.9444485818455686,5.826342029555774,9.0,/home/user/workspace/dataset_extracted/Датасет/НД_для_обучения/Исследования/2.25.175881661753775295785039265792986971602/series_003_2_CR/A2507266462 DXA/CR DXA/CR000001.dcm,2.25.175881661753775295785039265792986971602,0.0,2.3934172921988024,0.0160710134569939
0.7029804227355815,0.5161670213788248,3.9603956032601793,1.263487697022829,2.0454084888872273,7.0,/home/user/workspace/dataset_extracted/Датасет/НД_для_обучения/Исследования/2.25.175903805423871105435148927871625232853/series_001_2_CR/A2507159447 DXA/CR DXA/CR000000.dcm,2.25.175903805423871105435148927871625232853,0.0,0.5161670213788248,0.0984775740345533
2.1309528871049226,2.1278342237735,7.835483493212944,3.5994063364758047,7.569705054817821,7.0,/home/user/workspace/dataset_extracted/Датасет/НД_для_обучения/Исследования/2.25.17706555930735581384953296958427669848/series_004_3_CR/A2504146513 DXA/CR DXA/CR000001.dcm,2.25.17706555930735581384953296958427669848,0.0,2.1278342237735,2.356573824135692
2.1309528871049226,2.1278342237735,7.835483493212944,3.5994063364758047,7.569705054817821,7.0,/home/user/workspace/dataset_extracted/Датасет/НД_для_обучения/Исследования/2.25.17706555930735581384953296958427669848/series_004_3_CR/A2504146513 DXA/CR DXA/CR000002.dcm,2.25.17706555930735581384953296958427669848,0.0,2.1278342237735,2.356573824135692
0.7186550150360194,1.8573441274480293,12.01466000166874,4.05125943099793,4.506606883768321,8.0,/home/user/workspace/dataset_extracted/Датасет/НД_для_обучения/Исследования/2.25.177745077805190810016231350557005569203/series_002_2_CR/A2504273759 DXA/CR DXA/CR000001.dcm,2.25.177745077805190810016231350557005569203,0.0,1.3770208734154894,0.5732752673095334
0.7186550150360194,1.8573441274480293,12.01466000166874,4.05125943099793,4.506606883768321,8.0,/home/user/workspace/dataset_extracted/Датасет/НД_для_обучения/Исследования/2.25.177745077805190810016231350557005569203/series_002_2_CR/A2504273759 DXA/CR DXA/CR000002.dcm,2.25.177745077805190810016231350557005569203,0.0,1.3770208734154894,0.5732752673095334
3.8041972735301806,3.50862570982094,4.8537258228039875,2.7760880521095053,12.49342902916925,6.0,/home/user/workspace/dataset_extracted/Датасет/НД_для_обучения/Исследования/2.25.178533355209696795441380751187185128893/series_003_2_CR/A2507155452 DXA/CR DXA/CR000000.dcm,2.25.178533355209696795441380751187185128893,0.0,3.50862570982094,0.0106837533614303
1.5778959901724572,1.625793442324419,9.603614292603096,4.3644299660072345,5.440332031005506,9.0,/home/user/workspace/dataset_extracted/Датасет/НД_для_обучения/Исследования/2.25.181196659018348153828200695057897449628/series_004_2_CR/A2507370620 DXA/CR DXA/CR000002.dcm,2.25.181196659018348153828200695057897449628,0.0,1.625793442324419,0.123559389724092
1.5778959901724572,1.625793442324419,9.603614292603096,4.3644299660072345,5.440332031005506,9.0,/home/user/workspace/dataset_extracted/Датасет/НД_для_обучения/Исследования/2.25.181196659018348153828200695057897449628/series_004_2_CR/A2507370620 DXA/CR DXA/CR000003.dcm,2.25.181196659018348153828200695057897449628,0.0,1.625793442324419,0.123559389724092
1.5778959901724572,1.625793442324419,9.603614292603096,4.3644299660072345,5.440332031005506,9.0,/home/user/workspace/dataset_extracted/Датасет/НД_для_обучения/Исследования/2.25.181196659018348153828200695057897449628/series_004_2_CR/A2507370620 DXA/CR DXA/CR000011.dcm,2.25.181196659018348153828200695057897449628,0.0,1.625793442324419,0.123559389724092
2.3749615157613695,1.1449069093704192,6.0442549447933915,2.9084885933720206,4.870581014000556,3.0,/home/user/workspace/dataset_extracted/Датасет/НД_для_обучения/Исследования/2.25.184198356665635336833172191504278054074/series_004_2_CR/A250788286 DXA/CR DXA/CR000000.dcm,2.25.184198356665635336833172191504278054074,0.0,1.1449069093704192,0.2001769930040986
1.60450423756235,1.6388998465214515,6.988934391398977,4.236886069086318,4.085616779974877,3.0,/home/user/workspace/dataset_extracted/Датасет/НД_для_обучения/Исследования/2.25.186201010600484120326273381077449377115/series_004_2_CR/A250777475 DXA/CR DXA/CR000007.dcm,2.25.186201010600484120326273381077449377115,0.0,3.0170974407232114,0.789549207378454
1.60450423756235,1.6388998465214515,6.988934391398977,4.236886069086318,4.085616779974877,3.0,/home/user/workspace/dataset_extracted/Датасет/НД_для_обучения/Исследования/2.25.186201010600484120326273381077449377115/series_004_2_CR/A250777475 DXA/CR DXA/CR000010.dcm,2.25.186201010600484120326273381077449377115,0.0,3.0170974407232114,0.789549207378454
1.60450423756235,1.6388998465214515,6.988934391398977,4.236886069086318,4.085616779974877,3.0,/home/user/workspace/dataset_extracted/Датасет/НД_для_обучения/Исследования/2.25.186201010600484120326273381077449377115/series_004_2_CR/A250777475 DXA/CR DXA/CR000011.dcm,2.25.186201010600484120326273381077449377115,0.0,3.0170974407232114,0.789549207378454
0.33693343104575896,1.0849177007581325,5.810318084356896,2.22989589213499,4.430530446804811,6.0,/home/user/workspace/dataset_extracted/Датасет/НД_для_обучения/Исследования/2.25.190331309633057244929837507901317950031/series_001_2_CR/A250791815 DXA/CR DXA/CR000003.dcm,2.25.190331309633057244929837507901317950031,1.0,2.883127945121833,2.401762635278888
0.33693343104575896,1.0849177007581325,5.810318084356896,2.22989589213499,4.430530446804811,6.0,/home/user/workspace/dataset_extracted/Датасет/НД_для_обучения/Исследования/2.25.190331309633057244929837507901317950031/series_001_2_CR/A250791815 DXA/CR DXA/CR000005.dcm,2.25.190331309633057244929837507901317950031,1.0,2.883127945121833,2.401762635278888
0.33693343104575896,1.0849177007581325,5.810318084356896,2.22989589213499,4.430530446804811,6.0,/home/user/workspace/dataset_extracted/Датасет/НД_для_обучения/Исследования/2.25.190331309633057244929837507901317950031/series_001_2_CR/A250791815 DXA/CR DXA/CR000008.dcm,2.25.190331309633057244929837507901317950031,1.0,2.883127945121833,2.401762635278888
0.5482682363041987,0.5294263366925431,5.587067517603261,2.3022016730269845,4.002510651644254,5.0,/home/user/workspace/dataset_extracted/Датасет/НД_для_обучения/Исследования/2.25.190807933410234695931591553323782771995/series_002_3_CR/A250762254 DXA/CR DXA/CR000000.dcm,2.25.190807933410234695931591553323782771995,0.0,2.7289111991735866,3.412052274608389
1.902814404315029,1.7225757175181278,4.497863838297243,2.1986401080399305,3.042759138509578,9.0,/home/user/workspace/dataset_extracted/Датасет/НД_для_обучения/Исследования/2.25.215177279960644564778148238928738915103/series_002_2_CR/A2504147013 DXA/CR DXA/CR000001.dcm,2.25.215177279960644564778148238928738915103,0.0,1.7225757175181278,0.0010651578576186
1.902814404315029,1.7225757175181278,4.497863838297243,2.1986401080399305,3.042759138509578,9.0,/home/user/workspace/dataset_extracted/Датасет/НД_для_обучения/Исследования/2.25.215177279960644564778148238928738915103/series_002_2_CR/A2504147013 DXA/CR DXA/CR000004.dcm,2.25.215177279960644564778148238928738915103,0.0,1.7225757175181278,0.0010651578576186
2.417383765772084,2.539004014487432,4.871173792088719,3.331196289594328,4.874836606637382,4.0,/home/user/workspace/dataset_extracted/Датасет/НД_для_обучения/Исследования/2.25.217397325224876728316360420804118329081/series_002_2_CR/A250474631 DXA/CR DXA/CR000002.dcm,2.25.217397325224876728316360420804118329081,0.0,5.636136983498067,4.795202937731219
2.417383765772084,2.539004014487432,4.871173792088719,3.331196289594328,4.874836606637382,4.0,/home/user/workspace/dataset_extracted/Датасет/НД_для_обучения/Исследования/2.25.217397325224876728316360420804118329081/series_002_2_CR/A250474631 DXA/CR DXA/CR000004.dcm,2.25.217397325224876728316360420804118329081,0.0,5.636136983498067,4.795202937731219
2.417383765772084,2.539004014487432,4.871173792088719,3.331196289594328,4.874836606637382,4.0,/home/user/workspace/dataset_extracted/Датасет/НД_для_обучения/Исследования/2.25.217397325224876728316360420804118329081/series_002_2_CR/A250474631 DXA/CR DXA/CR000005.dcm,2.25.217397325224876728316360420804118329081,0.0,5.636136983498067,4.795202937731219
5.273302793427576,4.918411243393854,10.921006753964251,5.951877795404451,9.6717696973349,8.0,/home/user/workspace/dataset_extracted/Датасет/НД_для_обучения/Исследования/2.25.220866240977467582196609708837940253840/series_001_2_CR/A2504258893 DXA/CR DXA/CR000000.dcm,2.25.220866240977467582196609708837940253840,1.0,4.918411243393854,0.0010199298585433
0.6871122097716794,0.7902619391931267,8.624714138786878,4.13456349909887,7.994100420167403,6.0,/home/user/workspace/dataset_extracted/Датасет/НД_для_обучения/Исследования/2.25.234651502352368356456298825489565282446/series_002_2_CR/A2504307193 DXA/CR DXA/CR000002.dcm,2.25.234651502352368356456298825489565282446,0.0,0.7902619391931267,2.057048998672936
0.6871122097716794,0.7902619391931267,8.624714138786878,4.13456349909887,7.994100420167403,6.0,/home/user/workspace/dataset_extracted/Датасет/НД_для_обучения/Исследования/2.25.234651502352368356456298825489565282446/series_002_2_CR/A2504307193 DXA/CR DXA/CR000006.dcm,2.25.234651502352368356456298825489565282446,0.0,0.7902619391931267,2.057048998672936
0.6871122097716794,0.7902619391931267,8.624714138786878,4.13456349909887,7.994100420167403,6.0,/home/user/workspace/dataset_extracted/Датасет/НД_для_обучения/Исследования/2.25.234651502352368356456298825489565282446/series_002_2_CR/A2504307193 DXA/CR DXA/CR000008.dcm,2.25.234651502352368356456298825489565282446,0.0,0.7902619391931267,2.057048998672936
0.14781206682785128,0.28442934803201664,6.7823482679176665,2.6917935794266517,2.670753391622033,6.0,/home/user/workspace/dataset_extracted/Датасет/НД_для_обучения/Исследования/2.25.247714038039430659432048101646401574824/series_002_2_CR/A2504238024 DXA Exam/CR DXA Images/CR000002.dcm,2.25.247714038039430659432048101646401574824,0.0,0.2640815770373753,0.7573711254660882
0.8710755540306471,1.4932315362547959,9.3137433413691,2.515793146038981,4.462970452077011,7.0,/home/user/workspace/dataset_extracted/Датасет/НД_для_обучения/Исследования/2.25.269648774413746842548908998641183395622/series_001_2_CR/A2504393664 DXA/CR DXA/CR000001.dcm,2.25.269648774413746842548908998641183395622,1.0,2.6722944439433785,0.9723259297289468
4.660423070871713,4.503683629180815,9.685614720138394,3.374302160330843,8.257385691767599,5.0,/home/user/workspace/dataset_extracted/Датасет/НД_для_обучения/Исследования/2.25.269742577365511543488820993979123763373/series_003_2_CR/A250477751 DXA/CR DXA/CR000000.dcm,2.25.269742577365511543488820993979123763373,0.0,4.854414580817517,0.004045806936876
3.875677153886795,3.620670814308997,9.46886058292737,5.162372550295673,5.826342029555774,5.0,/home/user/workspace/dataset_extracted/Датасет/НД_для_обучения/Исследования/2.25.272690031744216183651627058502316132741/series_002_2_CR/A2504373414 DXA/CR DXA/CR000001.dcm,2.25.272690031744216183651627058502316132741,0.0,3.620670814308997,0.0237441602435812
3.875677153886795,3.620670814308997,9.46886058292737,5.162372550295673,5.826342029555774,5.0,/home/user/workspace/dataset_extracted/Датасет/НД_для_обучения/Исследования/2.25.272690031744216183651627058502316132741/series_002_2_CR/A2504373414 DXA/CR DXA/CR000006.dcm,2.25.272690031744216183651627058502316132741,0.0,3.620670814308997,0.0237441602435812
3.875677153886795,3.620670814308997,9.46886058292737,5.162372550295673,5.826342029555774,5.0,/home/user/workspace/dataset_extracted/Датасет/НД_для_обучения/Исследования/2.25.272690031744216183651627058502316132741/series_002_2_CR/A2504373414 DXA/CR DXA/CR000009.dcm,2.25.272690031744216183651627058502316132741,0.0,3.620670814308997,0.0237441602435812
0.716906645406678,1.8990530549183715,12.942624265794564,5.467949959780238,4.763641690726177,6.0,/home/user/workspace/dataset_extracted/Датасет/НД_для_обучения/Исследования/2.25.276415754443998872860614500027519740375/series_002_2_CR/A2504387089 DXA/CR DXA/CR000000.dcm,2.25.276415754443998872860614500027519740375,0.0,1.8990530549183715,0.6003612850081828
0.716906645406678,1.8990530549183715,12.942624265794564,5.467949959780238,4.763641690726177,6.0,/home/user/workspace/dataset_extracted/Датасет/НД_для_обучения/Исследования/2.25.276415754443998872860614500027519740375/series_002_2_CR/A2504387089 DXA/CR DXA/CR000001.dcm,2.25.276415754443998872860614500027519740375,0.0,1.8990530549183715,0.6003612850081828
1.1860785704172898,0.682208951999908,6.925435649402827,3.145817293730467,4.085616779974877,7.0,/home/user/workspace/dataset_extracted/Датасет/НД_для_обучения/Исследования/2.25.277752758923974029595977676354128739670/series_002_2_CR/A2504223752 DXA/CR DXA/CR000004.dcm,2.25.277752758923974029595977676354128739670,0.0,0.682208951999908,0.2023352411735188
1.1860785704172898,0.682208951999908,6.925435649402827,3.145817293730467,4.085616779974877,7.0,/home/user/workspace/dataset_extracted/Датасет/НД_для_обучения/Исследования/2.25.277752758923974029595977676354128739670/series_002_2_CR/A2504223752 DXA/CR DXA/CR000005.dcm,2.25.277752758923974029595977676354128739670,0.0,0.682208951999908,0.2023352411735188
1.2768981330768991,0.45155859573625323,4.905645143101772,3.497759780511869,2.8559252691711463,4.0,/home/user/workspace/dataset_extracted/Датасет/НД_для_обучения/Исследования/2.25.286999464611662854355201599068538813496/series_003_2_CR/A2504223477 DXA/CR DXA/CR000001.dcm,2.25.286999464611662854355201599068538813496,0.0,0.4515585957362532,1.7903025169601203
1.2768981330768991,0.45155859573625323,4.905645143101772,3.497759780511869,2.8559252691711463,4.0,/home/user/workspace/dataset_extracted/Датасет/НД_для_обучения/Исследования/2.25.286999464611662854355201599068538813496/series_003_2_CR/A2504223477 DXA/CR DXA/CR000004.dcm,2.25.286999464611662854355201599068538813496,0.0,0.4515585957362532,1.7903025169601203
1.2053811752034296,1.3062831387798512,4.039642430804676,2.172528659900292,3.206495854603434,5.0,/home/user/workspace/dataset_extracted/Датасет/НД_для_обучения/Исследования/2.25.29638026465755240167985424461715024381/series_004_3_CR/A2504115579 DXA/CR DXA/CR000001.dcm,2.25.29638026465755240167985424461715024381,0.0,1.3062831387798512,0.8908702321862136
0.3617680701156132,0.4423489842376765,4.248205130722513,1.4540289871780487,2.726310993906265,6.0,/home/user/workspace/dataset_extracted/Датасет/НД_для_обучения/Исследования/2.25.306921081709806079165809721263236241032/series_002_2_CR/A2504381177 DXA/CR DXA/CR000000.dcm,2.25.306921081709806079165809721263236241032,0.0,0.4423489842376765,0.0002794538906596
0.12641078112964113,0.13602223608377909,5.492741572912369,3.4637184861927217,2.811373594526532,6.0,/home/user/workspace/dataset_extracted/Датасет/НД_для_обучения/Исследования/2.25.307021710202910067378603383388989711646/series_004_2_CR/A2504110565 DXA/CR DXA/CR000000.dcm,2.25.307021710202910067378603383388989711646,0.0,0.136022236083779,0.3439006067696386
0.12641078112964113,0.13602223608377909,5.492741572912369,3.4637184861927217,2.811373594526532,6.0,/home/user/workspace/dataset_extracted/Датасет/НД_для_обучения/Исследования/2.25.307021710202910067378603383388989711646/series_004_2_CR/A2504110565 DXA/CR DXA/CR000010.dcm,2.25.307021710202910067378603383388989711646,0.0,0.136022236083779,0.3439006067696386
0.12641078112964113,0.13602223608377909,5.492741572912369,3.4637184861927217,2.811373594526532,6.0,/home/user/workspace/dataset_extracted/Датасет/НД_для_обучения/Исследования/2.25.307021710202910067378603383388989711646/series_004_2_CR/A2504110565 DXA/CR DXA/CR000011.dcm,2.25.307021710202910067378603383388989711646,0.0,0.136022236083779,0.3439006067696386
1.3233145712114385,1.5162000071428785,3.219046255076783,2.614010916898006,3.399714159123259,5.0,/home/user/workspace/dataset_extracted/Датасет/НД_для_обучения/Исследования/2.25.309085571913348252136520206003694446566/series_002_2_CR/A2504116267 DXA/CR DXA/CR000000.dcm,2.25.309085571913348252136520206003694446566,1.0,1.5162000071428785,2.2066542528850057
0.7394761865245071,0.9945860937754724,5.075969422877426,1.7676965821600608,2.145910504903486,9.0,/home/user/workspace/dataset_extracted/Датасет/НД_для_обучения/Исследования/2.25.314147167453134440746270747484612743945/series_002_2_CR/A2504224780 DXA/CR DXA/CR000002.dcm,2.25.314147167453134440746270747484612743945,0.0,0.9945860937754724,0.1374110933035475
0.0,0.8121198842723084,11.596724183551553,4.111532140114024,6.656320625292381,7.0,/home/user/workspace/dataset_extracted/Датасет/НД_для_обучения/Исследования/2.25.322202456901330781765399791024580391565/series_002_2_CR/A2504350020 DXA/CR DXA/CR000000.dcm,2.25.322202456901330781765399791024580391565,0.0,0.2455367137967915,0.000205851340568
0.8038998812283327,2.010114254044294,10.506679202342902,6.230750680264347,5.341994391487257,4.0,/home/user/workspace/dataset_extracted/Датасет/НД_для_обучения/Исследования/2.25.338439598607961312040815816824093323492/series_002_2_CR/A2504147124 DXA/CR DXA/CR000000.dcm,2.25.338439598607961312040815816824093323492,0.0,1.7704686578424746,3.40342735540432
3.7537084386530464,2.8976347646017326,8.016837758238355,3.9650743942946085,7.326406660169544,4.0,/home/user/workspace/dataset_extracted/Датасет/НД_для_обучения/Исследования/2.25.339027809107632348165171236474821772940/series_001_2_CR/A2504349642 DXA/CR DXA/CR000001.dcm,2.25.339027809107632348165171236474821772940,0.0,1.952537997169594,9.121970084709506
3.7537084386530464,2.8976347646017326,8.016837758238355,3.9650743942946085,7.326406660169544,4.0,/home/user/workspace/dataset_extracted/Датасет/НД_для_обучения/Исследования/2.25.339027809107632348165171236474821772940/series_001_2_CR/A2504349642 DXA/CR DXA/CR000004.dcm,2.25.339027809107632348165171236474821772940,0.0,1.952537997169594,9.121970084709506
1.6836944799530362,1.4437841038282788,4.770215961685818,2.398392623950728,5.648247373735263,8.0,/home/user/workspace/dataset_extracted/Датасет/НД_для_обучения/Исследования/2.25.340839477910528898406207279980417945/series_001_2_CR/A2504224555 DXA Exam/CR DXA Images/CR000002.dcm,2.25.340839477910528898406207279980417945,0.0,1.4437841038282788,1.3483460263032772
4.032733032256237,3.5206640056836886,7.787878344416623,3.7718510785372836,4.474445922492593,3.0,/home/user/workspace/dataset_extracted/Датасет/НД_для_обучения/Исследования/2.25.37515662379281069436632838996073181551/series_001_2_CR/A2504329840 DXA/CR DXA/CR000000.dcm,2.25.37515662379281069436632838996073181551,1.0,7.0847469224143165,0.1456734193992677
1.913933721957162,1.9543434545098448,5.387796730444778,2.378402095775907,6.9320297974291245,4.0,/home/user/workspace/dataset_extracted/Датасет/НД_для_обучения/Исследования/2.25.39068163399801173920284179500049527111/series_002_2_CR/A2504195842 DXA/CR DXA/CR000002.dcm,2.25.39068163399801173920284179500049527111,1.0,4.380050802566228,3.040322221840197
1.2622286887012,3.4227786012956063,43.56702969086071,9.609349473447827,5.758260164366759,6.0,/home/user/workspace/dataset_extracted/Датасет/НД_для_обучения/Исследования/2.25.48906424954135283790354958243772558962/series_001_2_CR/A2504185596 DXA Exam/CR DXA Images/CR000002.dcm,2.25.48906424954135283790354958243772558962,0.0,3.059168038513881,0.6209108916641632
2.002320433228356,0.22591682773811264,5.951392451839379,4.577329421990302,2.002320433228356,2.0,/home/user/workspace/dataset_extracted/Датасет/НД_для_обучения/Исследования/2.25.52532476139575422857225834315571570912/series_001_2_CR/A2504247961 DXA/CR DXA/CR000000.dcm,2.25.52532476139575422857225834315571570912,0.0,1.6384583065174223,0.9646573809155754
1.184060288516736,0.9209650819094968,2.5287941780189347,1.314811501693751,2.920721521000384,10.0,/home/user/workspace/dataset_extracted/Датасет/НД_для_обучения/Исследования/2.25.52982400970721161435951723390541696819/series_001_2_CR/A2504331065 DXA/CR DXA/CR000002.dcm,2.25.52982400970721161435951723390541696819,0.0,0.9209650819094968,0.1219927345991354
1.184060288516736,0.9209650819094968,2.5287941780189347,1.314811501693751,2.920721521000384,10.0,/home/user/workspace/dataset_extracted/Датасет/НД_для_обучения/Исследования/2.25.52982400970721161435951723390541696819/series_001_2_CR/A2504331065 DXA/CR DXA/CR000004.dcm,2.25.52982400970721161435951723390541696819,0.0,0.9209650819094968,0.1219927345991354
0.4075505384285416,2.0660938288318182,10.150257265536629,5.712834285329836,10.124671655397817,3.0,/home/user/workspace/dataset_extracted/Датасет/НД_для_обучения/Исследования/2.25.54396839637320114639948764487283877793/series_003_2_CR/A2504111090 DXA/CR DXA/CR000000.dcm,2.25.54396839637320114639948764487283877793,0.0,2.0660938288318182,1.4979515222102568
0.15893379349950246,0.34458443815396333,4.804794188298519,2.045808706268545,6.519801751656986,7.0,/home/user/workspace/dataset_extracted/Датасет/НД_для_обучения/Исследования/2.25.59542620917302828428419211045951914336/series_001_2_CR/A2504303391 DXA/CR DXA/CR000000.dcm,2.25.59542620917302828428419211045951914336,0.0,0.3445844381539633,0.1736744145569868
0.0,0.049961017806470484,3.6510366052951455,1.1084348685710785,1.9636575340519626,10.0,/home/user/workspace/dataset_extracted/Датасет/НД_для_обучения/Исследования/2.25.65954778282254353457041255543338557112/series_004_3_CR/A2504246289 DXA/CR DXA/CR000002.dcm,2.25.65954778282254353457041255543338557112,0.0,0.0499610178064704,0.0063442414997409
0.875705037602063,0.7346815036000418,4.666858371438979,2.0886238559135517,3.0286985783405864,9.0,/home/user/workspace/dataset_extracted/Датасет/НД_для_обучения/Исследования/2.25.66397484472966116002950503539482860450/series_001_2_CR/A2504194637 DXA/CR DXA/CR000004.dcm,2.25.66397484472966116002950503539482860450,0.0,0.1957124761399294,1.0966849343413785
0.875705037602063,0.7346815036000418,4.666858371438979,2.0886238559135517,3.0286985783405864,9.0,/home/user/workspace/dataset_extracted/Датасет/НД_для_обучения/Исследования/2.25.66397484472966116002950503539482860450/series_001_2_CR/A2504194637 DXA/CR DXA/CR000008.dcm,2.25.66397484472966116002950503539482860450,0.0,0.1957124761399294,1.0966849343413785
0.875705037602063,0.7346815036000418,4.666858371438979,2.0886238559135517,3.0286985783405864,9.0,/home/user/workspace/dataset_extracted/Датасет/НД_для_обучения/Исследования/2.25.66397484472966116002950503539482860450/series_001_2_CR/A2504194637 DXA/CR DXA/CR000009.dcm,2.25.66397484472966116002950503539482860450,0.0,0.1957124761399294,1.0966849343413785
2.782189271597529,2.7050164715719918,5.950090200117089,3.3302190632873065,7.46056612616835,5.0,/home/user/workspace/dataset_extracted/Датасет/НД_для_обучения/Исследования/2.25.73070100851377917031356937075051545239/series_002_2_CR/A2504239110 DXA/CR DXA/CR000002.dcm,2.25.73070100851377917031356937075051545239,1.0,2.7131102225688646,0.0622855947078004
2.782189271597529,2.7050164715719918,5.950090200117089,3.3302190632873065,7.46056612616835,5.0,/home/user/workspace/dataset_extracted/Датасет/НД_для_обучения/Исследования/2.25.73070100851377917031356937075051545239/series_002_2_CR/A2504239110 DXA/CR DXA/CR000003.dcm,2.25.73070100851377917031356937075051545239,1.0,2.7131102225688646,0.0622855947078004
2.026426799517706,1.757352688856031,3.9692634567194833,1.6421306500111272,4.751325315268188,3.0,/home/user/workspace/dataset_extracted/Датасет/НД_для_обучения/Исследования/2.25.76710355977373089612172037086913478687/series_002_3_CR/A2504104830 DXA/CR DXA/CR000001.dcm,2.25.76710355977373089612172037086913478687,0.0,2.0329112862472267,5.223709261722048
1.4943140275962947,1.4943140275962947,1.4943140275962947,1.4943140275962947,1.4943140275962947,1.0,/home/user/workspace/dataset_extracted/Датасет/НД_для_обучения/Исследования/2.25.78999454687125053757525542837745968726/series_004_3_CR/A2504222617 DXA/CR DXA/CR000002.dcm,2.25.78999454687125053757525542837745968726,0.0,1.0090810892787885,0.8982474042490813
1.7711047964388162,1.212337487036775,7.785423076418286,2.3618566027056644,5.024075258539548,7.0,/home/user/workspace/dataset_extracted/Датасет/НД_для_обучения/Исследования/2.25.82912555346523716720160717883917565880/series_002_2_CR/A2504149480 DXA/CR DXA/CR000001.dcm,2.25.82912555346523716720160717883917565880,0.0,1.212337487036775,0.4867173869084491
1.7711047964388162,1.212337487036775,7.785423076418286,2.3618566027056644,5.024075258539548,7.0,/home/user/workspace/dataset_extracted/Датасет/НД_для_обучения/Исследования/2.25.82912555346523716720160717883917565880/series_002_2_CR/A2504149480 DXA/CR DXA/CR000005.dcm,2.25.82912555346523716720160717883917565880,0.0,1.212337487036775,0.4867173869084491
0.9874330662635576,0.7840759396364496,7.195948961552706,2.7088960251194094,3.5541782355320866,7.0,/home/user/workspace/dataset_extracted/Датасет/НД_для_обучения/Исследования/2.25.87718478011637131470224319788530286374/series_002_2_CR/A2504337993 DXA/CR DXA/CR000000.dcm,2.25.87718478011637131470224319788530286374,0.0,0.799371688627013,0.0283544341035848
2.895999634754992,2.9339504703424386,4.805651366285064,1.9957042886492216,6.1155035662854065,7.0,/home/user/workspace/dataset_extracted/Датасет/НД_для_обучения/Исследования/2.25.87869906212286587478854831452123526595/series_002_2_CR/A250419699 DXA/CR DXA/CR000001.dcm,2.25.87869906212286587478854831452123526595,0.0,2.9339504703424386,0.1290562781437647
0.13128831456323725,0.5158170386904525,3.4605578614656562,2.2614060637873634,2.929424929131687,3.0,/home/user/workspace/dataset_extracted/Датасет/НД_для_обучения/Исследования/2.25.91981043841368764114007975581101713077/series_003_2_CR/A250496619 DXA/CR DXA/CR000004.dcm,2.25.91981043841368764114007975581101713077,0.0,0.5158170386904525,0.9892649578845814
0.13128831456323725,0.5158170386904525,3.4605578614656562,2.2614060637873634,2.929424929131687,3.0,/home/user/workspace/dataset_extracted/Датасет/НД_для_обучения/Исследования/2.25.91981043841368764114007975581101713077/series_003_2_CR/A250496619 DXA/CR DXA/CR000009.dcm,2.25.91981043841368764114007975581101713077,0.0,0.5158170386904525,0.9892649578845814
0.13128831456323725,0.5158170386904525,3.4605578614656562,2.2614060637873634,2.929424929131687,3.0,/home/user/workspace/dataset_extracted/Датасет/НД_для_обучения/Исследования/2.25.91981043841368764114007975581101713077/series_003_2_CR/A250496619 DXA/CR DXA/CR000010.dcm,2.25.91981043841368764114007975581101713077,0.0,0.5158170386904525,0.9892649578845814
