study,file,sp_axis,axis_angle_deg,axis_bodies_deg,axis_col_deg,tilt_local_max_deg,tilt_local_mean_deg,tilt_step_max_deg,n_bodies
68820450,CR000001.dcm,1,2.23,5.08,4.97,7.8,5.05,5.16,3.0
68820450,CR000004.dcm,1,2.23,5.08,4.97,7.8,5.05,5.16,3.0
69487890,CR000000.dcm,1,1.81,1.36,1.81,17.99,6.73,5.19,4.0
69487890,CR000004.dcm,1,1.81,1.36,1.81,17.99,6.73,5.19,4.0
65649420,CR000002.dcm,1,3.13,3.13,3.13,17.45,7.04,7.66,8.0
65649420,CR000005.dcm,1,3.13,3.13,3.13,17.45,7.04,7.66,8.0
65649420,CR000008.dcm,1,3.13,3.13,3.13,17.45,7.04,7.66,8.0
17950031,CR000003.dcm,1,2.88,0.34,1.08,5.81,2.23,4.43,6.0
17950031,CR000005.dcm,1,2.88,0.34,1.08,5.81,2.23,4.43,6.0
17950031,CR000008.dcm,1,2.88,0.34,1.08,5.81,2.23,4.43,6.0
40253840,CR000000.dcm,1,4.92,5.27,4.92,10.92,5.95,9.67,8.0
83395622,CR000001.dcm,1,2.67,0.87,1.49,9.31,2.52,4.46,7.0
94446566,CR000000.dcm,1,1.52,1.32,1.52,3.22,2.61,3.4,5.0
73181551,CR000000.dcm,1,7.08,4.03,3.52,7.79,3.77,4.47,3.0
49527111,CR000002.dcm,1,4.38,1.91,1.95,5.39,2.38,6.93,4.0
51545239,CR000002.dcm,1,2.71,2.78,2.71,5.95,3.33,7.46,5.0
51545239,CR000003.dcm,1,2.71,2.78,2.71,5.95,3.33,7.46,5.0
28642117,CR000004.dcm,0,6.47,0.23,0.64,5.88,2.33,1.97,6.0
28642117,CR000010.dcm,0,6.47,0.23,0.64,5.88,2.33,1.97,6.0
28642117,CR000007.dcm,0,6.47,0.23,0.64,5.88,2.33,1.97,6.0
18329081,CR000002.dcm,0,5.64,2.42,2.54,4.87,3.33,4.87,4.0
18329081,CR000005.dcm,0,5.64,2.42,2.54,4.87,3.33,4.87,4.0
18329081,CR000004.dcm,0,5.64,2.42,2.54,4.87,3.33,4.87,4.0
