repeat,auc_base,mf1_base,auc_plus_bodies,mf1_plus_bodies,auc_plus_col,mf1_plus_col,auc_plus_bodies_tiltmax,mf1_plus_bodies_tiltmax,auc_plus_all,mf1_plus_all
0,0.7769443347808922,0.4557377049180328,0.7123963679431504,0.48210180623973725,0.7390446111330438,0.4883561643835616,0.7029214370311884,0.47237438290390205,0.6983813659692064,0.4499222289849192
1,0.7445716541650217,0.4915550888247134,0.7370706671930517,0.5284090909090909,0.7370706671930517,0.5366174055829228,0.7048953809711804,0.4878712721553445,0.7216739044611132,0.5059523809523809
2,0.7311488353730754,0.6261261261261262,0.705487564153178,0.61978928080623,0.703513620213186,0.6304794520547945,0.6703513620213186,0.5496630786733175,0.6766679826292934,0.6077710685219218
3,0.8493880773786024,0.484472049689441,0.7678641926569285,0.4743900167628981,0.7956968022108172,0.574160447761194,0.7171338333991315,0.4787523550345405,0.7769443347808922,0.5134559019451106
4,0.783260955388867,0.5244289585753,0.7366758784050532,0.5244289585753,0.7402289774970391,0.5205229553055639,0.6857481247532571,0.485206604643366,0.7208843268851165,0.485206604643366
5,0.7637189103829451,0.5962298570994223,0.7390446111330438,0.5211538461538462,0.7528622187129886,0.5172786907418678,0.7455586261350178,0.5091944905170549,0.726016581129096,0.5205229553055639
6,0.7272009474930912,0.5245255997135696,0.6873272799052508,0.485206604643366,0.7048953809711804,0.5368927368927369,0.6514015001973944,0.4195804195804196,0.6762731938412949,0.49812185066422354
7,0.6956178444532175,0.48125,0.6448874851954204,0.46509129967776586,0.5913936044216345,0.541255428345835,0.606000789577576,0.4274700750659363,0.5908014212396369,0.541255428345835
8,0.7647058823529412,0.5591856441619055,0.6977891827872089,0.482174688057041,0.7343071456770628,0.500442556204638,0.6121200157915515,0.44167109222871304,0.5923805763916304,0.40261723009814615
9,0.7125937623371495,0.5740228977497039,0.6360047374654559,0.43241923103761076,0.6971969996052112,0.5117647058823529,0.6060007895775761,0.415051598288447,0.6778523489932886,0.4843488649940263
