repeat,auc_base,mf1_base,f1pos_base,auc_b2_third,mf1_b2_third,f1pos_b2_third,auc_b2_quarter,mf1_b2_quarter,f1pos_b2_quarter,auc_b2_only_vs_emb,mf1_b2_only_vs_emb,f1pos_b2_only_vs_emb
0,0.7165569620253166,0.5821451982956407,0.45132743362831856,0.6982784810126583,0.6363095238095238,0.5047619047619047,0.7055189873417722,0.6596445029624753,0.543778801843318,0.6623291139240507,0.5808283665889263,0.4215686274509804
1,0.691746835443038,0.6293956313057106,0.4457831325301205,0.750379746835443,0.6764127324749643,0.5416666666666666,0.7352911392405064,0.7019051817024194,0.5542168674698795,0.7334683544303797,0.6329670792287614,0.5046728971962616
2,0.736253164556962,0.5424745708836618,0.4214876033057851,0.685113924050633,0.5977029884006628,0.42162162162162165,0.6868354430379746,0.6108028342500336,0.41916167664670656,0.6148354430379748,0.534433962264151,0.25
3,0.7236455696202533,0.4522752497225305,0.4339622641509434,0.7654683544303797,0.5647664731128503,0.43776824034334766,0.7627848101265823,0.6421795078877941,0.5073170731707317,0.760759493670886,0.7273181420802253,0.6096256684491979
4,0.7249367088607594,0.5958528006719513,0.4558139534883721,0.7890632911392406,0.6506140917905624,0.4945054945054945,0.7907341772151898,0.6968661433853116,0.5586592178770949,0.7936455696202531,0.5757824405110772,0.42105263157894735
5,0.6976708860759494,0.6276595744680851,0.46808510638297873,0.73473417721519,0.6444035879436181,0.49740932642487046,0.7266329113924052,0.7197579363565862,0.5732484076433121,0.7541265822784811,0.7036997009978745,0.5614035087719298
6,0.6936708860759494,0.6076866629976151,0.43478260869565216,0.728506329113924,0.6362093692865198,0.49246231155778897,0.7371392405063292,0.6337351696936926,0.5023696682464455,0.7386582278481013,0.6382529366297615,0.4975124378109453
7,0.7015189873417722,0.5705478351674833,0.4491525423728814,0.7019240506329114,0.5711752136752137,0.41346153846153844,0.7019746835443038,0.5782051282051281,0.4230769230769231,0.6798481012658228,0.5784095191945297,0.4195121951219512
8,0.7038734177215191,0.5682188041367001,0.4186046511627907,0.7865316455696203,0.5497125824994678,0.4155844155844156,0.7855696202531646,0.549960917144346,0.37623762376237624,0.8316962025316456,0.6227278404123665,0.45989304812834225
9,0.7012151898734178,0.6174418604651163,0.5,0.7406582278481012,0.6127659574468085,0.502127659574468,0.741873417721519,0.6338398810081027,0.5114155251141552,0.7388860759493672,0.6267586967354772,0.4928909952606635
