repeat,auc_base,mf1_base,f1pos_base,auc_geomctx,mf1_geomctx,f1pos_geomctx,auc_scorectx,mf1_scorectx,f1pos_scorectx,auc_both,mf1_both,f1pos_both,auc_geomctx_mean,mf1_geomctx_mean,f1pos_geomctx_mean,auc_rule_max,mf1_rule_max,f1pos_rule_max,auc_rule_mean,mf1_rule_mean,f1pos_rule_mean
0,0.7165569620253166,0.5821451982956407,0.45132743362831856,0.676253164556962,0.483784954517014,0.38022813688212925,0.7062278481012659,0.6152046783625731,0.45263157894736844,0.6589873417721519,0.5702716823406478,0.367816091954023,0.7155443037974684,0.5079326012873912,0.4316546762589928,0.7215189873417721,0.6617042203147354,0.5208333333333334,0.7462531645569621,0.6329035457475825,0.5135135135135135
1,0.691746835443038,0.6293956313057106,0.4457831325301205,0.6371645569620255,0.43066451315182275,0.3181818181818182,0.7062784810126583,0.6044741897502633,0.4049079754601227,0.5377215189873417,0.5524384888117656,0.3864734299516908,0.6906835443037975,0.6125799857803057,0.4536082474226804,0.7436455696202532,0.6075031562366078,0.430939226519337,0.7516202531645569,0.640242516104585,0.5024630541871922
2,0.736253164556962,0.5424745708836618,0.4214876033057851,0.684860759493671,0.4273811287216709,0.4012738853503185,0.6673924050632911,0.558554622897619,0.410958904109589,0.6137215189873417,0.5267139479905437,0.39148936170212767,0.7457721518987342,0.6742267069030554,0.5227272727272727,0.744506329113924,0.6295663052543786,0.5045871559633027,0.7403291139240507,0.6028701716738197,0.4375
3,0.7236455696202533,0.4522752497225305,0.4339622641509434,0.6444810126582279,0.516795962943436,0.4507042253521127,0.6640506329113923,0.5101828703053457,0.4536082474226804,0.622126582278481,0.5112205801860974,0.3968253968253968,0.7303291139240506,0.545952884179237,0.4521072796934866,0.7584556962025317,0.6129411764705883,0.52,0.7668101265822784,0.53994708994709,0.4714285714285714
4,0.7249367088607594,0.5958528006719513,0.4558139534883721,0.653367088607595,0.47995219369265174,0.37404580152671757,0.7484556962025317,0.559375,0.4,0.5758987341772152,0.4658423879105782,0.23529411764705882,0.741518987341772,0.5557033142621515,0.4125560538116592,0.7880253164556962,0.5775087139974316,0.391304347826087,0.7861772151898734,0.653227931488801,0.5151515151515151
5,0.6976708860759494,0.6276595744680851,0.46808510638297873,0.599240506329114,0.5735887096774194,0.4375,0.6673924050632911,0.6353008399520028,0.4756756756756757,0.5414683544303797,0.5375130532572898,0.4067796610169492,0.6789367088607595,0.548447230416257,0.40707964601769914,0.7181012658227848,0.7051971326164874,0.5555555555555556,0.687113924050633,0.5834578663345786,0.44545454545454544
6,0.6936708860759494,0.6076866629976151,0.43478260869565216,0.6287848101265824,0.47327629165473883,0.2843601895734597,0.688,0.5763605442176871,0.36904761904761907,0.4643037974683544,0.48566507684154747,0.20270270270270271,0.7041012658227848,0.5241342259690884,0.36936936936936937,0.7462278481012657,0.6356826472120896,0.49504950495049505,0.7419493670886076,0.675682560779753,0.5435897435897435
7,0.7015189873417722,0.5705478351674833,0.4491525423728814,0.6582278481012658,0.4158746736292428,0.32,0.7211645569620253,0.6125799857803057,0.4536082474226804,0.6358481012658227,0.5546288209606987,0.38,0.7084556962025317,0.43776439277209694,0.37966101694915255,0.72873417721519,0.5853169683444913,0.45045045045045046,0.7111645569620254,0.5507269660213672,0.423728813559322
8,0.7038734177215191,0.5682188041367001,0.4186046511627907,0.632253164556962,0.3313566636042206,0.37606837606837606,0.7100253164556962,0.5640864714086471,0.36666666666666664,0.5278987341772152,0.5641716206303851,0.39195979899497485,0.7088101265822785,0.44474956377470753,0.34686346863468637,0.7282278481012658,0.558554622897619,0.410958904109589,0.7308101265822785,0.4845953002610966,0.4
9,0.7012151898734178,0.6174418604651163,0.5,0.6667341772151898,0.471632371310236,0.40418118466898956,0.665367088607595,0.6321410284543925,0.5069124423963134,0.6768101265822785,0.5981421606363869,0.4711111111111111,0.7023797468354431,0.545798319327731,0.42016806722689076,0.7154936708860761,0.6271996089584073,0.4742268041237113,0.7203291139240506,0.5984593837535014,0.48739495798319327
