study,instance_number,lab_side,hip_side_detected,hip_side_score,rows,cols,file_path
2.25.181196659018348153828200695057897449628,3,right,left,-0.0209894446709248,291,280,/home/user/workspace/dataset_extracted/Датасет/НД_для_обучения/Исследования/2.25.181196659018348153828200695057897449628/series_004_2_CR/A2507370620 DXA/CR DXA/CR000006.dcm
2.25.37515662379281069436632838996073181551,3,right,left,-0.0327538042243923,263,280,/home/user/workspace/dataset_extracted/Датасет/НД_для_обучения/Исследования/2.25.37515662379281069436632838996073181551/series_001_2_CR/A2504329840 DXA/CR DXA/CR000001.dcm
2.25.339027809107632348165171236474821772940,4,right,left,-0.0506987371534756,317,280,/home/user/workspace/dataset_extracted/Датасет/НД_для_обучения/Исследования/2.25.339027809107632348165171236474821772940/series_001_2_CR/A2504349642 DXA/CR DXA/CR000003.dcm
2.25.17706555930735581384953296958427669848,5,left,right,0.0513554836188281,261,280,/home/user/workspace/dataset_extracted/Датасет/НД_для_обучения/Исследования/2.25.17706555930735581384953296958427669848/series_004_3_CR/A2504146513 DXA/CR DXA/CR000004.dcm
2.25.168317503020329569414190677927680518621,5,right,left,-0.0858253388125242,261,280,/home/user/workspace/dataset_extracted/Датасет/НД_для_обучения/Исследования/2.25.168317503020329569414190677927680518621/series_004_2_CR/A2507557128 DXA/CR DXA/CR000010.dcm
2.25.82912555346523716720160717883917565880,4,right,left,-0.0977812138582994,263,280,/home/user/workspace/dataset_extracted/Датасет/НД_для_обучения/Исследования/2.25.82912555346523716720160717883917565880/series_002_2_CR/A2504149480 DXA/CR DXA/CR000003.dcm
2.25.122446767306607067205618235949445789306,4,right,left,-0.3336781781788528,235,280,/home/user/workspace/dataset_extracted/Датасет/НД_для_обучения/Исследования/2.25.122446767306607067205618235949445789306/series_001_2_CR/A2504255080 DXA/CR DXA/CR000004.dcm
2.25.156021661584944120526934974594604520993,3,right,left,-0.3769526361401192,261,280,/home/user/workspace/dataset_extracted/Датасет/НД_для_обучения/Исследования/2.25.156021661584944120526934974594604520993/series_003_2_CR/A2507142228 DXA/CR DXA/CR000007.dcm
2.25.13983650679559142983913935144968795415,4,right,left,-0.4189821473375446,289,280,/home/user/workspace/dataset_extracted/Датасет/НД_для_обучения/Исследования/2.25.13983650679559142983913935144968795415/series_003_2_CR/A2504335111 DXA/CR DXA/CR000004.dcm
2.25.48906424954135283790354958243772558962,2,right,left,-0.6460305112566603,344,280,/home/user/workspace/dataset_extracted/Датасет/НД_для_обучения/Исследования/2.25.48906424954135283790354958243772558962/series_001_2_CR/A2504185596 DXA Exam/CR DXA Images/CR000001.dcm
2.25.102965897799404973225419898683246248872,5,right,right,0.445473289106705,263,280,/home/user/workspace/dataset_extracted/Датасет/НД_для_обучения/Исследования/2.25.102965897799404973225419898683246248872/series_001_2_CR/A250726353 DXA/CR DXA/CR000002.dcm
2.25.186201010600484120326273381077449377115,2,right,right,0.4550973692571644,261,280,/home/user/workspace/dataset_extracted/Датасет/НД_для_обучения/Исследования/2.25.186201010600484120326273381077449377115/series_004_2_CR/A250777475 DXA/CR DXA/CR000006.dcm
2.25.173753313169335820519632380691065649420,2,right,right,0.3526302847435303,207,280,/home/user/workspace/dataset_extracted/Датасет/НД_для_обучения/Исследования/2.25.173753313169335820519632380691065649420/series_003_2_CR/A2504265499 DXA/CR DXA/CR000006.dcm
2.25.156389075510671877606923458507011517218,5,right,right,0.8253979501031644,292,280,/home/user/workspace/dataset_extracted/Датасет/НД_для_обучения/Исследования/2.25.156389075510671877606923458507011517218/series_001_2_CR/A2507389755 DXA/CR DXA/CR000000.dcm
2.25.102755089973625799055786462646268820450,3,left,left,-0.2500157478775878,235,280,/home/user/workspace/dataset_extracted/Датасет/НД_для_обучения/Исследования/2.25.102755089973625799055786462646268820450/series_002_2_CR/A2504257770 DXA/CR DXA/CR000000.dcm
2.25.215177279960644564778148238928738915103,4,left,left,-0.4761976955336329,320,280,/home/user/workspace/dataset_extracted/Датасет/НД_для_обучения/Исследования/2.25.215177279960644564778148238928738915103/series_002_2_CR/A2504147013 DXA/CR DXA/CR000000.dcm
