file_path,side,x_canon,y_canon,src
/home/user/workspace/dataset_extracted/Датасет/НД_для_обучения/Исследования/1.2.840.113619.2.110.512719.20250403090444/series_004_3_CR/DXA/CR DXA/CR000001.dcm,right,154,127,peak
/home/user/workspace/dataset_extracted/Датасет/НД_для_обучения/Исследования/1.2.840.113619.2.110.512719.20250403090444/series_004_3_CR/DXA/CR DXA/CR000002.dcm,left,154,156,shaft_top
/home/user/workspace/dataset_extracted/Датасет/НД_для_обучения/Исследования/1.2.840.113619.2.110.512719.20250403090444/series_004_3_CR/DXA/CR DXA/CR000003.dcm,left,154,156,shaft_top
/home/user/workspace/dataset_extracted/Датасет/НД_для_обучения/Исследования/1.2.840.113619.2.110.512719.20250403090444/series_004_3_CR/DXA/CR DXA/CR000004.dcm,right,154,127,peak
/home/user/workspace/dataset_extracted/Датасет/НД_для_обучения/Исследования/1.2.840.113619.2.110.512719.20250403092052/series_003_3_CR/DXA/CR DXA/CR000000.dcm,right,160,165,shaft_top
/home/user/workspace/dataset_extracted/Датасет/НД_для_обучения/Исследования/1.2.840.113619.2.110.512719.20250403092052/series_003_3_CR/DXA/CR DXA/CR000002.dcm,left,118,185,shaft_top
/home/user/workspace/dataset_extracted/Датасет/НД_для_обучения/Исследования/1.2.840.113619.2.110.512719.20250403092052/series_003_3_CR/DXA/CR DXA/CR000003.dcm,left,118,185,shaft_top
/home/user/workspace/dataset_extracted/Датасет/НД_для_обучения/Исследования/1.2.840.113619.2.110.512719.20250403092052/series_003_3_CR/DXA/CR DXA/CR000004.dcm,right,160,165,shaft_top
/home/user/workspace/dataset_extracted/Датасет/НД_для_обучения/Исследования/1.2.840.113619.2.110.512719.20250407113211/series_001_2_CR/DXA/CR DXA/CR000000.dcm,left,141,166,shaft_top
/home/user/workspace/dataset_extracted/Датасет/НД_для_обучения/Исследования/1.2.840.113619.2.110.512719.20250407113211/series_001_2_CR/DXA/CR DXA/CR000001.dcm,right,150,182,shaft_top
/home/user/workspace/dataset_extracted/Датасет/НД_для_обучения/Исследования/1.2.840.113619.2.110.512719.20250407113211/series_001_2_CR/DXA/CR DXA/CR000002.dcm,left,141,166,shaft_top
/home/user/workspace/dataset_extracted/Датасет/НД_для_обучения/Исследования/1.2.840.113619.2.110.512719.20250407113211/series_001_2_CR/DXA/CR DXA/CR000005.dcm,right,150,182,shaft_top
/home/user/workspace/dataset_extracted/Датасет/НД_для_обучения/Исследования/2.25.10245777060263212829333021434108890537/series_003_2_CR/A2504412435 DXA/CR DXA/CR000000.dcm,right,169,211,shaft_top
/home/user/workspace/dataset_extracted/Датасет/НД_для_обучения/Исследования/2.25.10245777060263212829333021434108890537/series_003_2_CR/A2504412435 DXA/CR DXA/CR000002.dcm,left,178,213,shaft_top
/home/user/workspace/dataset_extracted/Датасет/НД_для_обучения/Исследования/2.25.102755089973625799055786462646268820450/series_002_2_CR/A2504257770 DXA/CR DXA/CR000000.dcm,left,137,165,shaft_top
/home/user/workspace/dataset_extracted/Датасет/НД_для_обучения/Исследования/2.25.102755089973625799055786462646268820450/series_002_2_CR/A2504257770 DXA/CR DXA/CR000002.dcm,right,128,183,shaft_top
/home/user/workspace/dataset_extracted/Датасет/НД_для_обучения/Исследования/2.25.102755089973625799055786462646268820450/series_002_2_CR/A2504257770 DXA/CR DXA/CR000003.dcm,right,128,183,shaft_top
/home/user/workspace/dataset_extracted/Датасет/НД_для_обучения/Исследования/2.25.102755089973625799055786462646268820450/series_002_2_CR/A2504257770 DXA/CR DXA/CR000005.dcm,left,137,165,shaft_top
/home/user/workspace/dataset_extracted/Датасет/НД_для_обучения/Исследования/2.25.102965897799404973225419898683246248872/series_001_2_CR/A250726353 DXA/CR DXA/CR000000.dcm,left,142,135,peak
/home/user/workspace/dataset_extracted/Датасет/НД_для_обучения/Исследования/2.25.102965897799404973225419898683246248872/series_001_2_CR/A250726353 DXA/CR DXA/CR000002.dcm,right,138,167,shaft_top
/home/user/workspace/dataset_extracted/Датасет/НД_для_обучения/Исследования/2.25.103868781101960771917584077315578649178/series_001_3_CR/A2507485409 DXA/CR DXA/CR000000.dcm,left,121,229,shaft_top
/home/user/workspace/dataset_extracted/Датасет/НД_для_обучения/Исследования/2.25.103868781101960771917584077315578649178/series_001_3_CR/A2507485409 DXA/CR DXA/CR000001.dcm,right,114,212,shaft_top
/home/user/workspace/dataset_extracted/Датасет/НД_для_обучения/Исследования/2.25.105033841136787477881326326053319223817/series_001_2_CR/A250790559 DXA/CR DXA/CR000002.dcm,left,134,186,shaft_top
/home/user/workspace/dataset_extracted/Датасет/НД_для_обучения/Исследования/2.25.105033841136787477881326326053319223817/series_001_2_CR/A250790559 DXA/CR DXA/CR000003.dcm,right,156,162,shaft_top
/home/user/workspace/dataset_extracted/Датасет/НД_для_обучения/Исследования/2.25.105033841136787477881326326053319223817/series_001_2_CR/A250790559 DXA/CR DXA/CR000004.dcm,right,156,162,shaft_top
/home/user/workspace/dataset_extracted/Датасет/НД_для_обучения/Исследования/2.25.105033841136787477881326326053319223817/series_001_2_CR/A250790559 DXA/CR DXA/CR000005.dcm,left,134,186,shaft_top
/home/user/workspace/dataset_extracted/Датасет/НД_для_обучения/Исследования/2.25.11175860580562939441493697221497597640/series_003_2_CR/A2507431060 DXA/CR DXA/CR000000.dcm,right,114,225,peak
/home/user/workspace/dataset_extracted/Датасет/НД_для_обучения/Исследования/2.25.11175860580562939441493697221497597640/series_003_2_CR/A2507431060 DXA/CR DXA/CR000002.dcm,left,130,185,shaft_top
/home/user/workspace/dataset_extracted/Датасет/НД_для_обучения/Исследования/2.25.11175860580562939441493697221497597640/series_003_2_CR/A2507431060 DXA/CR DXA/CR000003.dcm,left,130,185,shaft_top
/home/user/workspace/dataset_extracted/Датасет/НД_для_обучения/Исследования/2.25.11175860580562939441493697221497597640/series_003_2_CR/A2507431060 DXA/CR DXA/CR000005.dcm,right,114,225,peak
/home/user/workspace/dataset_extracted/Датасет/НД_для_обучения/Исследования/2.25.114887542067602662452692698814728642117/series_001_2_CR/A2504131887 DXA/CR DXA/CR000000.dcm,right,143,245,shaft_top
/home/user/workspace/dataset_extracted/Датасет/НД_для_обучения/Исследования/2.25.114887542067602662452692698814728642117/series_001_2_CR/A2504131887 DXA/CR DXA/CR000001.dcm,left,112,222,shaft_top
/home/user/workspace/dataset_extracted/Датасет/НД_для_обучения/Исследования/2.25.114887542067602662452692698814728642117/series_001_2_CR/A2504131887 DXA/CR DXA/CR000002.dcm,left,112,222,shaft_top
/home/user/workspace/dataset_extracted/Датасет/НД_для_обучения/Исследования/2.25.114887542067602662452692698814728642117/series_001_2_CR/A2504131887 DXA/CR DXA/CR000003.dcm,right,143,245,shaft_top
/home/user/workspace/dataset_extracted/Датасет/НД_для_обучения/Исследования/2.25.114887542067602662452692698814728642117/series_001_2_CR/A2504131887 DXA/CR DXA/CR000005.dcm,right,143,245,shaft_top
/home/user/workspace/dataset_extracted/Датасет/НД_для_обучения/Исследования/2.25.114887542067602662452692698814728642117/series_001_2_CR/A2504131887 DXA/CR DXA/CR000006.dcm,left,112,222,shaft_top
/home/user/workspace/dataset_extracted/Датасет/НД_для_обучения/Исследования/2.25.114887542067602662452692698814728642117/series_001_2_CR/A2504131887 DXA/CR DXA/CR000008.dcm,right,143,245,shaft_top
/home/user/workspace/dataset_extracted/Датасет/НД_для_обучения/Исследования/2.25.114887542067602662452692698814728642117/series_001_2_CR/A2504131887 DXA/CR DXA/CR000009.dcm,left,112,222,shaft_top
/home/user/workspace/dataset_extracted/Датасет/НД_для_обучения/Исследования/2.25.116822802042655971810859435524105064465/series_003_2_CR/A2507273296 DXA/CR DXA/CR000000.dcm,right,178,144,peak
/home/user/workspace/dataset_extracted/Датасет/НД_для_обучения/Исследования/2.25.116822802042655971810859435524105064465/series_003_2_CR/A2507273296 DXA/CR DXA/CR000001.dcm,left,183,165,shaft_top
/home/user/workspace/dataset_extracted/Датасет/НД_для_обучения/Исследования/2.25.122446767306607067205618235949445789306/series_001_2_CR/A2504255080 DXA/CR DXA/CR000000.dcm,right,151,145,shaft_top
/home/user/workspace/dataset_extracted/Датасет/НД_для_обучения/Исследования/2.25.122446767306607067205618235949445789306/series_001_2_CR/A2504255080 DXA/CR DXA/CR000001.dcm,left,133,165,shaft_top
/home/user/workspace/dataset_extracted/Датасет/НД_для_обучения/Исследования/2.25.122446767306607067205618235949445789306/series_001_2_CR/A2504255080 DXA/CR DXA/CR000003.dcm,right,151,145,shaft_top
/home/user/workspace/dataset_extracted/Датасет/НД_для_обучения/Исследования/2.25.122446767306607067205618235949445789306/series_001_2_CR/A2504255080 DXA/CR DXA/CR000004.dcm,left,133,165,shaft_top
/home/user/workspace/dataset_extracted/Датасет/НД_для_обучения/Исследования/2.25.124890633326693921702195356152595253940/series_002_2_CR/A2504263153 DXA/CR DXA/CR000001.dcm,left,163,172,shaft_top
/home/user/workspace/dataset_extracted/Датасет/НД_для_обучения/Исследования/2.25.124890633326693921702195356152595253940/series_002_2_CR/A2504263153 DXA/CR DXA/CR000002.dcm,right,168,141,peak
/home/user/workspace/dataset_extracted/Датасет/НД_для_обучения/Исследования/2.25.126293418391331346694592071563510265596/series_002_3_CR/A2507250865 DXA/CR DXA/CR000000.dcm,right,144,193,shaft_top
/home/user/workspace/dataset_extracted/Датасет/НД_для_обучения/Исследования/2.25.126293418391331346694592071563510265596/series_002_3_CR/A2507250865 DXA/CR DXA/CR000002.dcm,left,255,84,peak
/home/user/workspace/dataset_extracted/Датасет/НД_для_обучения/Исследования/2.25.127126130998341190348103034690069487890/series_002_2_CR/A250428736 DXA/CR DXA/CR000001.dcm,left,164,184,peak
/home/user/workspace/dataset_extracted/Датасет/НД_для_обучения/Исследования/2.25.127126130998341190348103034690069487890/series_002_2_CR/A250428736 DXA/CR DXA/CR000002.dcm,left,164,184,peak
/home/user/workspace/dataset_extracted/Датасет/НД_для_обучения/Исследования/2.25.127126130998341190348103034690069487890/series_002_2_CR/A250428736 DXA/CR DXA/CR000003.dcm,right,202,123,peak
/home/user/workspace/dataset_extracted/Датасет/НД_для_обучения/Исследования/2.25.127126130998341190348103034690069487890/series_002_2_CR/A250428736 DXA/CR DXA/CR000005.dcm,right,202,123,peak
/home/user/workspace/dataset_extracted/Датасет/НД_для_обучения/Исследования/2.25.12798473087614376830819854616447908612/series_002_2_CR/A2507538847 DXA/CR DXA/CR000001.dcm,left,160,172,shaft_top
/home/user/workspace/dataset_extracted/Датасет/НД_для_обучения/Исследования/2.25.12798473087614376830819854616447908612/series_002_2_CR/A2507538847 DXA/CR DXA/CR000002.dcm,right,143,160,peak
/home/user/workspace/dataset_extracted/Датасет/НД_для_обучения/Исследования/2.25.128990540359421489042453547244535073735/series_002_2_CR/A2507388698 DXA/CR DXA/CR000000.dcm,left,187,129,peak
/home/user/workspace/dataset_extracted/Датасет/НД_для_обучения/Исследования/2.25.128990540359421489042453547244535073735/series_002_2_CR/A2507388698 DXA/CR DXA/CR000002.dcm,left,187,129,peak
/home/user/workspace/dataset_extracted/Датасет/НД_для_обучения/Исследования/2.25.128990540359421489042453547244535073735/series_002_2_CR/A2507388698 DXA/CR DXA/CR000003.dcm,right,265,103,peak
/home/user/workspace/dataset_extracted/Датасет/НД_для_обучения/Исследования/2.25.128990540359421489042453547244535073735/series_002_2_CR/A2507388698 DXA/CR DXA/CR000005.dcm,right,265,103,peak
/home/user/workspace/dataset_extracted/Датасет/НД_для_обучения/Исследования/2.25.129239680100193368599713239115902740628/series_003_3_CR/A250757345 DXA/CR DXA/CR000000.dcm,left,146,212,shaft_top
/home/user/workspace/dataset_extracted/Датасет/НД_для_обучения/Исследования/2.25.13069823278093578548407087310307113784/series_003_2_CR/A2507242667 DXA/CR DXA/CR000000.dcm,left,141,141,shaft_top
/home/user/workspace/dataset_extracted/Датасет/НД_для_обучения/Исследования/2.25.13069823278093578548407087310307113784/series_003_2_CR/A2507242667 DXA/CR DXA/CR000002.dcm,right,166,126,shaft_top
/home/user/workspace/dataset_extracted/Датасет/НД_для_обучения/Исследования/2.25.132083163398091874662674590622589534350/series_003_2_CR/A2507386583 DXA Exam/CR DXA Images/CR000000.dcm,left,151,243,shaft_top
/home/user/workspace/dataset_extracted/Датасет/НД_для_обучения/Исследования/2.25.132083163398091874662674590622589534350/series_003_2_CR/A2507386583 DXA Exam/CR DXA Images/CR000002.dcm,right,137,190,peak
/home/user/workspace/dataset_extracted/Датасет/НД_для_обучения/Исследования/2.25.132272637351979990811754009849547633391/series_003_3_CR/A2504141080 DXA/CR DXA/CR000000.dcm,left,147,166,shaft_top
/home/user/workspace/dataset_extracted/Датасет/НД_для_обучения/Исследования/2.25.132272637351979990811754009849547633391/series_003_3_CR/A2504141080 DXA/CR DXA/CR000001.dcm,right,176,183,shaft_top
/home/user/workspace/dataset_extracted/Датасет/НД_для_обучения/Исследования/2.25.13325817932854000792938662637654885530/series_002_2_CR/A2507365486 DXA/CR DXA/CR000001.dcm,left,117,165,shaft_top
/home/user/workspace/dataset_extracted/Датасет/НД_для_обучения/Исследования/2.25.13325817932854000792938662637654885530/series_002_2_CR/A2507365486 DXA/CR DXA/CR000002.dcm,left,117,165,shaft_top
/home/user/workspace/dataset_extracted/Датасет/НД_для_обучения/Исследования/2.25.13325817932854000792938662637654885530/series_002_2_CR/A2507365486 DXA/CR DXA/CR000003.dcm,left,117,165,shaft_top
/home/user/workspace/dataset_extracted/Датасет/НД_для_обучения/Исследования/2.25.13325817932854000792938662637654885530/series_002_2_CR/A2507365486 DXA/CR DXA/CR000004.dcm,left,117,165,shaft_top
/home/user/workspace/dataset_extracted/Датасет/НД_для_обучения/Исследования/2.25.13325817932854000792938662637654885530/series_002_2_CR/A2507365486 DXA/CR DXA/CR000005.dcm,right,137,151,shaft_top
/home/user/workspace/dataset_extracted/Датасет/НД_для_обучения/Исследования/2.25.13325817932854000792938662637654885530/series_002_2_CR/A2507365486 DXA/CR DXA/CR000006.dcm,right,137,151,shaft_top
/home/user/workspace/dataset_extracted/Датасет/НД_для_обучения/Исследования/2.25.13325817932854000792938662637654885530/series_002_2_CR/A2507365486 DXA/CR DXA/CR000007.dcm,left,117,165,shaft_top
/home/user/workspace/dataset_extracted/Датасет/НД_для_обучения/Исследования/2.25.13325817932854000792938662637654885530/series_002_2_CR/A2507365486 DXA/CR DXA/CR000008.dcm,right,137,151,shaft_top
/home/user/workspace/dataset_extracted/Датасет/НД_для_обучения/Исследования/2.25.13325817932854000792938662637654885530/series_002_2_CR/A2507365486 DXA/CR DXA/CR000009.dcm,right,137,151,shaft_top
/home/user/workspace/dataset_extracted/Датасет/НД_для_обучения/Исследования/2.25.13325817932854000792938662637654885530/series_002_2_CR/A2507365486 DXA/CR DXA/CR000011.dcm,right,137,151,shaft_top
/home/user/workspace/dataset_extracted/Датасет/НД_для_обучения/Исследования/2.25.134456506307367483341018281460841912845/series_002_2_CR/A2507120612 DXA/CR DXA/CR000000.dcm,left,122,149,peak
/home/user/workspace/dataset_extracted/Датасет/НД_для_обучения/Исследования/2.25.134456506307367483341018281460841912845/series_002_2_CR/A2507120612 DXA/CR DXA/CR000002.dcm,right,116,188,shaft_top
/home/user/workspace/dataset_extracted/Датасет/НД_для_обучения/Исследования/2.25.135241889065705954191821710363605596815/series_003_3_CR/A250715060 DXA/CR DXA/CR000000.dcm,left,137,197,shaft_top
/home/user/workspace/dataset_extracted/Датасет/НД_для_обучения/Исследования/2.25.137344827330550141320158285144101816664/series_003_3_CR/A2507146630 DXA/CR DXA/CR000001.dcm,left,123,185,shaft_top
/home/user/workspace/dataset_extracted/Датасет/НД_для_обучения/Исследования/2.25.137344827330550141320158285144101816664/series_003_3_CR/A2507146630 DXA/CR DXA/CR000002.dcm,right,148,156,shaft_top
/home/user/workspace/dataset_extracted/Датасет/НД_для_обучения/Исследования/2.25.13983650679559142983913935144968795415/series_003_2_CR/A2504335111 DXA/CR DXA/CR000001.dcm,right,96,208,shaft_top
/home/user/workspace/dataset_extracted/Датасет/НД_для_обучения/Исследования/2.25.13983650679559142983913935144968795415/series_003_2_CR/A2504335111 DXA/CR DXA/CR000002.dcm,left,101,203,shaft_top
/home/user/workspace/dataset_extracted/Датасет/НД_для_обучения/Исследования/2.25.13983650679559142983913935144968795415/series_003_2_CR/A2504335111 DXA/CR DXA/CR000004.dcm,left,101,203,shaft_top
/home/user/workspace/dataset_extracted/Датасет/НД_для_обучения/Исследования/2.25.13983650679559142983913935144968795415/series_003_2_CR/A2504335111 DXA/CR DXA/CR000005.dcm,right,96,208,shaft_top
/home/user/workspace/dataset_extracted/Датасет/НД_для_обучения/Исследования/2.25.144941557565802351596730914409170713112/series_001_2_CR/A250728979 DXA/CR DXA/CR000000.dcm,left,130,188,shaft_top
/home/user/workspace/dataset_extracted/Датасет/НД_для_обучения/Исследования/2.25.144941557565802351596730914409170713112/series_001_2_CR/A250728979 DXA/CR DXA/CR000001.dcm,left,130,188,shaft_top
/home/user/workspace/dataset_extracted/Датасет/НД_для_обучения/Исследования/2.25.144941557565802351596730914409170713112/series_001_2_CR/A250728979 DXA/CR DXA/CR000002.dcm,right,122,188,shaft_top
/home/user/workspace/dataset_extracted/Датасет/НД_для_обучения/Исследования/2.25.144941557565802351596730914409170713112/series_001_2_CR/A250728979 DXA/CR DXA/CR000003.dcm,right,122,188,shaft_top
/home/user/workspace/dataset_extracted/Датасет/НД_для_обучения/Исследования/2.25.144941557565802351596730914409170713112/series_001_2_CR/A250728979 DXA/CR DXA/CR000004.dcm,right,122,188,shaft_top
/home/user/workspace/dataset_extracted/Датасет/НД_для_обучения/Исследования/2.25.144941557565802351596730914409170713112/series_001_2_CR/A250728979 DXA/CR DXA/CR000005.dcm,right,122,188,shaft_top
/home/user/workspace/dataset_extracted/Датасет/НД_для_обучения/Исследования/2.25.144941557565802351596730914409170713112/series_001_2_CR/A250728979 DXA/CR DXA/CR000007.dcm,left,130,188,shaft_top
/home/user/workspace/dataset_extracted/Датасет/НД_для_обучения/Исследования/2.25.144941557565802351596730914409170713112/series_001_2_CR/A250728979 DXA/CR DXA/CR000010.dcm,left,130,188,shaft_top
/home/user/workspace/dataset_extracted/Датасет/НД_для_обучения/Исследования/2.25.145848300160680194368420189079847088556/series_002_2_CR/A2504248615 DXA Exam/CR DXA Images/CR000000.dcm,right,139,243,shaft_top
/home/user/workspace/dataset_extracted/Датасет/НД_для_обучения/Исследования/2.25.145848300160680194368420189079847088556/series_002_2_CR/A2504248615 DXA Exam/CR DXA Images/CR000001.dcm,left,135,252,shaft_top
/home/user/workspace/dataset_extracted/Датасет/НД_для_обучения/Исследования/2.25.151186844055172005615813066162721550889/series_002_2_CR/A250436130 DXA/CR DXA/CR000001.dcm,left,157,203,shaft_top
/home/user/workspace/dataset_extracted/Датасет/НД_для_обучения/Исследования/2.25.151186844055172005615813066162721550889/series_002_2_CR/A250436130 DXA/CR DXA/CR000002.dcm,right,131,183,shaft_top
/home/user/workspace/dataset_extracted/Датасет/НД_для_обучения/Исследования/2.25.156021661584944120526934974594604520993/series_003_2_CR/A2507142228 DXA/CR DXA/CR000001.dcm,left,133,184,shaft_top
/home/user/workspace/dataset_extracted/Датасет/НД_для_обучения/Исследования/2.25.156021661584944120526934974594604520993/series_003_2_CR/A2507142228 DXA/CR DXA/CR000002.dcm,left,133,184,shaft_top
/home/user/workspace/dataset_extracted/Датасет/НД_для_обучения/Исследования/2.25.156021661584944120526934974594604520993/series_003_2_CR/A2507142228 DXA/CR DXA/CR000003.dcm,right,114,177,shaft_top
/home/user/workspace/dataset_extracted/Датасет/НД_для_обучения/Исследования/2.25.156021661584944120526934974594604520993/series_003_2_CR/A2507142228 DXA/CR DXA/CR000004.dcm,right,114,177,shaft_top
/home/user/workspace/dataset_extracted/Датасет/НД_для_обучения/Исследования/2.25.156021661584944120526934974594604520993/series_003_2_CR/A2507142228 DXA/CR DXA/CR000005.dcm,right,114,177,shaft_top
/home/user/workspace/dataset_extracted/Датасет/НД_для_обучения/Исследования/2.25.156021661584944120526934974594604520993/series_003_2_CR/A2507142228 DXA/CR DXA/CR000006.dcm,left,133,184,shaft_top
/home/user/workspace/dataset_extracted/Датасет/НД_для_обучения/Исследования/2.25.156021661584944120526934974594604520993/series_003_2_CR/A2507142228 DXA/CR DXA/CR000007.dcm,left,133,184,shaft_top
/home/user/workspace/dataset_extracted/Датасет/НД_для_обучения/Исследования/2.25.156021661584944120526934974594604520993/series_003_2_CR/A2507142228 DXA/CR DXA/CR000009.dcm,right,114,177,shaft_top
/home/user/workspace/dataset_extracted/Датасет/НД_для_обучения/Исследования/2.25.156021661584944120526934974594604520993/series_003_2_CR/A2507142228 DXA/CR DXA/CR000010.dcm,right,114,177,shaft_top
/home/user/workspace/dataset_extracted/Датасет/НД_для_обучения/Исследования/2.25.156375884487675936513403083218009333856/series_003_2_CR/A250727121 DXA/CR DXA/CR000000.dcm,left,117,179,shaft_top
/home/user/workspace/dataset_extracted/Датасет/НД_для_обучения/Исследования/2.25.156375884487675936513403083218009333856/series_003_2_CR/A250727121 DXA/CR DXA/CR000002.dcm,left,117,179,shaft_top
/home/user/workspace/dataset_extracted/Датасет/НД_для_обучения/Исследования/2.25.156375884487675936513403083218009333856/series_003_2_CR/A250727121 DXA/CR DXA/CR000004.dcm,right,167,199,shaft_top
/home/user/workspace/dataset_extracted/Датасет/НД_для_обучения/Исследования/2.25.156375884487675936513403083218009333856/series_003_2_CR/A250727121 DXA/CR DXA/CR000005.dcm,left,117,179,shaft_top
/home/user/workspace/dataset_extracted/Датасет/НД_для_обучения/Исследования/2.25.156375884487675936513403083218009333856/series_003_2_CR/A250727121 DXA/CR DXA/CR000006.dcm,left,117,179,shaft_top
/home/user/workspace/dataset_extracted/Датасет/НД_для_обучения/Исследования/2.25.156375884487675936513403083218009333856/series_003_2_CR/A250727121 DXA/CR DXA/CR000007.dcm,right,167,199,shaft_top
/home/user/workspace/dataset_extracted/Датасет/НД_для_обучения/Исследования/2.25.156375884487675936513403083218009333856/series_003_2_CR/A250727121 DXA/CR DXA/CR000008.dcm,right,167,199,shaft_top
/home/user/workspace/dataset_extracted/Датасет/НД_для_обучения/Исследования/2.25.156375884487675936513403083218009333856/series_003_2_CR/A250727121 DXA/CR DXA/CR000010.dcm,left,117,179,shaft_top
/home/user/workspace/dataset_extracted/Датасет/НД_для_обучения/Исследования/2.25.156389075510671877606923458507011517218/series_001_2_CR/A2507389755 DXA/CR DXA/CR000000.dcm,right,167,208,shaft_top
/home/user/workspace/dataset_extracted/Датасет/НД_для_обучения/Исследования/2.25.156389075510671877606923458507011517218/series_001_2_CR/A2507389755 DXA/CR DXA/CR000001.dcm,left,135,195,shaft_top
/home/user/workspace/dataset_extracted/Датасет/НД_для_обучения/Исследования/2.25.156389075510671877606923458507011517218/series_001_2_CR/A2507389755 DXA/CR DXA/CR000004.dcm,left,135,195,shaft_top
/home/user/workspace/dataset_extracted/Датасет/НД_для_обучения/Исследования/2.25.156389075510671877606923458507011517218/series_001_2_CR/A2507389755 DXA/CR DXA/CR000005.dcm,right,167,208,shaft_top
/home/user/workspace/dataset_extracted/Датасет/НД_для_обучения/Исследования/2.25.157462338378550185821790046400986801350/series_001_2_CR/A2507498707 DXA/CR DXA/CR000001.dcm,right,158,165,shaft_top
/home/user/workspace/dataset_extracted/Датасет/НД_для_обучения/Исследования/2.25.157462338378550185821790046400986801350/series_001_2_CR/A2507498707 DXA/CR DXA/CR000003.dcm,left,153,165,shaft_top
/home/user/workspace/dataset_extracted/Датасет/НД_для_обучения/Исследования/2.25.157462338378550185821790046400986801350/series_001_2_CR/A2507498707 DXA/CR DXA/CR000004.dcm,right,158,165,shaft_top
/home/user/workspace/dataset_extracted/Датасет/НД_для_обучения/Исследования/2.25.157462338378550185821790046400986801350/series_001_2_CR/A2507498707 DXA/CR DXA/CR000005.dcm,left,153,165,shaft_top
/home/user/workspace/dataset_extracted/Датасет/НД_для_обучения/Исследования/2.25.158646777318759504110695916200521633609/series_003_6_CR/A2507266260 DXA/CR DXA/CR000000.dcm,right,127,181,shaft_top
/home/user/workspace/dataset_extracted/Датасет/НД_для_обучения/Исследования/2.25.158646777318759504110695916200521633609/series_003_6_CR/A2507266260 DXA/CR DXA/CR000003.dcm,left,149,120,peak
/home/user/workspace/dataset_extracted/Датасет/НД_для_обучения/Исследования/2.25.158646777318759504110695916200521633609/series_003_6_CR/A2507266260 DXA/CR DXA/CR000004.dcm,left,149,120,peak
/home/user/workspace/dataset_extracted/Датасет/НД_для_обучения/Исследования/2.25.158646777318759504110695916200521633609/series_003_6_CR/A2507266260 DXA/CR DXA/CR000005.dcm,right,127,181,shaft_top
/home/user/workspace/dataset_extracted/Датасет/НД_для_обучения/Исследования/2.25.158646777318759504110695916200521633609/series_003_6_CR/A2507266260 DXA/CR DXA/CR000006.dcm,right,127,181,shaft_top
/home/user/workspace/dataset_extracted/Датасет/НД_для_обучения/Исследования/2.25.158646777318759504110695916200521633609/series_003_6_CR/A2507266260 DXA/CR DXA/CR000007.dcm,left,149,120,peak
/home/user/workspace/dataset_extracted/Датасет/НД_для_обучения/Исследования/2.25.158646777318759504110695916200521633609/series_003_6_CR/A2507266260 DXA/CR DXA/CR000010.dcm,left,149,120,peak
/home/user/workspace/dataset_extracted/Датасет/НД_для_обучения/Исследования/2.25.158646777318759504110695916200521633609/series_004_2_CR/A2507266260 DXA/CR DXA/CR000001.dcm,right,127,181,shaft_top
/home/user/workspace/dataset_extracted/Датасет/НД_для_обучения/Исследования/2.25.158646777318759504110695916200521633609/series_004_2_CR/A2507266260 DXA/CR DXA/CR000003.dcm,left,149,120,peak
/home/user/workspace/dataset_extracted/Датасет/НД_для_обучения/Исследования/2.25.158646777318759504110695916200521633609/series_004_2_CR/A2507266260 DXA/CR DXA/CR000004.dcm,right,127,181,shaft_top
/home/user/workspace/dataset_extracted/Датасет/НД_для_обучения/Исследования/2.25.158646777318759504110695916200521633609/series_004_2_CR/A2507266260 DXA/CR DXA/CR000006.dcm,left,149,120,peak
/home/user/workspace/dataset_extracted/Датасет/НД_для_обучения/Исследования/2.25.158646777318759504110695916200521633609/series_004_2_CR/A2507266260 DXA/CR DXA/CR000007.dcm,right,127,181,shaft_top
/home/user/workspace/dataset_extracted/Датасет/НД_для_обучения/Исследования/2.25.158646777318759504110695916200521633609/series_004_2_CR/A2507266260 DXA/CR DXA/CR000009.dcm,left,149,120,peak
/home/user/workspace/dataset_extracted/Датасет/НД_для_обучения/Исследования/2.25.158646777318759504110695916200521633609/series_004_2_CR/A2507266260 DXA/CR DXA/CR000010.dcm,right,127,181,shaft_top
/home/user/workspace/dataset_extracted/Датасет/НД_для_обучения/Исследования/2.25.158646777318759504110695916200521633609/series_004_2_CR/A2507266260 DXA/CR DXA/CR000011.dcm,left,149,120,peak
/home/user/workspace/dataset_extracted/Датасет/НД_для_обучения/Исследования/2.25.158646777318759504110695916200521633609/series_004_2_CR/A2507266260 DXA/CR DXA/CR000014.dcm,left,149,120,peak
/home/user/workspace/dataset_extracted/Датасет/НД_для_обучения/Исследования/2.25.158646777318759504110695916200521633609/series_004_2_CR/A2507266260 DXA/CR DXA/CR000015.dcm,left,149,120,peak
/home/user/workspace/dataset_extracted/Датасет/НД_для_обучения/Исследования/2.25.158646777318759504110695916200521633609/series_004_2_CR/A2507266260 DXA/CR DXA/CR000016.dcm,right,127,181,shaft_top
/home/user/workspace/dataset_extracted/Датасет/НД_для_обучения/Исследования/2.25.158646777318759504110695916200521633609/series_004_2_CR/A2507266260 DXA/CR DXA/CR000017.dcm,right,127,181,shaft_top
/home/user/workspace/dataset_extracted/Датасет/НД_для_обучения/Исследования/2.25.164566280810634620154538016595892212884/series_001_2_CR/A2504291878 DXA Exam/CR DXA Images/CR000000.dcm,right,136,235,shaft_top
/home/user/workspace/dataset_extracted/Датасет/НД_для_обучения/Исследования/2.25.164566280810634620154538016595892212884/series_001_2_CR/A2504291878 DXA Exam/CR DXA Images/CR000002.dcm,left,133,239,shaft_top
/home/user/workspace/dataset_extracted/Датасет/НД_для_обучения/Исследования/2.25.165091430504580219034019815337441064349/series_001_2_CR/A2504415443 DXA/CR DXA/CR000000.dcm,right,139,157,shaft_top
/home/user/workspace/dataset_extracted/Датасет/НД_для_обучения/Исследования/2.25.165091430504580219034019815337441064349/series_001_2_CR/A2504415443 DXA/CR DXA/CR000001.dcm,left,176,182,shaft_top
/home/user/workspace/dataset_extracted/Датасет/НД_для_обучения/Исследования/2.25.165091430504580219034019815337441064349/series_001_2_CR/A2504415443 DXA/CR DXA/CR000004.dcm,right,139,157,shaft_top
/home/user/workspace/dataset_extracted/Датасет/НД_для_обучения/Исследования/2.25.165091430504580219034019815337441064349/series_001_2_CR/A2504415443 DXA/CR DXA/CR000005.dcm,left,176,182,shaft_top
/home/user/workspace/dataset_extracted/Датасет/НД_для_обучения/Исследования/2.25.165355673991587715046346525964554729786/series_003_3_CR/A2506448267 DXA/CR DXA/CR000000.dcm,left,129,183,shaft_top
/home/user/workspace/dataset_extracted/Датасет/НД_для_обучения/Исследования/2.25.167344201679287285499405412654740659745/series_003_2_CR/A2504249537 DXA/CR DXA/CR000000.dcm,right,129,186,shaft_top
/home/user/workspace/dataset_extracted/Датасет/НД_для_обучения/Исследования/2.25.167344201679287285499405412654740659745/series_003_2_CR/A2504249537 DXA/CR DXA/CR000001.dcm,left,115,172,shaft_top
/home/user/workspace/dataset_extracted/Датасет/НД_для_обучения/Исследования/2.25.167344201679287285499405412654740659745/series_003_2_CR/A2504249537 DXA/CR DXA/CR000003.dcm,left,115,172,shaft_top
/home/user/workspace/dataset_extracted/Датасет/НД_для_обучения/Исследования/2.25.167344201679287285499405412654740659745/series_003_2_CR/A2504249537 DXA/CR DXA/CR000005.dcm,right,129,186,shaft_top
/home/user/workspace/dataset_extracted/Датасет/НД_для_обучения/Исследования/2.25.16773626720107440979805052259711419763/series_004_2_CR/A2507537392 DXA/CR DXA/CR000001.dcm,right,122,183,shaft_top
/home/user/workspace/dataset_extracted/Датасет/НД_для_обучения/Исследования/2.25.16773626720107440979805052259711419763/series_004_2_CR/A2507537392 DXA/CR DXA/CR000002.dcm,right,122,183,shaft_top
/home/user/workspace/dataset_extracted/Датасет/НД_для_обучения/Исследования/2.25.16773626720107440979805052259711419763/series_004_2_CR/A2507537392 DXA/CR DXA/CR000004.dcm,left,128,183,shaft_top
/home/user/workspace/dataset_extracted/Датасет/НД_для_обучения/Исследования/2.25.16773626720107440979805052259711419763/series_004_2_CR/A2507537392 DXA/CR DXA/CR000005.dcm,right,122,183,shaft_top
/home/user/workspace/dataset_extracted/Датасет/НД_для_обучения/Исследования/2.25.16773626720107440979805052259711419763/series_004_2_CR/A2507537392 DXA/CR DXA/CR000006.dcm,right,122,183,shaft_top
/home/user/workspace/dataset_extracted/Датасет/НД_для_обучения/Исследования/2.25.16773626720107440979805052259711419763/series_004_2_CR/A2507537392 DXA/CR DXA/CR000007.dcm,left,128,183,shaft_top
/home/user/workspace/dataset_extracted/Датасет/НД_для_обучения/Исследования/2.25.16773626720107440979805052259711419763/series_004_2_CR/A2507537392 DXA/CR DXA/CR000008.dcm,left,128,183,shaft_top
/home/user/workspace/dataset_extracted/Датасет/НД_для_обучения/Исследования/2.25.16773626720107440979805052259711419763/series_004_2_CR/A2507537392 DXA/CR DXA/CR000009.dcm,left,128,183,shaft_top
/home/user/workspace/dataset_extracted/Датасет/НД_для_обучения/Исследования/2.25.16773626720107440979805052259711419763/series_004_2_CR/A2507537392 DXA/CR DXA/CR000010.dcm,right,122,183,shaft_top
/home/user/workspace/dataset_extracted/Датасет/НД_для_обучения/Исследования/2.25.168317503020329569414190677927680518621/series_004_2_CR/A2507557128 DXA/CR DXA/CR000000.dcm,left,103,183,shaft_top
/home/user/workspace/dataset_extracted/Датасет/НД_для_обучения/Исследования/2.25.168317503020329569414190677927680518621/series_004_2_CR/A2507557128 DXA/CR DXA/CR000001.dcm,left,103,183,shaft_top
/home/user/workspace/dataset_extracted/Датасет/НД_для_обучения/Исследования/2.25.168317503020329569414190677927680518621/series_004_2_CR/A2507557128 DXA/CR DXA/CR000002.dcm,left,103,183,shaft_top
/home/user/workspace/dataset_extracted/Датасет/НД_для_обучения/Исследования/2.25.168317503020329569414190677927680518621/series_004_2_CR/A2507557128 DXA/CR DXA/CR000004.dcm,right,126,203,shaft_top
/home/user/workspace/dataset_extracted/Датасет/НД_для_обучения/Исследования/2.25.168317503020329569414190677927680518621/series_004_2_CR/A2507557128 DXA/CR DXA/CR000005.dcm,left,103,183,shaft_top
/home/user/workspace/dataset_extracted/Датасет/НД_для_обучения/Исследования/2.25.168317503020329569414190677927680518621/series_004_2_CR/A2507557128 DXA/CR DXA/CR000007.dcm,right,126,203,shaft_top
/home/user/workspace/dataset_extracted/Датасет/НД_для_обучения/Исследования/2.25.168317503020329569414190677927680518621/series_004_2_CR/A2507557128 DXA/CR DXA/CR000008.dcm,right,126,203,shaft_top
/home/user/workspace/dataset_extracted/Датасет/НД_для_обучения/Исследования/2.25.168317503020329569414190677927680518621/series_004_2_CR/A2507557128 DXA/CR DXA/CR000010.dcm,left,103,183,shaft_top
/home/user/workspace/dataset_extracted/Датасет/НД_для_обучения/Исследования/2.25.168317503020329569414190677927680518621/series_004_2_CR/A2507557128 DXA/CR DXA/CR000011.dcm,right,126,203,shaft_top
/home/user/workspace/dataset_extracted/Датасет/НД_для_обучения/Исследования/2.25.172445998420765569384934552191547932566/series_004_2_CR/A2507368766 DXA/CR DXA/CR000001.dcm,right,144,204,shaft_top
/home/user/workspace/dataset_extracted/Датасет/НД_для_обучения/Исследования/2.25.172445998420765569384934552191547932566/series_004_2_CR/A2507368766 DXA/CR DXA/CR000002.dcm,left,150,173,peak
/home/user/workspace/dataset_extracted/Датасет/НД_для_обучения/Исследования/2.25.173731186748227489808861376513577450951/series_002_2_CR/A2507188958 DXA/CR DXA/CR000001.dcm,left,170,178,shaft_top
/home/user/workspace/dataset_extracted/Датасет/НД_для_обучения/Исследования/2.25.173753313169335820519632380691065649420/series_003_2_CR/A2504265499 DXA/CR DXA/CR000000.dcm,right,140,145,shaft_top
/home/user/workspace/dataset_extracted/Датасет/НД_для_обучения/Исследования/2.25.173753313169335820519632380691065649420/series_003_2_CR/A2504265499 DXA/CR DXA/CR000001.dcm,right,140,145,shaft_top
/home/user/workspace/dataset_extracted/Датасет/НД_для_обучения/Исследования/2.25.173753313169335820519632380691065649420/series_003_2_CR/A2504265499 DXA/CR DXA/CR000003.dcm,left,179,199,shaft_top
/home/user/workspace/dataset_extracted/Датасет/НД_для_обучения/Исследования/2.25.173753313169335820519632380691065649420/series_003_2_CR/A2504265499 DXA/CR DXA/CR000004.dcm,right,140,145,shaft_top
/home/user/workspace/dataset_extracted/Датасет/НД_для_обучения/Исследования/2.25.173753313169335820519632380691065649420/series_003_2_CR/A2504265499 DXA/CR DXA/CR000006.dcm,right,140,145,shaft_top
/home/user/workspace/dataset_extracted/Датасет/НД_для_обучения/Исследования/2.25.173753313169335820519632380691065649420/series_003_2_CR/A2504265499 DXA/CR DXA/CR000007.dcm,left,179,199,shaft_top
/home/user/workspace/dataset_extracted/Датасет/НД_для_обучения/Исследования/2.25.173753313169335820519632380691065649420/series_003_2_CR/A2504265499 DXA/CR DXA/CR000009.dcm,left,179,199,shaft_top
/home/user/workspace/dataset_extracted/Датасет/НД_для_обучения/Исследования/2.25.173753313169335820519632380691065649420/series_003_2_CR/A2504265499 DXA/CR DXA/CR000010.dcm,left,179,199,shaft_top
/home/user/workspace/dataset_extracted/Датасет/НД_для_обучения/Исследования/2.25.175881661753775295785039265792986971602/series_003_2_CR/A2507266462 DXA/CR DXA/CR000000.dcm,right,153,165,shaft_top
/home/user/workspace/dataset_extracted/Датасет/НД_для_обучения/Исследования/2.25.175881661753775295785039265792986971602/series_003_2_CR/A2507266462 DXA/CR DXA/CR000002.dcm,left,164,164,shaft_top
/home/user/workspace/dataset_extracted/Датасет/НД_для_обучения/Исследования/2.25.175881661753775295785039265792986971602/series_003_2_CR/A2507266462 DXA/CR DXA/CR000003.dcm,right,153,165,shaft_top
/home/user/workspace/dataset_extracted/Датасет/НД_для_обучения/Исследования/2.25.175903805423871105435148927871625232853/series_001_2_CR/A2507159447 DXA/CR DXA/CR000001.dcm,right,102,179,shaft_top
/home/user/workspace/dataset_extracted/Датасет/НД_для_обучения/Исследования/2.25.175903805423871105435148927871625232853/series_001_2_CR/A2507159447 DXA/CR DXA/CR000002.dcm,left,136,193,shaft_top
/home/user/workspace/dataset_extracted/Датасет/НД_для_обучения/Исследования/2.25.17706555930735581384953296958427669848/series_004_3_CR/A2504146513 DXA/CR DXA/CR000000.dcm,left,136,147,shaft_top
/home/user/workspace/dataset_extracted/Датасет/НД_для_обучения/Исследования/2.25.17706555930735581384953296958427669848/series_004_3_CR/A2504146513 DXA/CR DXA/CR000003.dcm,right,88,183,shaft_top
/home/user/workspace/dataset_extracted/Датасет/НД_для_обучения/Исследования/2.25.17706555930735581384953296958427669848/series_004_3_CR/A2504146513 DXA/CR DXA/CR000004.dcm,right,88,183,shaft_top
/home/user/workspace/dataset_extracted/Датасет/НД_для_обучения/Исследования/2.25.17706555930735581384953296958427669848/series_004_3_CR/A2504146513 DXA/CR DXA/CR000005.dcm,left,136,147,shaft_top
/home/user/workspace/dataset_extracted/Датасет/НД_для_обучения/Исследования/2.25.177745077805190810016231350557005569203/series_002_2_CR/A2504273759 DXA/CR DXA/CR000000.dcm,left,179,160,shaft_top
/home/user/workspace/dataset_extracted/Датасет/НД_для_обучения/Исследования/2.25.177745077805190810016231350557005569203/series_002_2_CR/A2504273759 DXA/CR DXA/CR000003.dcm,left,179,160,shaft_top
/home/user/workspace/dataset_extracted/Датасет/НД_для_обучения/Исследования/2.25.177745077805190810016231350557005569203/series_002_2_CR/A2504273759 DXA/CR DXA/CR000004.dcm,right,165,164,shaft_top
/home/user/workspace/dataset_extracted/Датасет/НД_для_обучения/Исследования/2.25.177745077805190810016231350557005569203/series_002_2_CR/A2504273759 DXA/CR DXA/CR000005.dcm,right,165,164,shaft_top
/home/user/workspace/dataset_extracted/Датасет/НД_для_обучения/Исследования/2.25.181196659018348153828200695057897449628/series_004_2_CR/A2507370620 DXA/CR DXA/CR000000.dcm,left,82,226,shaft_top
/home/user/workspace/dataset_extracted/Датасет/НД_для_обучения/Исследования/2.25.181196659018348153828200695057897449628/series_004_2_CR/A2507370620 DXA/CR DXA/CR000001.dcm,right,132,164,shaft_top
/home/user/workspace/dataset_extracted/Датасет/НД_для_обучения/Исследования/2.25.181196659018348153828200695057897449628/series_004_2_CR/A2507370620 DXA/CR DXA/CR000004.dcm,right,132,164,shaft_top
/home/user/workspace/dataset_extracted/Датасет/НД_для_обучения/Исследования/2.25.181196659018348153828200695057897449628/series_004_2_CR/A2507370620 DXA/CR DXA/CR000005.dcm,right,132,164,shaft_top
/home/user/workspace/dataset_extracted/Датасет/НД_для_обучения/Исследования/2.25.181196659018348153828200695057897449628/series_004_2_CR/A2507370620 DXA/CR DXA/CR000006.dcm,left,82,226,shaft_top
/home/user/workspace/dataset_extracted/Датасет/НД_для_обучения/Исследования/2.25.181196659018348153828200695057897449628/series_004_2_CR/A2507370620 DXA/CR DXA/CR000007.dcm,left,82,226,shaft_top
/home/user/workspace/dataset_extracted/Датасет/НД_для_обучения/Исследования/2.25.181196659018348153828200695057897449628/series_004_2_CR/A2507370620 DXA/CR DXA/CR000008.dcm,left,82,226,shaft_top
/home/user/workspace/dataset_extracted/Датасет/НД_для_обучения/Исследования/2.25.181196659018348153828200695057897449628/series_004_2_CR/A2507370620 DXA/CR DXA/CR000009.dcm,right,132,164,shaft_top
/home/user/workspace/dataset_extracted/Датасет/НД_для_обучения/Исследования/2.25.181196659018348153828200695057897449628/series_004_2_CR/A2507370620 DXA/CR DXA/CR000010.dcm,left,82,226,shaft_top
/home/user/workspace/dataset_extracted/Датасет/НД_для_обучения/Исследования/2.25.181196659018348153828200695057897449628/series_004_2_CR/A2507370620 DXA/CR DXA/CR000012.dcm,right,132,164,shaft_top
/home/user/workspace/dataset_extracted/Датасет/НД_для_обучения/Исследования/2.25.184198356665635336833172191504278054074/series_004_2_CR/A250788286 DXA/CR DXA/CR000001.dcm,left,112,202,shaft_top
/home/user/workspace/dataset_extracted/Датасет/НД_для_обучения/Исследования/2.25.184198356665635336833172191504278054074/series_004_2_CR/A250788286 DXA/CR DXA/CR000002.dcm,right,124,198,shaft_top
/home/user/workspace/dataset_extracted/Датасет/НД_для_обучения/Исследования/2.25.186201010600484120326273381077449377115/series_004_2_CR/A250777475 DXA/CR DXA/CR000000.dcm,left,142,183,shaft_top
/home/user/workspace/dataset_extracted/Датасет/НД_для_обучения/Исследования/2.25.186201010600484120326273381077449377115/series_004_2_CR/A250777475 DXA/CR DXA/CR000001.dcm,left,142,183,shaft_top
/home/user/workspace/dataset_extracted/Датасет/НД_для_обучения/Исследования/2.25.186201010600484120326273381077449377115/series_004_2_CR/A250777475 DXA/CR DXA/CR000002.dcm,right,145,180,shaft_top
/home/user/workspace/dataset_extracted/Датасет/НД_для_обучения/Исследования/2.25.186201010600484120326273381077449377115/series_004_2_CR/A250777475 DXA/CR DXA/CR000003.dcm,right,145,180,shaft_top
/home/user/workspace/dataset_extracted/Датасет/НД_для_обучения/Исследования/2.25.186201010600484120326273381077449377115/series_004_2_CR/A250777475 DXA/CR DXA/CR000004.dcm,left,142,183,shaft_top
/home/user/workspace/dataset_extracted/Датасет/НД_для_обучения/Исследования/2.25.186201010600484120326273381077449377115/series_004_2_CR/A250777475 DXA/CR DXA/CR000005.dcm,right,145,180,shaft_top
/home/user/workspace/dataset_extracted/Датасет/НД_для_обучения/Исследования/2.25.186201010600484120326273381077449377115/series_004_2_CR/A250777475 DXA/CR DXA/CR000006.dcm,right,145,180,shaft_top
/home/user/workspace/dataset_extracted/Датасет/НД_для_обучения/Исследования/2.25.186201010600484120326273381077449377115/series_004_2_CR/A250777475 DXA/CR DXA/CR000008.dcm,left,142,183,shaft_top
/home/user/workspace/dataset_extracted/Датасет/НД_для_обучения/Исследования/2.25.186201010600484120326273381077449377115/series_004_2_CR/A250777475 DXA/CR DXA/CR000009.dcm,left,142,183,shaft_top
/home/user/workspace/dataset_extracted/Датасет/НД_для_обучения/Исследования/2.25.190331309633057244929837507901317950031/series_001_2_CR/A250791815 DXA/CR DXA/CR000000.dcm,left,139,165,shaft_top
/home/user/workspace/dataset_extracted/Датасет/НД_для_обучения/Исследования/2.25.190331309633057244929837507901317950031/series_001_2_CR/A250791815 DXA/CR DXA/CR000001.dcm,left,139,165,shaft_top
/home/user/workspace/dataset_extracted/Датасет/НД_для_обучения/Исследования/2.25.190331309633057244929837507901317950031/series_001_2_CR/A250791815 DXA/CR DXA/CR000002.dcm,left,139,165,shaft_top
/home/user/workspace/dataset_extracted/Датасет/НД_для_обучения/Исследования/2.25.190331309633057244929837507901317950031/series_001_2_CR/A250791815 DXA/CR DXA/CR000004.dcm,right,117,208,shaft_top
/home/user/workspace/dataset_extracted/Датасет/НД_для_обучения/Исследования/2.25.190331309633057244929837507901317950031/series_001_2_CR/A250791815 DXA/CR DXA/CR000006.dcm,right,117,208,shaft_top
/home/user/workspace/dataset_extracted/Датасет/НД_для_обучения/Исследования/2.25.190331309633057244929837507901317950031/series_001_2_CR/A250791815 DXA/CR DXA/CR000007.dcm,right,117,208,shaft_top
/home/user/workspace/dataset_extracted/Датасет/НД_для_обучения/Исследования/2.25.190331309633057244929837507901317950031/series_001_2_CR/A250791815 DXA/CR DXA/CR000009.dcm,left,139,165,shaft_top
/home/user/workspace/dataset_extracted/Датасет/НД_для_обучения/Исследования/2.25.190331309633057244929837507901317950031/series_001_2_CR/A250791815 DXA/CR DXA/CR000010.dcm,right,117,208,shaft_top
/home/user/workspace/dataset_extracted/Датасет/НД_для_обучения/Исследования/2.25.190807933410234695931591553323782771995/series_002_3_CR/A250762254 DXA/CR DXA/CR000001.dcm,left,133,182,shaft_top
/home/user/workspace/dataset_extracted/Датасет/НД_для_обучения/Исследования/2.25.215177279960644564778148238928738915103/series_002_2_CR/A2504147013 DXA/CR DXA/CR000000.dcm,left,153,144,peak
/home/user/workspace/dataset_extracted/Датасет/НД_для_обучения/Исследования/2.25.215177279960644564778148238928738915103/series_002_2_CR/A2504147013 DXA/CR DXA/CR000002.dcm,right,138,111,peak
/home/user/workspace/dataset_extracted/Датасет/НД_для_обучения/Исследования/2.25.215177279960644564778148238928738915103/series_002_2_CR/A2504147013 DXA/CR DXA/CR000003.dcm,left,153,144,peak
/home/user/workspace/dataset_extracted/Датасет/НД_для_обучения/Исследования/2.25.217397325224876728316360420804118329081/series_002_2_CR/A250474631 DXA/CR DXA/CR000000.dcm,left,170,185,shaft_top
/home/user/workspace/dataset_extracted/Датасет/НД_для_обучения/Исследования/2.25.217397325224876728316360420804118329081/series_002_2_CR/A250474631 DXA/CR DXA/CR000001.dcm,right,154,165,shaft_top
/home/user/workspace/dataset_extracted/Датасет/НД_для_обучения/Исследования/2.25.217397325224876728316360420804118329081/series_002_2_CR/A250474631 DXA/CR DXA/CR000003.dcm,right,154,165,shaft_top
/home/user/workspace/dataset_extracted/Датасет/НД_для_обучения/Исследования/2.25.217397325224876728316360420804118329081/series_002_2_CR/A250474631 DXA/CR DXA/CR000006.dcm,left,170,185,shaft_top
/home/user/workspace/dataset_extracted/Датасет/НД_для_обучения/Исследования/2.25.217397325224876728316360420804118329081/series_002_2_CR/A250474631 DXA/CR DXA/CR000007.dcm,left,170,185,shaft_top
/home/user/workspace/dataset_extracted/Датасет/НД_для_обучения/Исследования/2.25.217397325224876728316360420804118329081/series_002_2_CR/A250474631 DXA/CR DXA/CR000008.dcm,right,154,165,shaft_top
/home/user/workspace/dataset_extracted/Датасет/НД_для_обучения/Исследования/2.25.217397325224876728316360420804118329081/series_002_2_CR/A250474631 DXA/CR DXA/CR000009.dcm,left,170,185,shaft_top
/home/user/workspace/dataset_extracted/Датасет/НД_для_обучения/Исследования/2.25.217397325224876728316360420804118329081/series_002_2_CR/A250474631 DXA/CR DXA/CR000010.dcm,right,154,165,shaft_top
/home/user/workspace/dataset_extracted/Датасет/НД_для_обучения/Исследования/2.25.234651502352368356456298825489565282446/series_002_2_CR/A2504307193 DXA/CR DXA/CR000000.dcm,right,134,148,shaft_top
/home/user/workspace/dataset_extracted/Датасет/НД_для_обучения/Исследования/2.25.234651502352368356456298825489565282446/series_002_2_CR/A2504307193 DXA/CR DXA/CR000001.dcm,right,134,148,shaft_top
/home/user/workspace/dataset_extracted/Датасет/НД_для_обучения/Исследования/2.25.234651502352368356456298825489565282446/series_002_2_CR/A2504307193 DXA/CR DXA/CR000003.dcm,left,137,139,shaft_top
/home/user/workspace/dataset_extracted/Датасет/НД_для_обучения/Исследования/2.25.234651502352368356456298825489565282446/series_002_2_CR/A2504307193 DXA/CR DXA/CR000004.dcm,left,137,139,shaft_top
/home/user/workspace/dataset_extracted/Датасет/НД_для_обучения/Исследования/2.25.234651502352368356456298825489565282446/series_002_2_CR/A2504307193 DXA/CR DXA/CR000005.dcm,left,137,139,shaft_top
/home/user/workspace/dataset_extracted/Датасет/НД_для_обучения/Исследования/2.25.234651502352368356456298825489565282446/series_002_2_CR/A2504307193 DXA/CR DXA/CR000007.dcm,right,134,148,shaft_top
/home/user/workspace/dataset_extracted/Датасет/НД_для_обучения/Исследования/2.25.234651502352368356456298825489565282446/series_002_2_CR/A2504307193 DXA/CR DXA/CR000009.dcm,left,137,139,shaft_top
/home/user/workspace/dataset_extracted/Датасет/НД_для_обучения/Исследования/2.25.234651502352368356456298825489565282446/series_002_2_CR/A2504307193 DXA/CR DXA/CR000010.dcm,right,134,148,shaft_top
/home/user/workspace/dataset_extracted/Датасет/НД_для_обучения/Исследования/2.25.247714038039430659432048101646401574824/series_002_2_CR/A2504238024 DXA Exam/CR DXA Images/CR000000.dcm,left,150,208,peak
/home/user/workspace/dataset_extracted/Датасет/НД_для_обучения/Исследования/2.25.247714038039430659432048101646401574824/series_002_2_CR/A2504238024 DXA Exam/CR DXA Images/CR000001.dcm,right,120,221,shaft_top
/home/user/workspace/dataset_extracted/Датасет/НД_для_обучения/Исследования/2.25.269648774413746842548908998641183395622/series_001_2_CR/A2504393664 DXA/CR DXA/CR000000.dcm,right,154,185,shaft_top
/home/user/workspace/dataset_extracted/Датасет/НД_для_обучения/Исследования/2.25.269648774413746842548908998641183395622/series_001_2_CR/A2504393664 DXA/CR DXA/CR000002.dcm,left,153,196,shaft_top
/home/user/workspace/dataset_extracted/Датасет/НД_для_обучения/Исследования/2.25.272690031744216183651627058502316132741/series_002_2_CR/A2504373414 DXA/CR DXA/CR000000.dcm,right,130,133,peak
/home/user/workspace/dataset_extracted/Датасет/НД_для_обучения/Исследования/2.25.272690031744216183651627058502316132741/series_002_2_CR/A2504373414 DXA/CR DXA/CR000002.dcm,left,170,128,peak
/home/user/workspace/dataset_extracted/Датасет/НД_для_обучения/Исследования/2.25.272690031744216183651627058502316132741/series_002_2_CR/A2504373414 DXA/CR DXA/CR000003.dcm,left,170,128,peak
/home/user/workspace/dataset_extracted/Датасет/НД_для_обучения/Исследования/2.25.272690031744216183651627058502316132741/series_002_2_CR/A2504373414 DXA/CR DXA/CR000004.dcm,right,130,133,peak
/home/user/workspace/dataset_extracted/Датасет/НД_для_обучения/Исследования/2.25.272690031744216183651627058502316132741/series_002_2_CR/A2504373414 DXA/CR DXA/CR000005.dcm,right,130,133,peak
/home/user/workspace/dataset_extracted/Датасет/НД_для_обучения/Исследования/2.25.272690031744216183651627058502316132741/series_002_2_CR/A2504373414 DXA/CR DXA/CR000007.dcm,right,130,133,peak
/home/user/workspace/dataset_extracted/Датасет/НД_для_обучения/Исследования/2.25.272690031744216183651627058502316132741/series_002_2_CR/A2504373414 DXA/CR DXA/CR000008.dcm,left,170,128,peak
/home/user/workspace/dataset_extracted/Датасет/НД_для_обучения/Исследования/2.25.272690031744216183651627058502316132741/series_002_2_CR/A2504373414 DXA/CR DXA/CR000010.dcm,left,170,128,peak
/home/user/workspace/dataset_extracted/Датасет/НД_для_обучения/Исследования/2.25.276415754443998872860614500027519740375/series_002_2_CR/A2504387089 DXA/CR DXA/CR000002.dcm,right,140,179,shaft_top
/home/user/workspace/dataset_extracted/Датасет/НД_для_обучения/Исследования/2.25.276415754443998872860614500027519740375/series_002_2_CR/A2504387089 DXA/CR DXA/CR000003.dcm,left,168,205,shaft_top
/home/user/workspace/dataset_extracted/Датасет/НД_для_обучения/Исследования/2.25.276415754443998872860614500027519740375/series_002_2_CR/A2504387089 DXA/CR DXA/CR000004.dcm,right,140,179,shaft_top
/home/user/workspace/dataset_extracted/Датасет/НД_для_обучения/Исследования/2.25.276415754443998872860614500027519740375/series_002_2_CR/A2504387089 DXA/CR DXA/CR000005.dcm,left,168,205,shaft_top
/home/user/workspace/dataset_extracted/Датасет/НД_для_обучения/Исследования/2.25.277752758923974029595977676354128739670/series_002_2_CR/A2504223752 DXA/CR DXA/CR000000.dcm,right,169,177,shaft_top
/home/user/workspace/dataset_extracted/Датасет/НД_для_обучения/Исследования/2.25.277752758923974029595977676354128739670/series_002_2_CR/A2504223752 DXA/CR DXA/CR000001.dcm,left,149,183,shaft_top
/home/user/workspace/dataset_extracted/Датасет/НД_для_обучения/Исследования/2.25.277752758923974029595977676354128739670/series_002_2_CR/A2504223752 DXA/CR DXA/CR000002.dcm,left,149,183,shaft_top
/home/user/workspace/dataset_extracted/Датасет/НД_для_обучения/Исследования/2.25.277752758923974029595977676354128739670/series_002_2_CR/A2504223752 DXA/CR DXA/CR000003.dcm,right,169,177,shaft_top
/home/user/workspace/dataset_extracted/Датасет/НД_для_обучения/Исследования/2.25.286999464611662854355201599068538813496/series_003_2_CR/A2504223477 DXA/CR DXA/CR000000.dcm,right,111,186,shaft_top
/home/user/workspace/dataset_extracted/Датасет/НД_для_обучения/Исследования/2.25.286999464611662854355201599068538813496/series_003_2_CR/A2504223477 DXA/CR DXA/CR000002.dcm,left,124,184,shaft_top
/home/user/workspace/dataset_extracted/Датасет/НД_для_обучения/Исследования/2.25.286999464611662854355201599068538813496/series_003_2_CR/A2504223477 DXA/CR DXA/CR000003.dcm,right,111,186,shaft_top
/home/user/workspace/dataset_extracted/Датасет/НД_для_обучения/Исследования/2.25.286999464611662854355201599068538813496/series_003_2_CR/A2504223477 DXA/CR DXA/CR000005.dcm,left,124,184,shaft_top
/home/user/workspace/dataset_extracted/Датасет/НД_для_обучения/Исследования/2.25.29638026465755240167985424461715024381/series_004_3_CR/A2504115579 DXA/CR DXA/CR000000.dcm,right,157,186,shaft_top
/home/user/workspace/dataset_extracted/Датасет/НД_для_обучения/Исследования/2.25.29638026465755240167985424461715024381/series_004_3_CR/A2504115579 DXA/CR DXA/CR000002.dcm,right,157,186,shaft_top
/home/user/workspace/dataset_extracted/Датасет/НД_для_обучения/Исследования/2.25.29638026465755240167985424461715024381/series_004_3_CR/A2504115579 DXA/CR DXA/CR000003.dcm,left,163,206,shaft_top
/home/user/workspace/dataset_extracted/Датасет/НД_для_обучения/Исследования/2.25.307021710202910067378603383388989711646/series_004_2_CR/A2504110565 DXA/CR DXA/CR000001.dcm,right,153,171,shaft_top
/home/user/workspace/dataset_extracted/Датасет/НД_для_обучения/Исследования/2.25.307021710202910067378603383388989711646/series_004_2_CR/A2504110565 DXA/CR DXA/CR000002.dcm,right,153,171,shaft_top
/home/user/workspace/dataset_extracted/Датасет/НД_для_обучения/Исследования/2.25.307021710202910067378603383388989711646/series_004_2_CR/A2504110565 DXA/CR DXA/CR000003.dcm,right,153,171,shaft_top
/home/user/workspace/dataset_extracted/Датасет/НД_для_обучения/Исследования/2.25.307021710202910067378603383388989711646/series_004_2_CR/A2504110565 DXA/CR DXA/CR000004.dcm,left,161,163,shaft_top
/home/user/workspace/dataset_extracted/Датасет/НД_для_обучения/Исследования/2.25.307021710202910067378603383388989711646/series_004_2_CR/A2504110565 DXA/CR DXA/CR000005.dcm,left,161,163,shaft_top
/home/user/workspace/dataset_extracted/Датасет/НД_для_обучения/Исследования/2.25.307021710202910067378603383388989711646/series_004_2_CR/A2504110565 DXA/CR DXA/CR000006.dcm,left,161,163,shaft_top
/home/user/workspace/dataset_extracted/Датасет/НД_для_обучения/Исследования/2.25.307021710202910067378603383388989711646/series_004_2_CR/A2504110565 DXA/CR DXA/CR000007.dcm,left,161,163,shaft_top
/home/user/workspace/dataset_extracted/Датасет/НД_для_обучения/Исследования/2.25.307021710202910067378603383388989711646/series_004_2_CR/A2504110565 DXA/CR DXA/CR000008.dcm,right,153,171,shaft_top
/home/user/workspace/dataset_extracted/Датасет/НД_для_обучения/Исследования/2.25.307021710202910067378603383388989711646/series_004_2_CR/A2504110565 DXA/CR DXA/CR000009.dcm,right,153,171,shaft_top
/home/user/workspace/dataset_extracted/Датасет/НД_для_обучения/Исследования/2.25.309085571913348252136520206003694446566/series_002_2_CR/A2504116267 DXA/CR DXA/CR000001.dcm,left,117,188,shaft_top
/home/user/workspace/dataset_extracted/Датасет/НД_для_обучения/Исследования/2.25.309085571913348252136520206003694446566/series_002_2_CR/A2504116267 DXA/CR DXA/CR000002.dcm,right,110,185,shaft_top
/home/user/workspace/dataset_extracted/Датасет/НД_для_обучения/Исследования/2.25.314147167453134440746270747484612743945/series_002_2_CR/A2504224780 DXA/CR DXA/CR000000.dcm,right,133,148,shaft_top
/home/user/workspace/dataset_extracted/Датасет/НД_для_обучения/Исследования/2.25.314147167453134440746270747484612743945/series_002_2_CR/A2504224780 DXA/CR DXA/CR000001.dcm,left,149,166,shaft_top
/home/user/workspace/dataset_extracted/Датасет/НД_для_обучения/Исследования/2.25.339027809107632348165171236474821772940/series_001_2_CR/A2504349642 DXA/CR DXA/CR000000.dcm,right,107,182,shaft_top
/home/user/workspace/dataset_extracted/Датасет/НД_для_обучения/Исследования/2.25.339027809107632348165171236474821772940/series_001_2_CR/A2504349642 DXA/CR DXA/CR000002.dcm,left,107,179,shaft_top
/home/user/workspace/dataset_extracted/Датасет/НД_для_обучения/Исследования/2.25.339027809107632348165171236474821772940/series_001_2_CR/A2504349642 DXA/CR DXA/CR000003.dcm,left,107,179,shaft_top
/home/user/workspace/dataset_extracted/Датасет/НД_для_обучения/Исследования/2.25.339027809107632348165171236474821772940/series_001_2_CR/A2504349642 DXA/CR DXA/CR000005.dcm,right,107,182,shaft_top
/home/user/workspace/dataset_extracted/Датасет/НД_для_обучения/Исследования/2.25.340839477910528898406207279980417945/series_001_2_CR/A2504224555 DXA Exam/CR DXA Images/CR000000.dcm,left,134,222,shaft_top
/home/user/workspace/dataset_extracted/Датасет/НД_для_обучения/Исследования/2.25.340839477910528898406207279980417945/series_001_2_CR/A2504224555 DXA Exam/CR DXA Images/CR000001.dcm,right,153,227,shaft_top
/home/user/workspace/dataset_extracted/Датасет/НД_для_обучения/Исследования/2.25.37515662379281069436632838996073181551/series_001_2_CR/A2504329840 DXA/CR DXA/CR000001.dcm,left,130,120,peak
/home/user/workspace/dataset_extracted/Датасет/НД_для_обучения/Исследования/2.25.37515662379281069436632838996073181551/series_001_2_CR/A2504329840 DXA/CR DXA/CR000002.dcm,right,150,125,peak
/home/user/workspace/dataset_extracted/Датасет/НД_для_обучения/Исследования/2.25.39068163399801173920284179500049527111/series_002_2_CR/A2504195842 DXA/CR DXA/CR000000.dcm,right,160,134,shaft_top
/home/user/workspace/dataset_extracted/Датасет/НД_для_обучения/Исследования/2.25.39068163399801173920284179500049527111/series_002_2_CR/A2504195842 DXA/CR DXA/CR000001.dcm,left,154,133,shaft_top
/home/user/workspace/dataset_extracted/Датасет/НД_для_обучения/Исследования/2.25.48906424954135283790354958243772558962/series_001_2_CR/A2504185596 DXA Exam/CR DXA Images/CR000000.dcm,right,126,225,shaft_top
/home/user/workspace/dataset_extracted/Датасет/НД_для_обучения/Исследования/2.25.48906424954135283790354958243772558962/series_001_2_CR/A2504185596 DXA Exam/CR DXA Images/CR000001.dcm,left,136,230,peak
/home/user/workspace/dataset_extracted/Датасет/НД_для_обучения/Исследования/2.25.52982400970721161435951723390541696819/series_001_2_CR/A2504331065 DXA/CR DXA/CR000000.dcm,right,114,198,shaft_top
/home/user/workspace/dataset_extracted/Датасет/НД_для_обучения/Исследования/2.25.52982400970721161435951723390541696819/series_001_2_CR/A2504331065 DXA/CR DXA/CR000001.dcm,left,127,203,shaft_top
/home/user/workspace/dataset_extracted/Датасет/НД_для_обучения/Исследования/2.25.52982400970721161435951723390541696819/series_001_2_CR/A2504331065 DXA/CR DXA/CR000003.dcm,right,114,198,shaft_top
/home/user/workspace/dataset_extracted/Датасет/НД_для_обучения/Исследования/2.25.52982400970721161435951723390541696819/series_001_2_CR/A2504331065 DXA/CR DXA/CR000005.dcm,left,127,203,shaft_top
/home/user/workspace/dataset_extracted/Датасет/НД_для_обучения/Исследования/2.25.52982400970721161435951723390541696819/series_001_2_CR/A2504331065 DXA/CR DXA/CR000006.dcm,right,114,198,shaft_top
/home/user/workspace/dataset_extracted/Датасет/НД_для_обучения/Исследования/2.25.52982400970721161435951723390541696819/series_001_2_CR/A2504331065 DXA/CR DXA/CR000007.dcm,left,127,203,shaft_top
/home/user/workspace/dataset_extracted/Датасет/НД_для_обучения/Исследования/2.25.65954778282254353457041255543338557112/series_004_3_CR/A2504246289 DXA/CR DXA/CR000000.dcm,right,129,181,shaft_top
/home/user/workspace/dataset_extracted/Датасет/НД_для_обучения/Исследования/2.25.65954778282254353457041255543338557112/series_004_3_CR/A2504246289 DXA/CR DXA/CR000001.dcm,left,153,131,peak
/home/user/workspace/dataset_extracted/Датасет/НД_для_обучения/Исследования/2.25.66397484472966116002950503539482860450/series_001_2_CR/A2504194637 DXA/CR DXA/CR000000.dcm,left,149,146,shaft_top
/home/user/workspace/dataset_extracted/Датасет/НД_для_обучения/Исследования/2.25.66397484472966116002950503539482860450/series_001_2_CR/A2504194637 DXA/CR DXA/CR000001.dcm,left,149,146,shaft_top
/home/user/workspace/dataset_extracted/Датасет/НД_для_обучения/Исследования/2.25.66397484472966116002950503539482860450/series_001_2_CR/A2504194637 DXA/CR DXA/CR000002.dcm,left,149,146,shaft_top
/home/user/workspace/dataset_extracted/Датасет/НД_для_обучения/Исследования/2.25.66397484472966116002950503539482860450/series_001_2_CR/A2504194637 DXA/CR DXA/CR000003.dcm,right,158,176,shaft_top
/home/user/workspace/dataset_extracted/Датасет/НД_для_обучения/Исследования/2.25.66397484472966116002950503539482860450/series_001_2_CR/A2504194637 DXA/CR DXA/CR000005.dcm,left,149,146,shaft_top
/home/user/workspace/dataset_extracted/Датасет/НД_для_обучения/Исследования/2.25.66397484472966116002950503539482860450/series_001_2_CR/A2504194637 DXA/CR DXA/CR000006.dcm,right,158,176,shaft_top
/home/user/workspace/dataset_extracted/Датасет/НД_для_обучения/Исследования/2.25.66397484472966116002950503539482860450/series_001_2_CR/A2504194637 DXA/CR DXA/CR000007.dcm,right,158,176,shaft_top
/home/user/workspace/dataset_extracted/Датасет/НД_для_обучения/Исследования/2.25.66397484472966116002950503539482860450/series_001_2_CR/A2504194637 DXA/CR DXA/CR000010.dcm,right,158,176,shaft_top
/home/user/workspace/dataset_extracted/Датасет/НД_для_обучения/Исследования/2.25.73070100851377917031356937075051545239/series_002_2_CR/A2504239110 DXA/CR DXA/CR000000.dcm,left,130,164,shaft_top
/home/user/workspace/dataset_extracted/Датасет/НД_для_обучения/Исследования/2.25.73070100851377917031356937075051545239/series_002_2_CR/A2504239110 DXA/CR DXA/CR000001.dcm,right,148,164,shaft_top
/home/user/workspace/dataset_extracted/Датасет/НД_для_обучения/Исследования/2.25.73070100851377917031356937075051545239/series_002_2_CR/A2504239110 DXA/CR DXA/CR000004.dcm,left,130,164,shaft_top
/home/user/workspace/dataset_extracted/Датасет/НД_для_обучения/Исследования/2.25.73070100851377917031356937075051545239/series_002_2_CR/A2504239110 DXA/CR DXA/CR000005.dcm,right,148,164,shaft_top
/home/user/workspace/dataset_extracted/Датасет/НД_для_обучения/Исследования/2.25.76710355977373089612172037086913478687/series_002_3_CR/A2504104830 DXA/CR DXA/CR000000.dcm,right,192,154,shaft_top
/home/user/workspace/dataset_extracted/Датасет/НД_для_обучения/Исследования/2.25.76710355977373089612172037086913478687/series_002_3_CR/A2504104830 DXA/CR DXA/CR000002.dcm,left,136,153,peak
/home/user/workspace/dataset_extracted/Датасет/НД_для_обучения/Исследования/2.25.78999454687125053757525542837745968726/series_004_3_CR/A2504222617 DXA/CR DXA/CR000000.dcm,left,144,152,shaft_top
/home/user/workspace/dataset_extracted/Датасет/НД_для_обучения/Исследования/2.25.78999454687125053757525542837745968726/series_004_3_CR/A2504222617 DXA/CR DXA/CR000001.dcm,right,182,136,peak
/home/user/workspace/dataset_extracted/Датасет/НД_для_обучения/Исследования/2.25.82912555346523716720160717883917565880/series_002_2_CR/A2504149480 DXA/CR DXA/CR000000.dcm,left,131,128,peak
/home/user/workspace/dataset_extracted/Датасет/НД_для_обучения/Исследования/2.25.82912555346523716720160717883917565880/series_002_2_CR/A2504149480 DXA/CR DXA/CR000002.dcm,right,132,159,peak
/home/user/workspace/dataset_extracted/Датасет/НД_для_обучения/Исследования/2.25.82912555346523716720160717883917565880/series_002_2_CR/A2504149480 DXA/CR DXA/CR000003.dcm,left,131,128,peak
/home/user/workspace/dataset_extracted/Датасет/НД_для_обучения/Исследования/2.25.82912555346523716720160717883917565880/series_002_2_CR/A2504149480 DXA/CR DXA/CR000004.dcm,right,132,159,peak
/home/user/workspace/dataset_extracted/Датасет/НД_для_обучения/Исследования/2.25.87869906212286587478854831452123526595/series_002_2_CR/A250419699 DXA/CR DXA/CR000000.dcm,left,136,137,peak
/home/user/workspace/dataset_extracted/Датасет/НД_для_обучения/Исследования/2.25.87869906212286587478854831452123526595/series_002_2_CR/A250419699 DXA/CR DXA/CR000002.dcm,right,122,170,shaft_top
/home/user/workspace/dataset_extracted/Датасет/НД_для_обучения/Исследования/2.25.91981043841368764114007975581101713077/series_003_2_CR/A250496619 DXA/CR DXA/CR000000.dcm,left,152,205,shaft_top
/home/user/workspace/dataset_extracted/Датасет/НД_для_обучения/Исследования/2.25.91981043841368764114007975581101713077/series_003_2_CR/A250496619 DXA/CR DXA/CR000001.dcm,left,152,205,shaft_top
/home/user/workspace/dataset_extracted/Датасет/НД_для_обучения/Исследования/2.25.91981043841368764114007975581101713077/series_003_2_CR/A250496619 DXA/CR DXA/CR000002.dcm,right,148,206,shaft_top
/home/user/workspace/dataset_extracted/Датасет/НД_для_обучения/Исследования/2.25.91981043841368764114007975581101713077/series_003_2_CR/A250496619 DXA/CR DXA/CR000003.dcm,left,152,205,shaft_top
/home/user/workspace/dataset_extracted/Датасет/НД_для_обучения/Исследования/2.25.91981043841368764114007975581101713077/series_003_2_CR/A250496619 DXA/CR DXA/CR000005.dcm,right,148,206,shaft_top
/home/user/workspace/dataset_extracted/Датасет/НД_для_обучения/Исследования/2.25.91981043841368764114007975581101713077/series_003_2_CR/A250496619 DXA/CR DXA/CR000006.dcm,right,148,206,shaft_top
/home/user/workspace/dataset_extracted/Датасет/НД_для_обучения/Исследования/2.25.91981043841368764114007975581101713077/series_003_2_CR/A250496619 DXA/CR DXA/CR000007.dcm,right,148,206,shaft_top
/home/user/workspace/dataset_extracted/Датасет/НД_для_обучения/Исследования/2.25.91981043841368764114007975581101713077/series_003_2_CR/A250496619 DXA/CR DXA/CR000008.dcm,left,152,205,shaft_top
/home/user/workspace/dataset_extracted/Датасет/НД_для_обучения/Исследования/2.25.91981043841368764114007975581101713077/series_003_2_CR/A250496619 DXA/CR DXA/CR000011.dcm,right,148,206,shaft_top
