repeat,auc_base,auc_geom_base,f1pos_base,macro_f1_base,n_flag_base,auc_band70,auc_geom_band70,f1pos_band70,macro_f1_band70,n_flag_band70,auc_lat40,auc_geom_lat40,f1pos_lat40,macro_f1_lat40,n_flag_lat40,auc_lat20,auc_geom_lat20,f1pos_lat20,macro_f1_lat20,n_flag_lat20,auc_lat10,auc_geom_lat10,f1pos_lat10,macro_f1_lat10,n_flag_lat10,auc_lat5,auc_geom_lat5,f1pos_lat5,macro_f1_lat5,n_flag_lat5,auc_gate_lat,auc_geom_gate_lat,f1pos_gate_lat,macro_f1_gate_lat,n_flag_gate_lat,d_auc_band70,d_f1pos_band70,d_macro_f1_band70,d_auc_lat40,d_f1pos_lat40,d_macro_f1_lat40,d_auc_lat20,d_f1pos_lat20,d_macro_f1_lat20,d_auc_lat10,d_f1pos_lat10,d_macro_f1_lat10,d_auc_lat5,d_f1pos_lat5,d_macro_f1_lat5,d_auc_gate_lat,d_f1pos_gate_lat,d_macro_f1_gate_lat,d70_auc_base,d70_macro_f1_base,d70_f1pos_base,fp_base,tp_base,d70_auc_band70,d70_macro_f1_band70,d70_f1pos_band70,fp_band70,tp_band70,d70_auc_lat40,d70_macro_f1_lat40,d70_f1pos_lat40,fp_lat40,tp_lat40,d70_auc_lat20,d70_macro_f1_lat20,d70_f1pos_lat20,fp_lat20,tp_lat20,d70_auc_lat10,d70_macro_f1_lat10,d70_f1pos_lat10,fp_lat10,tp_lat10,d70_auc_lat5,d70_macro_f1_lat5,d70_f1pos_lat5,fp_lat5,tp_lat5,d70_auc_gate_lat,d70_macro_f1_gate_lat,d70_f1pos_gate_lat,fp_gate_lat,tp_gate_lat
0,0.792257360959651,0.5186477644492913,0.5454545454545454,0.6907600596125186,53,0.8721919302071974,0.8015267175572519,0.5641025641025641,0.7151221481930143,43,0.8784078516902945,0.6494002181025083,0.5142857142857142,0.692257360959651,35,0.8232279171210469,0.4863685932388223,0.5813953488372093,0.7175269427112876,51,0.8352235550708832,0.51886586695747,0.6,0.7365079365079366,45,0.8066521264994547,0.47219193020719735,0.5894736842105263,0.712458361092605,60,0.8471101417666304,0.753762268266085,0.36923076923076925,0.6078363583981561,30,0.07993456924754638,0.018648018648018683,0.02436208858049571,0.0861504907306434,-0.03116883116883118,0.0014973013471323293,0.03097055616139588,0.03594080338266392,0.026766883098768957,0.04296619411123215,0.054545454545454564,0.04574787689541793,0.014394765539803678,0.04401913875598085,0.021698301480086335,0.05485278080697931,-0.17622377622377616,-0.08292370121436254,-0.07993456924754638,-0.02436208858049571,-0.018648018648018683,29,24,0.0,0.0,0.0,21,22,0.00621592148309702,-0.02286478723336338,-0.04981684981684986,17,18,-0.048964013086150504,0.0024047945182732455,0.01729278473464524,26,25,-0.036968375136314235,0.021385788314922216,0.03589743589743588,21,24,-0.0655398037077427,-0.002663787100409376,0.025371120107962164,32,28,-0.025081788440567077,-0.10728578979485826,-0.19487179487179485,18,12
1,0.8619411123227918,0.7040348964013086,0.6086956521739131,0.7293478260869566,57,0.8924754634678298,0.8138495092693565,0.6829268292682927,0.7894634146341464,47,0.8983642311886587,0.6474372955288986,0.547945205479452,0.7102660390331623,38,0.8115594329334787,0.42628135223555064,0.3188405797101449,0.5700666776877721,34,0.8329334787350055,0.499236641221374,0.5217391304347826,0.6692028985507246,57,0.7967284623773173,0.5933478735005453,0.5306122448979592,0.6670155241583813,63,0.8726281352235551,0.751690294438386,0.5217391304347826,0.69813192263184,34,0.030534351145037997,0.07423117709437965,0.06011558854718979,0.03642311886586691,-0.06075044669446106,-0.019081787053794264,-0.05038167938931315,-0.2898550724637682,-0.1592811483991845,-0.029007633587786352,-0.08695652173913049,-0.06014492753623202,-0.06521264994547449,-0.07808340727595386,-0.06233230192857531,0.010687022900763288,-0.08695652173913049,-0.0312159034551166,-0.030534351145037997,-0.06011558854718979,-0.07423117709437965,29,28,0.0,0.0,0.0,19,28,0.0058887677208289135,-0.07919737560098405,-0.1349816237888407,18,20,-0.08091603053435115,-0.2193967369463743,-0.36408624955814783,23,11,-0.05954198473282435,-0.12026051608342181,-0.16118769883351014,33,24,-0.09574700109051248,-0.1224478904757651,-0.15231458437033352,37,26,-0.01984732824427471,-0.09133149200230639,-0.16118769883351014,16,18
2,0.8183206106870229,0.5151581243184297,0.6024096385542169,0.7349397590361446,48,0.8877862595419848,0.782442748091603,0.691358024691358,0.79587821553293,46,0.8948745910577972,0.6402399127589968,0.5555555555555556,0.7162393162393162,37,0.8425299890948745,0.5326063249727372,0.5853658536585366,0.7246829268292683,47,0.8366412213740458,0.502071973827699,0.4,0.6198473282442748,35,0.8359869138495093,0.47284623773173384,0.5614035087719298,0.6660228553033961,79,0.8336968375136313,0.7444929116684841,0.5070422535211268,0.6864713183314446,36,0.06946564885496187,0.08894838613714107,0.06093845649678542,0.07655398037077432,-0.04685408299866134,-0.018700442796828365,0.024209378407851645,-0.01704378489568037,-0.010256832206876343,0.018320610687022953,-0.2024096385542169,-0.11509243079186982,0.017666303162486408,-0.041006129782287126,-0.0689169037327485,0.015376226826608441,-0.09536738503309017,-0.04846844070470002,-0.06946564885496187,-0.06093845649678542,-0.08894838613714107,23,25,0.0,0.0,0.0,18,28,0.007088331515812452,-0.07963889929361379,-0.1358024691358024,17,20,-0.045256270447110225,-0.07119528870366176,-0.10599217103282144,23,24,-0.05114503816793892,-0.17603088728865524,-0.29135802469135796,21,14,-0.05179934569247546,-0.12985536022953392,-0.1299545159194282,47,32,-0.05408942202835343,-0.10940689720148544,-0.18431577117023124,18,18
3,0.7351145038167939,0.476990185387132,0.5647058823529412,0.7074541557513694,50,0.8540894220283534,0.7636859323882226,0.631578947368421,0.7611019736842105,41,0.8587786259541985,0.6312977099236641,0.3835616438356164,0.6049082350452213,38,0.8248636859323882,0.4787350054525627,0.5208333333333334,0.6629590395480226,61,0.8426390403489641,0.4905125408942203,0.5333333333333333,0.6798898071625344,55,0.8016357688113412,0.3949836423118866,0.5263157894736842,0.6682211858760826,60,0.8389312977099237,0.7276990185387131,0.4,0.6198473282442748,35,0.11897491821155948,0.06687306501547985,0.053647817932841124,0.12366412213740463,-0.18114423851732475,-0.1025459207061481,0.08974918211559435,-0.0438725490196078,-0.044495116203346785,0.1075245365321702,-0.03137254901960784,-0.02756434858883494,0.06652126499454736,-0.03839009287925699,-0.039232969875286794,0.10381679389312981,-0.16470588235294115,-0.08760682750709459,-0.11897491821155948,-0.053647817932841124,-0.06687306501547985,26,24,0.0,0.0,0.0,17,24,0.0046892039258451534,-0.15619373863898922,-0.2480173035328046,24,14,-0.029225736095965127,-0.09814293413618791,-0.11074561403508765,36,25,-0.011450381679389277,-0.08121216652167607,-0.09824561403508769,31,24,-0.05245365321701212,-0.09288078780812792,-0.10526315789473684,35,25,-0.015158124318429667,-0.1412546454399357,-0.231578947368421,21,14
4,0.8624863685932388,0.6416575790621591,0.5869565217391305,0.7143115942028986,57,0.8935659760087241,0.8044711014176662,0.6966292134831461,0.7927590511860174,54,0.9016357688113413,0.5810250817884406,0.5915492957746479,0.7402190923317684,36,0.8736095965103599,0.4309705561613959,0.5789473684210527,0.7269736842105263,41,0.8726281352235551,0.45059978189749184,0.5961538461538461,0.7059716599190283,69,0.8826608505997818,0.5003271537622682,0.5148514851485149,0.6513651365136514,66,0.8247546346782988,0.6393675027262813,0.5121951219512195,0.6760975609756097,47,0.031079607415485322,0.10967269174401562,0.07844745698311884,0.03914940021810254,0.0045927740355173885,0.025907498128869832,0.011123227917121059,-0.008009153318077833,0.012662090007627747,0.010141766630316296,0.009197324414715657,-0.008339934283870254,0.020174482006543037,-0.07210503659061562,-0.06294645768924723,-0.03773173391494,-0.07476139978791096,-0.03821403322728889,-0.031079607415485322,-0.07844745698311884,-0.10967269174401562,30,27,0.0,0.0,0.0,23,31,0.008069792802617215,-0.052539958854249,-0.10507991770849823,15,21,-0.019956379498364263,-0.06578536697549109,-0.11768184506209345,19,22,-0.020937840785169026,-0.08678739126698909,-0.10047536732929996,38,31,-0.010905125408942284,-0.14139391467236606,-0.18177772833463124,40,26,-0.06881134133042532,-0.11666149021040773,-0.18443409153192658,26,21
5,0.7430752453653217,0.41003271537622676,0.47058823529411764,0.644201000238152,50,0.8646673936750273,0.7591057797164666,0.5714285714285714,0.7131336405529953,49,0.8529989094874592,0.6260632497273719,0.4523809523809524,0.6334485407066053,49,0.7946564885496182,0.6599781897491821,0.5052631578947369,0.6534754608039085,60,0.7834242093784078,0.6010905125408941,0.5517241379310345,0.6962702322308234,52,0.8095965103598691,0.6142857142857143,0.5217391304347826,0.6692028985507246,57,0.7976008724100326,0.7250817884405671,0.4,0.6047619047619048,45,0.12159214830970566,0.10084033613445376,0.06893264031484336,0.1099236641221375,-0.018207282913165257,-0.010752459531546688,0.05158124318429658,0.03467492260061922,0.009274460565756537,0.040348964013086186,0.08113590263691683,0.05206923199267144,0.06652126499454747,0.051150895140664954,0.0250018983125726,0.05452562704471098,-0.07058823529411762,-0.03943909547624713,-0.12159214830970566,-0.06893264031484336,-0.10084033613445376,30,20,0.0,0.0,0.0,25,24,-0.011668484187568162,-0.07968509984639005,-0.11904761904761901,30,19,-0.07001090512540908,-0.059658179749086826,-0.06616541353383454,36,24,-0.08124318429661948,-0.016863408322171924,-0.019704433497536922,28,24,-0.05507088331515819,-0.04393074200227076,-0.0496894409937888,33,24,-0.06706652126499468,-0.1083717357910905,-0.17142857142857137,29,16
6,0.8847328244274809,0.6665212649945474,0.6436781609195402,0.7585737743373211,52,0.9225736095965104,0.84525627044711,0.6590909090909091,0.7680700447093889,53,0.8781897491821156,0.6316248636859323,0.5454545454545454,0.7040998217468806,42,0.861504907306434,0.5164667393675028,0.5581395348837209,0.7018339950841369,51,0.8711014176663032,0.492257360959651,0.5111111111111111,0.6646464646464647,55,0.8441657579062158,0.40523446019629217,0.5567010309278351,0.6868611537617899,62,0.8195201744820065,0.6225736095965103,0.4418604651162791,0.6233692569483835,51,0.037840785169029445,0.01541274817136884,0.009496270372067794,-0.0065430752453653485,-0.0982236154649948,-0.05447395259044052,-0.02322791712104688,-0.0855386260358193,-0.056739779253184186,-0.013631406761177689,-0.13256704980842915,-0.09392730969085639,-0.04056706652126507,-0.08697712999170515,-0.07171262057553118,-0.06521264994547438,-0.20181769580326114,-0.13520451738893757,-0.037840785169029445,-0.009496270372067794,-0.01541274817136884,24,28,0.0,0.0,0.0,24,29,-0.04438386041439479,-0.06397022296250832,-0.11363636363636365,21,21,-0.06106870229007633,-0.06623604962525198,-0.10095137420718814,27,24,-0.051472191930207134,-0.10342358006292418,-0.147979797979798,32,23,-0.07840785169029452,-0.08120889094759898,-0.10238987816307399,35,27,-0.10305343511450382,-0.14470078776100537,-0.21723044397462998,32,19
7,0.7849509269356598,0.7182115594329335,0.47368421052631576,0.6587171052631579,41,0.83773173391494,0.8492911668484189,0.5714285714285714,0.7131336405529953,49,0.8235550708833151,0.6071973827699019,0.5,0.6856060606060606,33,0.7606324972737187,0.4793893129770992,0.6329113924050633,0.7591434432381048,44,0.7237731733914939,0.4676117775354417,0.29850746268656714,0.5605744860602647,32,0.7462377317339148,0.4306434023991276,0.4888888888888889,0.6494031221303949,55,0.7800436205016358,0.7557251908396946,0.37333333333333335,0.5952269779507133,40,0.052780806979280226,0.09774436090225563,0.054416535289837475,0.03860414394765532,0.026315789473684237,0.0268889553429027,-0.024318429661941088,0.15922718187874757,0.10042633797494693,-0.06117775354416588,-0.17517674783974863,-0.09814261920289313,-0.03871319520174499,0.01520467836257311,-0.009313983132762993,-0.004907306434024039,-0.10035087719298241,-0.06349012731244452,-0.052780806979280226,-0.054416535289837475,-0.09774436090225563,23,18,0.0,0.0,0.0,25,24,-0.014176663031624903,-0.027527579946934777,-0.0714285714285714,16,17,-0.07709923664122131,0.04600980268510946,0.061482820976491936,19,25,-0.1139585605234461,-0.1525591544927306,-0.27292110874200426,22,10,-0.09149400218102521,-0.06373051842260047,-0.08253968253968252,33,22,-0.057688113413304265,-0.117906662602282,-0.19809523809523805,26,14
8,0.8592148309705562,0.6420937840785168,0.5168539325842697,0.6699496000369909,54,0.8977099236641221,0.7371864776444929,0.625,0.7529761904761905,45,0.8964013086150491,0.6019629225736096,0.4931506849315068,0.6751467710371819,38,0.8368593238822246,0.5408942202835333,0.6075949367088608,0.742532646220043,44,0.8491821155943293,0.44918211559432936,0.7352941176470589,0.8335561497326203,33,0.8471101417666304,0.6489640130861505,0.5333333333333333,0.6798898071625344,55,0.848854961832061,0.6621592148309705,0.42105263157894735,0.6245888157894737,41,0.03849509269356588,0.1081460674157303,0.08302659043919958,0.0371864776444929,-0.023703247652762882,0.005197171000191014,-0.02235550708833156,0.09074100412459107,0.07258304618305211,-0.010032715376226853,0.21844018506278917,0.16360654969562938,-0.012104689203925822,0.016479400749063622,0.009940207125543554,-0.010359869138495181,-0.09580130100532236,-0.045360784247517216,-0.03849509269356588,-0.08302659043919958,-0.1081460674157303,31,23,0.0,0.0,0.0,20,25,-0.0013086150490729809,-0.07782941943900856,-0.13184931506849318,20,18,-0.06085059978189744,-0.010443544256147463,-0.017405063291139222,20,24,-0.04852780806979273,0.0805799592564298,0.11029411764705888,8,25,-0.0505997818974917,-0.07308638331365602,-0.09166666666666667,31,24,-0.04885496183206106,-0.1283873746867168,-0.20394736842105265,25,16
9,0.8256270447110141,0.5668484187568157,0.5510204081632653,0.6814931100645386,63,0.8800436205016356,0.77546346782988,0.6829268292682927,0.7894634146341464,47,0.8893129770992366,0.625845147219193,0.49411764705882355,0.6600142891164563,50,0.8078516902944385,0.4580152671755725,0.47191011235955055,0.6392472372497341,54,0.8252998909487459,0.4435114503816794,0.6451612903225806,0.7535429882575246,58,0.829443838604144,0.5556161395856052,0.5344827586206896,0.6422413793103448,81,0.8558342420937841,0.7477644492911668,0.5,0.6807692307692308,37,0.054416575790621535,0.13190642110502748,0.10797030456960777,0.06368593238822251,-0.0569027611044417,-0.02147882094808229,-0.01777535441657563,-0.0791102958037147,-0.04224587281480452,-0.00032715376226821746,0.09414088215931538,0.07204987819298603,0.003816793893129833,-0.01653764954257564,-0.03925173075419386,0.03020719738277,-0.05102040816326525,-0.0007238792953078166,-0.054416575790621535,-0.10797030456960777,-0.13190642110502748,36,27,0.0,0.0,0.0,19,28,0.009269356597600975,-0.12944912551769006,-0.18880918220946918,29,21,-0.07219193020719716,-0.15021617738441229,-0.21101671690874219,33,21,-0.05474372955288975,-0.03592042637662174,-0.03776553894571211,28,30,-0.0505997818974917,-0.14722203532380163,-0.14844407064760312,50,31,-0.024209378407851534,-0.10869418386491558,-0.18292682926829273,19,18
10,0.7534351145038167,0.5210468920392585,0.4943820224719101,0.6545984186433624,54,0.8945474372955289,0.8035986913849509,0.6233766233766234,0.7548255665902724,42,0.904907306434024,0.6123227917121047,0.5277777777777778,0.6985042735042735,37,0.7940021810250817,0.45823336968375133,0.5454545454545454,0.6907600596125186,53,0.8333696837513631,0.4800436205016358,0.6216216216216216,0.756547244919338,39,0.7665212649945474,0.3869138495092693,0.3010752688172043,0.5145543708102758,58,0.864340239912759,0.7484187568157034,0.4057971014492754,0.6249517826638011,34,0.14111232279171215,0.12899460090471326,0.10022714794691001,0.15147219193020722,0.03339575530586769,0.04390585486091103,0.04056706652126496,0.051072522982635316,0.036161640969156195,0.07993456924754638,0.1272395991497115,0.10194882627597557,0.013086150490730697,-0.1933067536547058,-0.14004404783308666,0.11090512540894226,-0.08858492102263471,-0.029646635979561298,-0.14111232279171215,-0.10022714794691001,-0.12899460090471326,32,22,0.0,0.0,0.0,18,24,0.01035986913849507,-0.05632129308599898,-0.09559884559884557,18,19,-0.10054525627044719,-0.06406550697775382,-0.07792207792207795,29,24,-0.06117775354416577,0.0017216783290655568,-0.0017550017550017616,16,23,-0.12802617230098146,-0.24027119577999667,-0.32230135455941905,44,14,-0.03020719738276989,-0.1298737839264713,-0.21757952192734797,20,14
11,0.8061068702290075,0.7129770992366412,0.425531914893617,0.599320579295548,59,0.8647764449291168,0.8140676117775354,0.5783132530120482,0.7188755020080322,48,0.8695747001090512,0.6219193020719739,0.5384615384615384,0.6983646274984858,43,0.7427480916030536,0.4071973827699018,0.34375,0.5935167910447761,29,0.8017448200654308,0.36008724100327155,0.5274725274725275,0.6745246454790024,56,0.7382769901853871,0.32998909487459105,0.18421052631578946,0.47101151315789475,41,0.8255179934569249,0.7564885496183205,0.3835616438356164,0.6049082350452213,38,0.05866957470010925,0.15278133811843114,0.11955492271248414,0.06346782988004374,0.11292962356792141,0.09904404820293777,-0.06335877862595396,-0.08178191489361702,-0.005803788250771991,-0.004362050163576714,0.10194061257891046,0.07520406618345432,-0.06782988004362045,-0.24132138857782756,-0.1283090661376533,0.019411123227917382,-0.04197027105800061,0.005587655749673237,-0.05866957470010925,-0.11955492271248414,-0.15278133811843114,39,20,0.0,0.0,0.0,24,24,0.004798255179934485,-0.020510874509546362,-0.03985171455050973,22,21,-0.12202835332606321,-0.12535871096325613,-0.23456325301204817,18,11,-0.06303162486368596,-0.044350856529029814,-0.05084072553952068,32,24,-0.1264994547437297,-0.24786398885013744,-0.3941027266962587,34,7,-0.03925845147219187,-0.1139672669628109,-0.19475160917643175,24,14
12,0.8791712104689204,0.744165757906216,0.5813953488372093,0.7175269427112876,51,0.9134133042529988,0.8044711014176662,0.6526315789473685,0.7566955363091272,60,0.8866957470010906,0.6179934569247546,0.5647058823529412,0.7074541557513694,50,0.8368593238822247,0.4034896401308615,0.37333333333333335,0.5952269779507133,40,0.8464558342420937,0.6261723009814611,0.5979381443298969,0.7159903487606931,62,0.8297709923664122,0.6074154852780806,0.5087719298245614,0.6259455979398036,79,0.8525627044711014,0.7418756815703379,0.49411764705882355,0.6600142891164563,50,0.03424209378407839,0.07123623011015912,0.03916859359783964,0.007524536532170112,-0.016689466484268167,-0.0100727869599182,-0.04231188658669571,-0.20806201550387599,-0.12229996476057425,-0.03271537622682674,0.016542795492687556,-0.001536593950594467,-0.049400218102508275,-0.0726234190126479,-0.09158134477148394,-0.026608505997819054,-0.08727770177838579,-0.057512653594831264,-0.03424209378407839,-0.03916859359783964,-0.07123623011015912,26,25,0.0,0.0,0.0,29,31,-0.026717557251908275,-0.04924138055775784,-0.08792569659442728,26,24,-0.0765539803707741,-0.1614685583584139,-0.2792982456140351,26,14,-0.06695747001090513,-0.04070518754843411,-0.05469343461747156,33,29,-0.08364231188658666,-0.13074993836932358,-0.14385964912280702,50,29,-0.06085059978189744,-0.0966812471926709,-0.1585139318885449,29,21
13,0.8123227917121046,0.5696837513631406,0.5185185185185185,0.6815700162313708,46,0.8793893129770993,0.7745910577971646,0.6185567010309279,0.7305549462601448,62,0.8772082878953108,0.6211559432933479,0.55,0.7035714285714285,45,0.8123227917121048,0.5025081788440567,0.5952380952380952,0.7290706605222734,49,0.839803707742639,0.4957470010905125,0.631578947368421,0.7611019736842105,41,0.8055616139585605,0.46303162486368593,0.49056603773584906,0.6258139923192519,71,0.8189749182115594,0.693020719738277,0.45454545454545453,0.6289120715350224,53,0.06706652126499468,0.10003818251240937,0.04898493002877402,0.06488549618320616,0.031481481481481555,0.022001412340057702,1.1102230246251565e-16,0.07671957671957674,0.047500644290902616,0.027480916030534375,0.11306042884990253,0.0795319574528397,-0.006761177753544123,-0.02795248078266943,-0.05575602391211887,0.006652126499454791,-0.06397306397306396,-0.052657944696348435,-0.06706652126499468,-0.04898493002877402,-0.10003818251240937,25,21,0.0,0.0,0.0,32,30,-0.0021810250817885235,-0.02698351768871632,-0.06855670103092781,23,22,-0.06706652126499457,-0.0014842857378714047,-0.023318605792832625,24,25,-0.03958560523446031,0.030547027424065676,0.01302224633749316,17,24,-0.0738276990185388,-0.10474095394089289,-0.1279906632950788,45,26,-0.06041439476553989,-0.10164287472512246,-0.16401124648547333,33,20
14,0.8548527808069792,0.679825517993457,0.627906976744186,0.7489128379655889,51,0.8934569247546347,0.838495092693566,0.6739130434782609,0.7744565217391304,57,0.909051254089422,0.6106870229007634,0.5833333333333334,0.733974358974359,37,0.8579062159214831,0.478298800436205,0.5882352941176471,0.7028132992327366,67,0.8646673936750272,0.4790621592148309,0.6,0.7137931034482758,65,0.84340239912759,0.37742639040348963,0.5151515151515151,0.5975757575757576,97,0.8357688113413304,0.736423118865867,0.5121951219512195,0.6760975609756097,47,0.038604143947655434,0.04600606673407481,0.025543683773541437,0.05419847328244276,-0.04457364341085268,-0.014938478991229909,0.003053435114503844,-0.03967168262653897,-0.04609953873285233,0.009814612868047967,-0.027906976744186074,-0.035119734517313095,-0.011450381679389277,-0.11275546159267091,-0.1513370803898313,-0.01908396946564883,-0.11571185479296653,-0.07281527698997925,-0.038604143947655434,-0.025543683773541437,-0.04600606673407481,24,27,0.0,0.0,0.0,26,31,0.015594329334787327,-0.040482162764771346,-0.0905797101449275,16,21,-0.03555070883315159,-0.07164322250639377,-0.08567774936061379,37,30,-0.028789531079607467,-0.06066341829085453,-0.07391304347826089,35,30,-0.05005452562704471,-0.17688076416337273,-0.15876152832674573,63,34,-0.057688113413304265,-0.09835896076352069,-0.16171792152704134,26,21
15,0.8178844056706652,0.598691384950927,0.5168539325842697,0.6699496000369909,54,0.8883315158124319,0.8202835332606324,0.6666666666666666,0.7768817204301075,49,0.8815703380588876,0.6367502726281353,0.4931506849315068,0.6751467710371819,38,0.8113413304252999,0.520937840785169,0.5777777777777777,0.710376492194674,55,0.7982551799345693,0.5817884405670666,0.4057971014492754,0.6249517826638011,34,0.8252998909487458,0.5404580152671756,0.6,0.7256198347107439,55,0.8575790621592149,0.7613958560523445,0.5,0.6807692307692308,37,0.07044711014176663,0.14981273408239693,0.10693212039311661,0.0636859323882224,-0.023703247652762882,0.005197171000191014,-0.0065430752453653485,0.06092384519350802,0.040426892157683136,-0.019629225736095934,-0.11105683113499432,-0.04499781737318975,0.007415485278080558,0.08314606741573027,0.05567023467375298,0.03969465648854964,-0.016853932584269704,0.010819630732239904,-0.07044711014176663,-0.10693212039311661,-0.14981273408239693,31,23,0.0,0.0,0.0,21,28,-0.006761177753544234,-0.1017349493929256,-0.1735159817351598,20,18,-0.07699018538713198,-0.06650522823543348,-0.0888888888888889,29,26,-0.09007633587786257,-0.15192993776630637,-0.26086956521739124,20,14,-0.06303162486368608,-0.05126188571936363,-0.06666666666666665,28,27,-0.030752453653216993,-0.09611248966087671,-0.16666666666666663,19,18
16,0.8320610687022901,0.662813522355507,0.5176470588235295,0.6758275779947607,50,0.8929116684841876,0.7611777535441657,0.6585365853658537,0.7732682926829268,47,0.8649945474372954,0.6095965103598691,0.475,0.6541666666666667,45,0.8213740458015266,0.43784078516902947,0.6236559139784946,0.7386061996670716,58,0.8562704471101419,0.4320610687022901,0.691358024691358,0.79587821553293,46,0.7880043620501636,0.4066521264994547,0.5252525252525253,0.6617678935275502,64,0.8370774263904035,0.5958560523446019,0.4722222222222222,0.663034188034188,37,0.06085059978189744,0.14088952654232423,0.09744071468816617,0.032933478735005295,-0.04264705882352948,-0.021660911328094,-0.01068702290076351,0.10600885515496516,0.06277862167231096,0.024209378407851756,0.17371096586782853,0.12005063753816936,-0.044056706652126576,0.007605466428995844,-0.01405968446721051,0.005016357688113371,-0.04542483660130725,-0.012793389960572665,-0.06085059978189744,-0.09744071468816617,-0.14088952654232423,28,22,0.0,0.0,0.0,20,27,-0.027917121046892146,-0.11910162601626018,-0.1835365853658537,26,19,-0.07153762268266095,-0.03466209301585521,-0.034880671387359063,29,29,-0.036641221374045685,0.022609922850003183,0.0328214393255043,18,28,-0.10490730643402402,-0.11150039915537668,-0.13328406011332838,38,26,-0.05583424209378407,-0.11023410464873884,-0.18631436314363148,20,17
17,0.82453653217012,0.6401308615049073,0.4888888888888889,0.6494031221303949,55,0.8885496183206106,0.7952017448200653,0.6666666666666666,0.7768817204301075,49,0.889422028353326,0.6706652126499455,0.4675324675324675,0.6533740769034887,42,0.8284623773173392,0.49781897491821153,0.38095238095238093,0.6179854841564878,28,0.9056706652126499,0.6371864776444929,0.6753246753246753,0.7886427298192005,42,0.8500545256270446,0.5420937840785168,0.5148514851485149,0.6513651365136514,66,0.8676117775354416,0.7675027262813522,0.5,0.6807692307692308,37,0.06401308615049062,0.17777777777777776,0.12747859829971264,0.06488549618320594,-0.02135642135642135,0.003970954773093838,0.003925845147219165,-0.10793650793650794,-0.031417637973907064,0.08113413304252992,0.18643578643578645,0.1392396076888056,0.025517993456924626,0.025962596259625992,0.001962014383256494,0.04307524536532159,0.011111111111111127,0.03136610863883593,-0.06401308615049062,-0.12747859829971264,-0.17777777777777776,33,22,0.0,0.0,0.0,21,28,0.0008724100327153206,-0.1235076435266188,-0.1991341991341991,24,18,-0.06008724100327145,-0.1588962362736197,-0.2857142857142857,16,12,0.017121046892039304,0.011761009389092969,0.008658008658008698,16,26,-0.03849509269356599,-0.12551658391645615,-0.15181518151815176,40,26,-0.020937840785169026,-0.09611248966087671,-0.16666666666666663,19,18
18,0.7856052344601964,0.4708833151581243,0.35294117647058826,0.5931372549019608,33,0.9001090512540895,0.8359869138495092,0.6410256410256411,0.7653947102766001,43,0.8595419847328244,0.6195201744820065,0.5333333333333333,0.6985732814526588,40,0.8113413304252999,0.4806979280261723,0.6341463414634146,0.7570731707317073,47,0.8165757906215921,0.43729552889858225,0.3492063492063492,0.5983949961645129,28,0.7128680479825518,0.3547437295528898,0.2727272727272727,0.5052160953800298,53,0.8329334787350056,0.6162486368593239,0.4411764705882353,0.6486185383244207,33,0.1145038167938931,0.2880844645550528,0.17225745537463932,0.07393675027262803,0.18039215686274507,0.10543602655069806,0.02573609596510351,0.2812051649928264,0.16393591582974654,0.030970556161395768,-0.003734827264239071,0.005257741262552074,-0.0727371864776446,-0.08021390374331555,-0.08792115952193102,0.047328244274809195,0.08823529411764702,0.05548128342245995,-0.1145038167938931,-0.17225745537463932,-0.2880844645550528,21,12,0.0,0.0,0.0,18,25,-0.04056706652126507,-0.06682142882394126,-0.10769230769230775,20,20,-0.08876772082878959,-0.008321539544892786,-0.0068792995622264375,21,26,-0.08353326063249733,-0.16699971411208725,-0.2918192918192919,17,11,-0.1872410032715377,-0.26017861489657035,-0.3682983682983684,41,12,-0.0671755725190839,-0.11677617195217938,-0.1998491704374058,18,15
19,0.8154852780806979,0.6447110141766631,0.5393258426966292,0.6853007814306191,54,0.8552889858233369,0.764340239912759,0.6341463414634146,0.7570731707317073,47,0.8850599781897491,0.6044711014176662,0.49230769230769234,0.6843560933448574,30,0.7565976008724099,0.4727371864776445,0.3488372093023256,0.5605974664397807,51,0.7931297709923665,0.39411123227917116,0.594059405940594,0.7082851142257083,66,0.7058887677208289,0.37699018538713197,0.37894736842105264,0.5650011103708639,60,0.8073064340239913,0.7370774263904034,0.463768115942029,0.6615418526478206,34,0.03980370774263897,0.09482049876678544,0.0717723893010882,0.0695747001090512,-0.047018150388936863,-0.0009446880857617579,-0.058887677208288025,-0.1904886333943036,-0.12470331499083842,-0.02235550708833145,0.05473356324396483,0.022984332795089157,-0.10959651035986906,-0.16037847427557655,-0.12029967105975525,-0.008178844056706658,-0.07555772675460021,-0.023758928782798505,-0.03980370774263897,-0.0717723893010882,-0.09482049876678544,30,24,0.0,0.0,0.0,21,26,0.02977099236641223,-0.07271707738684996,-0.1418386491557223,14,16,-0.098691384950927,-0.19647570429192662,-0.28530913216108905,36,15,-0.06215921483097042,-0.048788056505999045,-0.04008693552282061,36,30,-0.14940021810250803,-0.19207206036084346,-0.255198973042362,42,18,-0.04798255179934563,-0.09553131808388671,-0.17037822552138565,18,16
