criterion,n_pos,kind,scenario,true_effect,n_repeats,rate_old,rate_old_auc_only,rate_new,rate_new_auc_only,rate_new_ci_low_gt0,rate_new_f1_ok,rate_ttest,mean_delta_auc,sd_delta_auc_between_sims,mean_sd_repeats,mean_boot_se,n_sim,rate_new_f1_vote_ci90,rate_new_f1_vote_ci80,rate_new_f1_vote_ci60,rate_new_f1_mean_ci90,rate_new_f1_mean_ci80,rate_new_f1_mean_ci60,rate_new_f1_mean_point,rate_perm_p_lt_0.05,rate_new_boot_perm,rate_new_boot_perm_f1_vote_ci90,rate_new_boot_perm_f1_vote_ci80,rate_new_boot_perm_f1_mean_ci80,rate_new_boot_perm_f1_mean_ci60,rate_new_boot_perm_f1_mean_point
sp_pos,10,null,null_binormal_equal_0.5,0.0,10,0.1733333333333333,0.26,0.0333333333333333,0.0733333333333333,0.0733333333333333,0.1733333333333333,0.3733333333333333,-0.0014405982905982,0.0773260135574119,0.0412133416058965,0.0827761899823008,150,0.0333333333333333,0.0333333333333333,0.04,0.0333333333333333,0.0466666666666666,0.0466666666666666,0.06,0.0333333333333333,0.0333333333333333,0.0266666666666666,0.0266666666666666,0.0266666666666666,0.0266666666666666,0.0266666666666666
sp_pos,10,null,null_binormal_equal_0.8,0.0,10,0.1066666666666666,0.18,0.0066666666666666,0.06,0.06,0.2333333333333333,0.26,-0.0070158119658119,0.0517968522194794,0.0416994432136494,0.0512658858806181,150,0.0066666666666666,0.0066666666666666,0.0133333333333333,0.0133333333333333,0.0133333333333333,0.0333333333333333,0.0533333333333333,0.04,0.04,0.0066666666666666,0.0066666666666666,0.0133333333333333,0.02,0.04
sp_pos,10,null,null_fixed_0.05,0.0,10,0.0066666666666666,0.0133333333333333,0.0,0.04,0.04,0.0333333333333333,0.14,0.0002658119658119,0.0197552851326008,0.036113901401735,0.0177339365829063,150,0.0,0.0066666666666666,0.0066666666666666,0.0066666666666666,0.0133333333333333,0.0266666666666666,0.0333333333333333,0.0066666666666666,0.0066666666666666,0.0,0.0,0.0,0.0066666666666666,0.0066666666666666
sp_pos,10,null,null_fixed_0.10,0.0,10,0.02,0.04,0.0,0.0066666666666666,0.0066666666666666,0.0133333333333333,0.12,-0.0155367521367521,0.0326756046582244,0.0356653602090733,0.0316131066303742,150,0.0,0.0,0.0,0.0066666666666666,0.0066666666666666,0.0066666666666666,0.0066666666666666,0.0,0.0,0.0,0.0,0.0,0.0,0.0
sp_pos,10,null,null_fixed_0.20,0.0,10,0.0133333333333333,0.06,0.0,0.0,0.0,0.0,0.1066666666666666,-0.0477145299145299,0.0501837803366199,0.0335483121570317,0.0610491067189912,150,0.0,0.0,0.0,0.0,0.0,0.0,0.0,0.0,0.0,0.0,0.0,0.0,0.0,0.0
sp_pos,10,null,null_noise_rep_0.05,0.0,10,0.0,0.0,0.0,0.0,0.0133333333333333,0.2733333333333333,0.0,-0.0030542735042735,0.0122087027812652,0.0380755273690546,0.011769857793798,150,0.0,0.0,0.0,0.0,0.0,0.0,0.0,0.0066666666666666,0.0,0.0,0.0,0.0,0.0,0.0
sp_pos,10,null,null_noise_rep_0.10,0.0,10,0.0,0.0,0.0,0.0,0.0,0.26,0.0066666666666666,-0.0129264957264957,0.0139544125688428,0.0455967662960402,0.0179628303212625,150,0.0,0.0,0.0,0.0,0.0,0.0,0.0,0.0,0.0,0.0,0.0,0.0,0.0,0.0
sp_pos,10,null,null_noise_rep_0.20,0.0,10,0.0,0.0,0.0,0.0,0.0,0.02,0.0,-0.0444508547008547,0.0216127642784342,0.0630333948368051,0.0372778001609988,150,0.0,0.0,0.0,0.0,0.0,0.0,0.0,0.0,0.0,0.0,0.0,0.0,0.0,0.0
sp_pos,10,null_diluted,null_perm_improve_0.05,0.0,10,0.6933333333333334,0.7133333333333334,0.3266666666666666,0.9933333333333332,0.9933333333333332,0.3333333333333333,0.9933333333333332,0.0501461538461538,0.011322851009321,0.0332967956582119,0.0228085598054622,150,0.3266666666666666,0.4066666666666667,0.56,0.8,0.8866666666666667,0.96,0.9866666666666668,0.64,0.64,0.2266666666666666,0.26,0.5933333333333334,0.6333333333333333,0.64
sp_pos,10,power_binormal,effect_binormal_0.02,0.02,10,0.2133333333333333,0.2666666666666666,0.08,0.1533333333333333,0.1533333333333333,0.2066666666666666,0.4466666666666666,0.0210679487179487,0.0473139422067292,0.0429922546693453,0.0480138923217009,150,0.08,0.0933333333333333,0.1133333333333333,0.0733333333333333,0.1,0.1066666666666666,0.14,0.0933333333333333,0.0866666666666666,0.06,0.0733333333333333,0.0733333333333333,0.0733333333333333,0.08
sp_pos,10,power_binormal,effect_binormal_0.03,0.03,10,0.26,0.34,0.06,0.1533333333333333,0.1533333333333333,0.2933333333333333,0.5,0.0211888888888888,0.0499769595693726,0.0418591803569196,0.0507068526349479,150,0.06,0.0733333333333333,0.0866666666666666,0.0533333333333333,0.0866666666666666,0.1066666666666666,0.1333333333333333,0.0733333333333333,0.0733333333333333,0.0333333333333333,0.04,0.0466666666666666,0.0466666666666666,0.0666666666666666
sp_pos,10,power_binormal,effect_binormal_0.05,0.05,10,0.52,0.5933333333333334,0.1466666666666666,0.36,0.36,0.3066666666666666,0.7066666666666667,0.0517991452991453,0.0486565708895104,0.0400986605593712,0.0515572231634849,150,0.1466666666666666,0.16,0.2466666666666666,0.2266666666666666,0.2666666666666666,0.3,0.3533333333333333,0.2133333333333333,0.2133333333333333,0.1066666666666666,0.12,0.18,0.1866666666666666,0.2066666666666666
sp_pos,10,power_binormal,effect_binormal_0.08,0.08,10,0.7133333333333334,0.78,0.2866666666666667,0.5333333333333333,0.5333333333333333,0.4333333333333333,0.8666666666666667,0.0819367521367521,0.0559791101486994,0.0386160661388617,0.051107352623097,150,0.2866666666666667,0.3533333333333333,0.4333333333333333,0.3733333333333333,0.42,0.46,0.5133333333333333,0.4133333333333333,0.4133333333333333,0.2266666666666666,0.2866666666666667,0.3466666666666667,0.38,0.4066666666666667
sp_pos,10,power_shift,effect_shift_0.02,0.02,10,0.0266666666666666,0.0333333333333333,0.12,0.4066666666666667,0.5666666666666667,0.32,0.4466666666666666,0.02055,0.0122121180458947,0.0346330986092955,0.0129423776633468,150,0.12,0.1533333333333333,0.2066666666666666,0.22,0.3266666666666666,0.3733333333333333,0.4,0.2733333333333333,0.2066666666666666,0.0533333333333333,0.0666666666666666,0.1666666666666666,0.1933333333333333,0.2066666666666666
sp_pos,10,power_shift,effect_shift_0.03,0.03,10,0.1866666666666666,0.1933333333333333,0.2333333333333333,0.7333333333333333,0.8133333333333334,0.2933333333333333,0.7666666666666667,0.0312692307692307,0.0117215323517821,0.0356867015401344,0.0156457137206615,150,0.2333333333333333,0.3133333333333333,0.4466666666666666,0.5,0.5866666666666667,0.6733333333333333,0.7266666666666667,0.4866666666666667,0.4533333333333333,0.1266666666666666,0.1866666666666666,0.4,0.4333333333333333,0.4533333333333333
sp_pos,10,power_shift,effect_shift_0.05,0.05,10,0.6666666666666666,0.68,0.34,0.98,0.98,0.34,0.9733333333333334,0.0494311965811965,0.010927931902362,0.0350798939193342,0.0225083110131629,150,0.34,0.42,0.58,0.7733333333333333,0.8933333333333333,0.9466666666666668,0.98,0.64,0.64,0.2,0.2466666666666666,0.6,0.6266666666666667,0.64
sp_pos,10,power_shift,effect_shift_0.08,0.08,10,1.0,1.0,0.38,1.0,1.0,0.38,1.0,0.0806337606837606,0.0101491159524938,0.034256063949424,0.0356739968394092,150,0.38,0.4133333333333333,0.6066666666666667,0.96,0.9933333333333332,1.0,1.0,0.76,0.76,0.3133333333333333,0.34,0.7533333333333333,0.76,0.76
sp_pos,10,null,null_binormal_equal_0.5,0.0,20,0.2266666666666666,0.2733333333333333,0.0333333333333333,0.1,0.1,0.1866666666666666,0.3933333333333333,-0.0014529914529914,0.0782092860217196,0.0415479128365686,0.0770818557879012,150,0.0333333333333333,0.04,0.0533333333333333,0.02,0.04,0.0666666666666666,0.08,0.06,0.06,0.0266666666666666,0.0333333333333333,0.0333333333333333,0.0533333333333333,0.0533333333333333
sp_pos,10,null,null_binormal_equal_0.8,0.0,20,0.1333333333333333,0.1666666666666666,0.0333333333333333,0.0933333333333333,0.0933333333333333,0.32,0.34,5.551115123125784e-19,0.0527108320963327,0.0427555880836602,0.053631954650359,150,0.0333333333333333,0.06,0.06,0.0466666666666666,0.06,0.0666666666666666,0.08,0.0466666666666666,0.0466666666666666,0.0133333333333333,0.0333333333333333,0.0333333333333333,0.04,0.04
sp_pos,10,null,null_fixed_0.05,0.0,20,0.0,0.0,0.0066666666666666,0.0266666666666666,0.0333333333333333,0.1066666666666666,0.0733333333333333,-0.0026463675213675,0.0164473910820202,0.0353145789616735,0.0152225105946596,150,0.0066666666666666,0.0133333333333333,0.0133333333333333,0.0133333333333333,0.02,0.02,0.0266666666666666,0.0333333333333333,0.0133333333333333,0.0,0.0066666666666666,0.0066666666666666,0.0066666666666666,0.0133333333333333
sp_pos,10,null,null_fixed_0.10,0.0,20,0.0266666666666666,0.06,0.0066666666666666,0.0266666666666666,0.0266666666666666,0.0066666666666666,0.1666666666666666,-0.0135431623931623,0.0331071093499816,0.0355692709786799,0.0291122084779505,150,0.0066666666666666,0.0066666666666666,0.02,0.0066666666666666,0.02,0.0266666666666666,0.0266666666666666,0.0066666666666666,0.0066666666666666,0.0,0.0,0.0,0.0066666666666666,0.0066666666666666
sp_pos,10,null,null_fixed_0.20,0.0,20,0.0066666666666666,0.0466666666666666,0.0,0.0,0.0,0.0,0.12,-0.0478615384615384,0.0544985357090738,0.0336604696874604,0.0578466715265628,150,0.0,0.0,0.0,0.0,0.0,0.0,0.0,0.0,0.0,0.0,0.0,0.0,0.0,0.0
sp_pos,10,null,null_noise_rep_0.05,0.0,20,0.0,0.0,0.0,0.0,0.0,0.46,0.0,-0.0037955128205128,0.0088751292083416,0.0393025261572242,0.008587896001797,150,0.0,0.0,0.0,0.0,0.0,0.0,0.0,0.0,0.0,0.0,0.0,0.0,0.0,0.0
sp_pos,10,null,null_noise_rep_0.10,0.0,20,0.0,0.0,0.0,0.0,0.0,0.34,0.0,-0.0146217948717948,0.0099768233853553,0.0475152121080379,0.0147557520225594,150,0.0,0.0,0.0,0.0,0.0,0.0,0.0,0.0,0.0,0.0,0.0,0.0,0.0,0.0
sp_pos,10,null,null_noise_rep_0.20,0.0,20,0.0,0.0,0.0,0.0,0.0,0.0333333333333333,0.0,-0.0447346153846153,0.0138119396332131,0.062764796629926,0.0349912067316764,150,0.0,0.0,0.0,0.0,0.0,0.0,0.0,0.0,0.0,0.0,0.0,0.0,0.0,0.0
sp_pos,10,null_diluted,null_perm_improve_0.05,0.0,20,0.64,0.64,0.54,1.0,1.0,0.54,1.0,0.0501540598290598,0.0086909357203985,0.0355096544760886,0.0216729798364844,150,0.54,0.54,0.6533333333333333,0.9733333333333334,0.98,1.0,1.0,0.7733333333333333,0.7733333333333333,0.42,0.42,0.7666666666666667,0.7733333333333333,0.7733333333333333
sp_pos,10,power_binormal,effect_binormal_0.02,0.02,20,0.22,0.32,0.0533333333333333,0.1266666666666666,0.1266666666666666,0.2266666666666666,0.5266666666666666,0.0210480769230769,0.0476603364432804,0.0409847476151781,0.0496863510937835,150,0.0533333333333333,0.0866666666666666,0.0933333333333333,0.06,0.0733333333333333,0.1,0.1133333333333333,0.1,0.08,0.0466666666666666,0.0666666666666666,0.0533333333333333,0.0733333333333333,0.0733333333333333
sp_pos,10,power_binormal,effect_binormal_0.03,0.03,20,0.3,0.3733333333333333,0.1,0.22,0.22,0.2733333333333333,0.5666666666666667,0.0307811965811965,0.0583492945681683,0.0414308560395732,0.0533957961793665,150,0.1,0.12,0.14,0.1133333333333333,0.1266666666666666,0.1533333333333333,0.1933333333333333,0.1533333333333333,0.14,0.08,0.0933333333333333,0.0933333333333333,0.1066666666666666,0.1266666666666666
sp_pos,10,power_binormal,effect_binormal_0.05,0.05,20,0.36,0.5066666666666667,0.0933333333333333,0.28,0.28,0.3066666666666666,0.6266666666666667,0.0445089743589743,0.0508027475988154,0.0398883991152355,0.0513962388403469,150,0.0933333333333333,0.12,0.16,0.14,0.1666666666666666,0.1866666666666666,0.2333333333333333,0.2066666666666666,0.2066666666666666,0.0666666666666666,0.08,0.12,0.14,0.1733333333333333
sp_pos,10,power_binormal,effect_binormal_0.08,0.08,20,0.6533333333333333,0.7333333333333333,0.24,0.5066666666666667,0.5066666666666667,0.4,0.8733333333333333,0.0759788461538461,0.0486724660703773,0.0392627058992424,0.0494323567761859,150,0.24,0.2866666666666667,0.3533333333333333,0.3,0.3666666666666666,0.4333333333333333,0.4933333333333333,0.4133333333333333,0.4133333333333333,0.2066666666666666,0.2466666666666666,0.32,0.36,0.4
sp_pos,10,power_shift,effect_shift_0.02,0.02,20,0.0133333333333333,0.0133333333333333,0.2266666666666666,0.4666666666666667,0.76,0.4533333333333333,0.52,0.0208014957264957,0.00859271647676,0.0356514125235903,0.0107028428516993,150,0.2266666666666666,0.2466666666666666,0.3,0.3666666666666666,0.3933333333333333,0.4266666666666667,0.46,0.46,0.3066666666666666,0.1466666666666666,0.1666666666666666,0.2733333333333333,0.2866666666666667,0.3
sp_pos,10,power_shift,effect_shift_0.03,0.03,20,0.0933333333333333,0.0933333333333333,0.46,0.88,0.96,0.5,0.9133333333333332,0.0314946581196581,0.008101269205196,0.0356837067599592,0.0139780479580681,150,0.46,0.4733333333333333,0.5333333333333333,0.7666666666666667,0.8,0.84,0.8733333333333333,0.5933333333333334,0.56,0.32,0.3333333333333333,0.5066666666666667,0.54,0.56
sp_pos,10,power_shift,effect_shift_0.05,0.05,20,0.6533333333333333,0.6533333333333333,0.5066666666666667,1.0,1.0,0.5066666666666667,1.0,0.0499049145299145,0.0071191397199256,0.0347210819505576,0.0213283756165543,150,0.5066666666666667,0.52,0.6066666666666667,0.9666666666666668,0.9866666666666668,1.0,1.0,0.7933333333333333,0.7933333333333333,0.3933333333333333,0.4066666666666667,0.78,0.7933333333333333,0.7933333333333333
sp_pos,10,power_shift,effect_shift_0.08,0.08,20,1.0,1.0,0.5933333333333334,1.0,1.0,0.5933333333333334,1.0,0.0796965811965812,0.007431866444099,0.0354114956600322,0.0345981955810775,150,0.5933333333333334,0.62,0.66,1.0,1.0,1.0,1.0,0.7666666666666667,0.7666666666666667,0.4333333333333333,0.4533333333333333,0.7666666666666667,0.7666666666666667,0.7666666666666667
sp_axis,17,null,null_binormal_equal_0.5,0.0,10,0.1666666666666666,0.1866666666666666,0.02,0.0666666666666666,0.0666666666666666,0.06,0.3133333333333333,-0.0030488222134491,0.0479953015085585,0.0343079417206873,0.0437545008896362,150,0.02,0.0333333333333333,0.0466666666666666,0.0266666666666666,0.0333333333333333,0.0533333333333333,0.0666666666666666,0.0466666666666666,0.0466666666666666,0.0133333333333333,0.02,0.0266666666666666,0.04,0.0466666666666666
sp_axis,17,null,null_binormal_equal_0.8,0.0,10,0.1,0.1066666666666666,0.0466666666666666,0.1066666666666666,0.1066666666666666,0.1266666666666666,0.26,0.0031522568759047,0.0307673223574942,0.03328703546326,0.0283463417813112,150,0.0466666666666666,0.08,0.0866666666666666,0.0733333333333333,0.08,0.1,0.1066666666666666,0.0866666666666666,0.0866666666666666,0.04,0.0666666666666666,0.0666666666666666,0.08,0.0866666666666666
sp_axis,17,null,null_fixed_0.05,0.0,10,0.0,0.0,0.0,0.0133333333333333,0.0133333333333333,0.08,0.0333333333333333,-0.0062121331754178,0.0176665676504578,0.038498446293512,0.0160786161575192,150,0.0,0.0,0.0,0.0066666666666666,0.0066666666666666,0.0133333333333333,0.0133333333333333,0.0133333333333333,0.0066666666666666,0.0,0.0,0.0066666666666666,0.0066666666666666,0.0066666666666666
sp_axis,17,null,null_fixed_0.10,0.0,10,0.0133333333333333,0.0133333333333333,0.0,0.0133333333333333,0.02,0.04,0.0466666666666666,-0.0184442689827608,0.0240893373729442,0.0373543918888566,0.0236397106858634,150,0.0,0.0,0.0066666666666666,0.0066666666666666,0.0066666666666666,0.0066666666666666,0.0133333333333333,0.0133333333333333,0.0133333333333333,0.0,0.0,0.0066666666666666,0.0066666666666666,0.0133333333333333
sp_axis,17,null,null_fixed_0.20,0.0,10,0.0,0.0,0.0,0.0,0.0,0.0066666666666666,0.0066666666666666,-0.0604305829714436,0.0382371212705402,0.0365958602297414,0.0403390731592075,150,0.0,0.0,0.0,0.0,0.0,0.0,0.0,0.0,0.0,0.0,0.0,0.0,0.0,0.0
sp_axis,17,null,null_noise_rep_0.05,0.0,10,0.0,0.0,0.0066666666666666,0.0066666666666666,0.0466666666666666,0.14,0.0066666666666666,-0.0057544413738649,0.012683792504926,0.0379755561320735,0.0131013538420965,150,0.0066666666666666,0.0066666666666666,0.0066666666666666,0.0066666666666666,0.0066666666666666,0.0066666666666666,0.0066666666666666,0.04,0.0066666666666666,0.0066666666666666,0.0066666666666666,0.0066666666666666,0.0066666666666666,0.0066666666666666
sp_axis,17,null,null_noise_rep_0.10,0.0,10,0.0,0.0,0.0,0.0,0.0,0.1266666666666666,0.0,-0.0186895644163705,0.0129747696519133,0.0412474347931891,0.0145337989165661,150,0.0,0.0,0.0,0.0,0.0,0.0,0.0,0.0,0.0,0.0,0.0,0.0,0.0,0.0
sp_axis,17,null,null_noise_rep_0.20,0.0,10,0.0,0.0,0.0,0.0,0.0,0.0133333333333333,0.0,-0.0608524805895512,0.0169805182393499,0.0495519459857685,0.0204935704960897,150,0.0,0.0,0.0,0.0,0.0,0.0,0.0,0.0,0.0,0.0,0.0,0.0,0.0,0.0
sp_axis,17,null_diluted,null_perm_improve_0.05,0.0,10,0.76,0.76,0.7266666666666667,0.9866666666666668,1.0,0.7266666666666667,0.9866666666666668,0.0504084747993157,0.0111675681214599,0.0327599044524935,0.0146961384777875,150,0.7266666666666667,0.84,0.9066666666666666,0.96,0.9733333333333334,0.9866666666666668,0.9866666666666668,0.98,0.9733333333333334,0.7266666666666667,0.8333333333333334,0.96,0.9733333333333334,0.9733333333333334
sp_axis,17,power_binormal,effect_binormal_0.02,0.02,10,0.2333333333333333,0.2533333333333333,0.1,0.2866666666666667,0.2866666666666667,0.1933333333333333,0.5866666666666667,0.0249406500855375,0.0275092224264134,0.0329976955984085,0.0276144489425074,150,0.1,0.1533333333333333,0.2,0.1866666666666666,0.2333333333333333,0.26,0.28,0.2,0.2,0.0733333333333333,0.12,0.1666666666666666,0.18,0.2
sp_axis,17,power_binormal,effect_binormal_0.03,0.03,10,0.2666666666666666,0.2933333333333333,0.1266666666666666,0.3,0.3,0.2333333333333333,0.6133333333333333,0.0292551651533096,0.0251186468371292,0.0321737466341408,0.027821910099596,150,0.1266666666666666,0.1533333333333333,0.2533333333333333,0.2066666666666666,0.2266666666666666,0.26,0.3,0.2066666666666666,0.2066666666666666,0.1066666666666666,0.1266666666666666,0.1733333333333333,0.1933333333333333,0.2066666666666666
sp_axis,17,power_binormal,effect_binormal_0.05,0.05,10,0.64,0.6466666666666666,0.3666666666666666,0.7333333333333333,0.7333333333333333,0.4533333333333333,0.9333333333333332,0.0561731806816686,0.0285211237393779,0.0304389702611352,0.0277527178222474,150,0.3666666666666666,0.48,0.5666666666666667,0.6133333333333333,0.6933333333333334,0.7066666666666667,0.7266666666666667,0.6066666666666667,0.6,0.34,0.4,0.5866666666666667,0.5933333333333334,0.6
sp_axis,17,power_binormal,effect_binormal_0.08,0.08,10,0.9866666666666668,0.9866666666666668,0.8133333333333334,1.0,1.0,0.8133333333333334,1.0,0.0927801026450848,0.0295849223684306,0.0277347852737642,0.0299376810526163,150,0.8133333333333334,0.8933333333333333,0.9733333333333334,1.0,1.0,1.0,1.0,0.9733333333333334,0.9733333333333334,0.8066666666666666,0.8733333333333333,0.9733333333333334,0.9733333333333334,0.9733333333333334
sp_axis,17,power_shift,effect_shift_0.02,0.02,10,0.0666666666666666,0.0666666666666666,0.1933333333333333,0.4866666666666667,0.5733333333333334,0.2733333333333333,0.4733333333333333,0.021061455454665,0.0118642310904275,0.0353637746347785,0.0125984693425618,150,0.1933333333333333,0.2333333333333333,0.2933333333333333,0.36,0.4,0.4466666666666666,0.4733333333333333,0.4466666666666666,0.4,0.16,0.2,0.34,0.3733333333333333,0.3866666666666666
sp_axis,17,power_shift,effect_shift_0.03,0.03,10,0.1666666666666666,0.1733333333333333,0.4133333333333333,0.84,0.8866666666666667,0.46,0.8,0.0312896433741281,0.0108056164761463,0.0355173242716534,0.0127744268924597,150,0.4133333333333333,0.5,0.66,0.7333333333333333,0.76,0.7733333333333333,0.8333333333333334,0.7533333333333333,0.74,0.3933333333333333,0.4733333333333333,0.6933333333333334,0.7066666666666667,0.74
sp_axis,17,power_shift,effect_shift_0.05,0.05,10,0.68,0.68,0.74,0.9933333333333332,0.9933333333333332,0.7466666666666667,0.9866666666666668,0.0493301750230293,0.010622208832414,0.0345480915999098,0.0147595483392562,150,0.74,0.86,0.92,0.9733333333333334,0.98,0.9933333333333332,0.9933333333333332,0.98,0.9733333333333334,0.7266666666666667,0.84,0.9666666666666668,0.9733333333333334,0.9733333333333334
sp_axis,17,power_shift,effect_shift_0.08,0.08,10,1.0,1.0,0.98,1.0,1.0,0.98,1.0,0.0799236741676536,0.0097328334443304,0.0322682192529526,0.0203301454513424,150,0.98,0.9933333333333332,1.0,1.0,1.0,1.0,1.0,1.0,1.0,0.98,0.9933333333333332,1.0,1.0,1.0
sp_axis,17,null,null_binormal_equal_0.5,0.0,20,0.1866666666666666,0.2,0.0333333333333333,0.08,0.08,0.1133333333333333,0.36,0.0028448480063166,0.04522140351152,0.0329501942898039,0.0410580630538796,150,0.0333333333333333,0.0533333333333333,0.0533333333333333,0.04,0.04,0.0533333333333333,0.0733333333333333,0.0533333333333333,0.0533333333333333,0.0333333333333333,0.04,0.04,0.04,0.0466666666666666
sp_axis,17,null,null_binormal_equal_0.8,0.0,20,0.0666666666666666,0.0666666666666666,0.0066666666666666,0.0866666666666666,0.0866666666666666,0.08,0.2466666666666666,0.0024282142387156,0.0253901562040913,0.0339793927041865,0.0275693669043,150,0.0066666666666666,0.0266666666666666,0.0466666666666666,0.04,0.0466666666666666,0.0666666666666666,0.08,0.0466666666666666,0.0466666666666666,0.0,0.0133333333333333,0.0333333333333333,0.0466666666666666,0.0466666666666666
sp_axis,17,null,null_fixed_0.05,0.0,20,0.0,0.0,0.0066666666666666,0.0066666666666666,0.02,0.0666666666666666,0.0133333333333333,-0.0052187129885511,0.0122846988161331,0.0362173584687332,0.0134980573930535,150,0.0066666666666666,0.0066666666666666,0.0066666666666666,0.0066666666666666,0.0066666666666666,0.0066666666666666,0.0066666666666666,0.0066666666666666,0.0066666666666666,0.0066666666666666,0.0066666666666666,0.0066666666666666,0.0066666666666666,0.0066666666666666
sp_axis,17,null,null_fixed_0.10,0.0,20,0.0,0.0,0.0,0.0,0.0066666666666666,0.0133333333333333,0.0333333333333333,-0.0190510593499144,0.0215462952247624,0.0364164134297933,0.0215203549408454,150,0.0,0.0,0.0,0.0,0.0,0.0,0.0,0.0,0.0,0.0,0.0,0.0,0.0,0.0
sp_axis,17,null,null_fixed_0.20,0.0,20,0.0,0.0,0.0,0.0,0.0,0.0,0.0,-0.0598720884326885,0.0348558377012119,0.0352631163922993,0.0389745709057461,150,0.0,0.0,0.0,0.0,0.0,0.0,0.0,0.0,0.0,0.0,0.0,0.0,0.0,0.0
sp_axis,17,null,null_noise_rep_0.05,0.0,20,0.0,0.0,0.0,0.0066666666666666,0.02,0.1466666666666666,0.0066666666666666,-0.0049016975917883,0.0091326521217781,0.0382134618844963,0.0088217706107962,150,0.0,0.0,0.0,0.0066666666666666,0.0066666666666666,0.0066666666666666,0.0066666666666666,0.0133333333333333,0.0066666666666666,0.0,0.0,0.0066666666666666,0.0066666666666666,0.0066666666666666
sp_axis,17,null,null_noise_rep_0.10,0.0,20,0.0,0.0,0.0,0.0,0.0,0.1,0.0,-0.0188594551914725,0.0095208909054237,0.0426050131003691,0.0102597908253716,150,0.0,0.0,0.0,0.0,0.0,0.0,0.0,0.0,0.0,0.0,0.0,0.0,0.0,0.0
sp_axis,17,null,null_noise_rep_0.20,0.0,20,0.0,0.0,0.0,0.0,0.0,0.0133333333333333,0.0,-0.0618774838794578,0.0126485367157531,0.0529520540501577,0.0158005671513115,150,0.0,0.0,0.0,0.0,0.0,0.0,0.0,0.0,0.0,0.0,0.0,0.0,0.0,0.0
sp_axis,17,null_diluted,null_perm_improve_0.05,0.0,20,0.6333333333333333,0.6333333333333333,0.8133333333333334,1.0,1.0,0.8133333333333334,1.0,0.049915646795631,0.0082457622382785,0.0350584371773959,0.0126775634880443,150,0.8133333333333334,0.88,0.9533333333333334,1.0,1.0,1.0,1.0,1.0,1.0,0.8133333333333334,0.88,1.0,1.0,1.0
sp_axis,17,power_binormal,effect_binormal_0.02,0.02,20,0.1533333333333333,0.16,0.06,0.1533333333333333,0.1533333333333333,0.2,0.5266666666666666,0.0196132385840242,0.0254054803813903,0.0321199987561861,0.0268941210955874,150,0.06,0.12,0.1333333333333333,0.1333333333333333,0.14,0.14,0.1533333333333333,0.1333333333333333,0.1266666666666666,0.04,0.1,0.12,0.12,0.1266666666666666
sp_axis,17,power_binormal,effect_binormal_0.03,0.03,20,0.2866666666666667,0.2866666666666667,0.2,0.4066666666666667,0.4066666666666667,0.3066666666666666,0.6666666666666666,0.0314579549940781,0.0270229135158755,0.0326434474694128,0.0256273688548309,150,0.2,0.26,0.3333333333333333,0.2933333333333333,0.3533333333333333,0.3866666666666666,0.4066666666666667,0.26,0.26,0.1333333333333333,0.1733333333333333,0.2333333333333333,0.2533333333333333,0.26
sp_axis,17,power_binormal,effect_binormal_0.05,0.05,20,0.6466666666666666,0.6533333333333333,0.4733333333333333,0.7533333333333333,0.7533333333333333,0.54,0.8866666666666667,0.0546185024345308,0.0307588272038829,0.0305528542046384,0.0266679137081117,150,0.4733333333333333,0.5333333333333333,0.6133333333333333,0.68,0.72,0.74,0.7533333333333333,0.6133333333333333,0.6133333333333333,0.3733333333333333,0.4066666666666667,0.5933333333333334,0.6,0.6133333333333333
sp_axis,17,power_binormal,effect_binormal_0.08,0.08,20,0.98,0.98,0.8466666666666667,0.9933333333333332,0.9933333333333332,0.8533333333333334,1.0,0.09416436373207,0.0308673707696297,0.0279729364500324,0.029079772385039,150,0.8466666666666667,0.94,0.9733333333333334,0.9866666666666668,0.9933333333333332,0.9933333333333332,0.9933333333333332,0.9933333333333332,0.9933333333333332,0.8466666666666667,0.94,0.9933333333333332,0.9933333333333332,0.9933333333333332
sp_axis,17,power_shift,effect_shift_0.02,0.02,20,0.0133333333333333,0.0133333333333333,0.3066666666666666,0.48,0.7466666666666667,0.5,0.4866666666666667,0.0200259244637452,0.0081344237219673,0.03661734733697,0.0092577082346415,150,0.3066666666666666,0.3266666666666666,0.38,0.4533333333333333,0.4733333333333333,0.48,0.48,0.6533333333333333,0.48,0.3066666666666666,0.3266666666666666,0.4733333333333333,0.48,0.48
sp_axis,17,power_shift,effect_shift_0.03,0.03,20,0.0666666666666666,0.0666666666666666,0.48,0.8466666666666667,0.9466666666666668,0.5533333333333333,0.8466666666666667,0.0292422687195683,0.0090918725686375,0.0360555742345235,0.0100740459374171,150,0.48,0.56,0.6666666666666666,0.8133333333333334,0.82,0.8333333333333334,0.8466666666666667,0.86,0.7933333333333333,0.46,0.5266666666666666,0.7866666666666666,0.7933333333333333,0.7933333333333333
sp_axis,17,power_shift,effect_shift_0.05,0.05,20,0.6666666666666666,0.6666666666666666,0.8333333333333334,1.0,1.0,0.8333333333333334,1.0,0.0494097907619423,0.0085288222260688,0.0348977807085228,0.012310931476571,150,0.8333333333333334,0.9066666666666666,0.9666666666666668,1.0,1.0,1.0,1.0,1.0,1.0,0.8333333333333334,0.9066666666666666,1.0,1.0,1.0
sp_axis,17,power_shift,effect_shift_0.08,0.08,20,1.0,1.0,0.9933333333333332,1.0,1.0,0.9933333333333332,1.0,0.08031096196868,0.0071757078519368,0.0325955068359831,0.0187927045139994,150,0.9933333333333332,1.0,1.0,1.0,1.0,1.0,1.0,1.0,1.0,0.9933333333333332,1.0,1.0,1.0,1.0
sp_art,35,null,null_binormal_equal_0.5,0.0,10,0.1066666666666666,0.12,0.0266666666666666,0.0466666666666666,0.0466666666666666,0.1466666666666666,0.2533333333333333,0.0003177026535805,0.0359446420223819,0.0371015628495364,0.0372709633871947,150,0.0266666666666666,0.04,0.0466666666666666,0.0466666666666666,0.0466666666666666,0.0466666666666666,0.0466666666666666,0.0333333333333333,0.0333333333333333,0.02,0.0266666666666666,0.0333333333333333,0.0333333333333333,0.0333333333333333
sp_art,35,null,null_binormal_equal_0.8,0.0,10,0.02,0.02,0.0133333333333333,0.0466666666666666,0.0466666666666666,0.1,0.18,-0.0016047982551799,0.0270949251585943,0.0396144149880754,0.0262734020537829,150,0.0133333333333333,0.0133333333333333,0.02,0.02,0.02,0.0266666666666666,0.04,0.0333333333333333,0.0333333333333333,0.0133333333333333,0.0133333333333333,0.0133333333333333,0.0133333333333333,0.0266666666666666
sp_art,35,null,null_fixed_0.05,0.0,10,0.0,0.0,0.0133333333333333,0.0333333333333333,0.04,0.1,0.0266666666666666,-0.0052520537986186,0.0157674876516746,0.0418668012901434,0.0163773570430024,150,0.0133333333333333,0.0133333333333333,0.0333333333333333,0.0333333333333333,0.0333333333333333,0.0333333333333333,0.0333333333333333,0.04,0.0333333333333333,0.0133333333333333,0.0133333333333333,0.0333333333333333,0.0333333333333333,0.0333333333333333
sp_art,35,null,null_fixed_0.10,0.0,10,0.0266666666666666,0.0266666666666666,0.0066666666666666,0.0333333333333333,0.0333333333333333,0.04,0.0533333333333333,-0.0169638676844783,0.0236611781871864,0.0398793515642474,0.0222175779266443,150,0.0066666666666666,0.0066666666666666,0.0266666666666666,0.0333333333333333,0.0333333333333333,0.0333333333333333,0.0333333333333333,0.0333333333333333,0.0333333333333333,0.0066666666666666,0.0066666666666666,0.0333333333333333,0.0333333333333333,0.0333333333333333
sp_art,35,null,null_fixed_0.20,0.0,10,0.0,0.0,0.0,0.0,0.0,0.0,0.0,-0.0564956743002544,0.0315736843772632,0.0396810049242924,0.0352909885652033,150,0.0,0.0,0.0,0.0,0.0,0.0,0.0,0.0,0.0,0.0,0.0,0.0,0.0,0.0
sp_art,35,null,null_noise_rep_0.05,0.0,10,0.0066666666666666,0.0066666666666666,0.0333333333333333,0.04,0.0466666666666666,0.0933333333333333,0.0466666666666666,-0.0038016721192293,0.0149139790535988,0.0426486938187858,0.0138885660676726,150,0.0333333333333333,0.0333333333333333,0.04,0.04,0.04,0.04,0.04,0.0333333333333333,0.0333333333333333,0.0266666666666666,0.0266666666666666,0.0333333333333333,0.0333333333333333,0.0333333333333333
sp_art,35,null,null_noise_rep_0.10,0.0,10,0.0,0.0,0.0,0.0,0.0,0.0666666666666666,0.0,-0.0194749545619774,0.0144176618657598,0.0448625510225157,0.0148754888317302,150,0.0,0.0,0.0,0.0,0.0,0.0,0.0,0.0,0.0,0.0,0.0,0.0,0.0,0.0
sp_art,35,null,null_noise_rep_0.20,0.0,10,0.0,0.0,0.0,0.0,0.0,0.06,0.0,-0.0574650672482733,0.0167459474805215,0.0488836390421175,0.0195642637210263,150,0.0,0.0,0.0,0.0,0.0,0.0,0.0,0.0,0.0,0.0,0.0,0.0,0.0,0.0
sp_art,35,null_diluted,null_perm_improve_0.05,0.0,10,0.5533333333333333,0.5666666666666667,0.6,0.9866666666666668,0.9866666666666668,0.6,0.98,0.0485041075972373,0.0120090984436184,0.0405572926634072,0.0139270068993927,150,0.6,0.7133333333333334,0.8133333333333334,0.9,0.9533333333333334,0.9666666666666668,0.9866666666666668,0.9533333333333334,0.9533333333333334,0.5866666666666667,0.7,0.9266666666666666,0.94,0.9533333333333334
sp_art,35,power_binormal,effect_binormal_0.02,0.02,10,0.16,0.16,0.1066666666666666,0.1933333333333333,0.1933333333333333,0.2333333333333333,0.36,0.0162803344238458,0.025131425022567,0.0393942214846239,0.025540324225248,150,0.1066666666666666,0.12,0.12,0.1533333333333333,0.1666666666666666,0.1866666666666666,0.1933333333333333,0.14,0.14,0.0866666666666666,0.0933333333333333,0.1266666666666666,0.14,0.14
sp_art,35,power_binormal,effect_binormal_0.03,0.03,10,0.3266666666666666,0.34,0.3066666666666666,0.4333333333333333,0.4333333333333333,0.42,0.64,0.0339975281715739,0.0256108094886332,0.0391152517479113,0.0259078186754403,150,0.3066666666666666,0.3333333333333333,0.3466666666666667,0.34,0.3933333333333333,0.4333333333333333,0.4333333333333333,0.38,0.3733333333333333,0.2733333333333333,0.2866666666666667,0.36,0.3733333333333333,0.3733333333333333
sp_art,35,power_binormal,effect_binormal_0.05,0.05,10,0.5866666666666667,0.5866666666666667,0.3866666666666666,0.64,0.64,0.46,0.82,0.0486054525627044,0.0270430842246259,0.0366296729029581,0.0243729245333768,150,0.3866666666666666,0.4666666666666667,0.5466666666666666,0.5666666666666667,0.5866666666666667,0.62,0.64,0.5466666666666666,0.5333333333333333,0.3466666666666667,0.4066666666666667,0.5,0.52,0.5333333333333333
sp_art,35,power_binormal,effect_binormal_0.08,0.08,10,0.9466666666666668,0.9466666666666668,0.7466666666666667,0.9666666666666668,0.9666666666666668,0.7533333333333333,0.9933333333333332,0.082379352962559,0.0210045587762573,0.036061111310524,0.0246548314929461,150,0.7466666666666667,0.8133333333333334,0.8866666666666667,0.9466666666666668,0.9533333333333334,0.9666666666666668,0.9666666666666668,0.94,0.94,0.74,0.7933333333333333,0.9266666666666666,0.94,0.94
sp_art,35,power_shift,effect_shift_0.02,0.02,10,0.08,0.0866666666666666,0.1733333333333333,0.4266666666666667,0.4466666666666666,0.28,0.3466666666666667,0.0193381315885132,0.0139615039992492,0.0407131652658988,0.0136064166916594,150,0.1733333333333333,0.2266666666666666,0.2933333333333333,0.2866666666666667,0.3466666666666667,0.3933333333333333,0.4133333333333333,0.3666666666666666,0.3666666666666666,0.1466666666666666,0.1866666666666666,0.2866666666666667,0.3333333333333333,0.3533333333333333
sp_art,35,power_shift,effect_shift_0.03,0.03,10,0.1666666666666666,0.18,0.3666666666666666,0.7333333333333333,0.7533333333333333,0.4066666666666667,0.68,0.029812286441294,0.0114226285054316,0.0405856856613185,0.0138235819978145,150,0.3666666666666666,0.4533333333333333,0.56,0.58,0.64,0.6933333333333334,0.7266666666666667,0.6333333333333333,0.6333333333333333,0.34,0.4066666666666667,0.5666666666666667,0.6066666666666667,0.6266666666666667
sp_art,35,power_shift,effect_shift_0.05,0.05,10,0.6266666666666667,0.6266666666666667,0.5933333333333334,0.9933333333333332,0.9933333333333332,0.5933333333333334,0.9733333333333334,0.0506131588513267,0.0122434281073352,0.0391866546827587,0.0142599876589047,150,0.5933333333333334,0.6866666666666666,0.8333333333333334,0.94,0.96,0.98,0.9933333333333332,0.9666666666666668,0.9666666666666668,0.58,0.6733333333333333,0.9333333333333332,0.9533333333333334,0.9666666666666668
sp_art,35,power_shift,effect_shift_0.08,0.08,10,0.9933333333333332,0.9933333333333332,0.8666666666666667,1.0,1.0,0.8666666666666667,1.0,0.0812186114140312,0.0126910700936413,0.0382016237850392,0.0163366125277778,150,0.8666666666666667,0.9266666666666666,0.9733333333333334,1.0,1.0,1.0,1.0,0.9933333333333332,0.9933333333333332,0.86,0.92,0.9933333333333332,0.9933333333333332,0.9933333333333332
sp_art,35,null,null_binormal_equal_0.5,0.0,20,0.1066666666666666,0.1066666666666666,0.04,0.0866666666666666,0.0866666666666666,0.12,0.3066666666666666,0.0016861504907306,0.0375699323487398,0.0387056683811116,0.0357398778822249,150,0.04,0.0466666666666666,0.06,0.0666666666666666,0.0666666666666666,0.0666666666666666,0.0866666666666666,0.08,0.08,0.04,0.0466666666666666,0.0666666666666666,0.0666666666666666,0.08
sp_art,35,null,null_binormal_equal_0.8,0.0,20,0.0266666666666666,0.0266666666666666,0.0266666666666666,0.04,0.04,0.1666666666666666,0.18,-0.0010621592148309,0.0238077307030224,0.039442050096494,0.0242287469074202,150,0.0266666666666666,0.0333333333333333,0.0333333333333333,0.0333333333333333,0.0333333333333333,0.0333333333333333,0.04,0.04,0.0333333333333333,0.02,0.0266666666666666,0.0266666666666666,0.0266666666666666,0.0333333333333333
sp_art,35,null,null_fixed_0.05,0.0,20,0.0066666666666666,0.0066666666666666,0.0133333333333333,0.02,0.0266666666666666,0.0866666666666666,0.04,-0.0023498364231188,0.0133995885523991,0.0423307959173028,0.0135168724269491,150,0.0133333333333333,0.0133333333333333,0.0133333333333333,0.0133333333333333,0.0133333333333333,0.02,0.02,0.02,0.02,0.0133333333333333,0.0133333333333333,0.0133333333333333,0.02,0.02
sp_art,35,null,null_fixed_0.10,0.0,20,0.0,0.0,0.0,0.0,0.0,0.02,0.02,-0.019,0.0203764575794578,0.041065206190802,0.0211834222157763,150,0.0,0.0,0.0,0.0,0.0,0.0,0.0,0.0,0.0,0.0,0.0,0.0,0.0,0.0
sp_art,35,null,null_fixed_0.20,0.0,20,0.0,0.0,0.0,0.0,0.0,0.0,0.0066666666666666,-0.0540223918575063,0.0312291445566545,0.0388202531408994,0.0339661409716146,150,0.0,0.0,0.0,0.0,0.0,0.0,0.0,0.0,0.0,0.0,0.0,0.0,0.0,0.0
sp_art,35,null,null_noise_rep_0.05,0.0,20,0.0,0.0,0.0,0.0,0.0266666666666666,0.1466666666666666,0.0,-0.0044447110141766,0.0088491578521568,0.0433298559032639,0.0101457975573648,150,0.0,0.0,0.0,0.0,0.0,0.0,0.0,0.0133333333333333,0.0,0.0,0.0,0.0,0.0,0.0
sp_art,35,null,null_noise_rep_0.10,0.0,20,0.0,0.0,0.0,0.0,0.0,0.1,0.0,-0.0177104325699745,0.0107409738384927,0.0452290285831493,0.0109092630896658,150,0.0,0.0,0.0,0.0,0.0,0.0,0.0,0.0,0.0,0.0,0.0,0.0,0.0,0.0
sp_art,35,null,null_noise_rep_0.20,0.0,20,0.0,0.0,0.0,0.0,0.0,0.0466666666666666,0.0,-0.0575192293711377,0.0129935369690976,0.0505119415257012,0.0154075378116484,150,0.0,0.0,0.0,0.0,0.0,0.0,0.0,0.0,0.0,0.0,0.0,0.0,0.0,0.0
sp_art,35,null_diluted,null_perm_improve_0.05,0.0,20,0.5666666666666667,0.5666666666666667,0.7066666666666667,1.0,1.0,0.7066666666666667,1.0,0.0497606688476917,0.0087174305363451,0.0401923623886113,0.010906768709116,150,0.7066666666666667,0.8,0.8933333333333333,0.9866666666666668,0.9933333333333332,0.9933333333333332,1.0,0.9933333333333332,0.9933333333333332,0.7066666666666667,0.8,0.9933333333333332,0.9933333333333332,0.9933333333333332
sp_art,35,power_binormal,effect_binormal_0.02,0.02,20,0.1133333333333333,0.1133333333333333,0.1,0.24,0.24,0.1933333333333333,0.5133333333333333,0.0195723009814612,0.0218865342335279,0.0387894931426849,0.0240332094832037,150,0.1,0.14,0.1733333333333333,0.2,0.2266666666666666,0.2266666666666666,0.24,0.18,0.1666666666666666,0.0733333333333333,0.0933333333333333,0.1666666666666666,0.1666666666666666,0.1666666666666666
sp_art,35,power_binormal,effect_binormal_0.03,0.03,20,0.22,0.22,0.2066666666666666,0.32,0.32,0.3333333333333333,0.6066666666666667,0.0268838240639767,0.0237321503747981,0.0379720651168823,0.0234705443318992,150,0.2066666666666666,0.2533333333333333,0.2933333333333333,0.3,0.3066666666666666,0.3133333333333333,0.32,0.2866666666666667,0.28,0.1866666666666666,0.22,0.28,0.28,0.28
sp_art,35,power_binormal,effect_binormal_0.05,0.05,20,0.5133333333333333,0.5133333333333333,0.4466666666666666,0.7,0.7,0.54,0.88,0.0507142130134496,0.0254443731746935,0.038516724197921,0.023296066166072,150,0.4466666666666666,0.5466666666666666,0.6,0.66,0.6866666666666666,0.7,0.7,0.6066666666666667,0.6066666666666667,0.4133333333333333,0.4866666666666667,0.5933333333333334,0.6066666666666667,0.6066666666666667
sp_art,35,power_binormal,effect_binormal_0.08,0.08,20,0.9466666666666668,0.9466666666666668,0.7266666666666667,0.9866666666666668,0.9866666666666668,0.74,0.9933333333333332,0.0807674300254453,0.0234769795329416,0.0359736434690792,0.024024066147596,150,0.7266666666666667,0.8333333333333334,0.9,0.9733333333333334,0.98,0.98,0.9866666666666668,0.9333333333333332,0.9333333333333332,0.6933333333333334,0.7933333333333333,0.9266666666666666,0.9266666666666666,0.9333333333333332
sp_art,35,power_shift,effect_shift_0.02,0.02,20,0.0133333333333333,0.0133333333333333,0.2533333333333333,0.5533333333333333,0.74,0.38,0.56,0.0210950199927299,0.0095162316741567,0.0407264285456625,0.0101170474407729,150,0.2533333333333333,0.3333333333333333,0.3866666666666666,0.48,0.5,0.5266666666666666,0.5533333333333333,0.6,0.52,0.2333333333333333,0.3133333333333333,0.4666666666666667,0.4933333333333333,0.52
sp_art,35,power_shift,effect_shift_0.03,0.03,20,0.0466666666666666,0.0466666666666666,0.42,0.9133333333333332,0.9733333333333334,0.44,0.92,0.0308303889494729,0.0081362826027271,0.0416977717998563,0.0100946173452538,150,0.42,0.5666666666666667,0.7133333333333334,0.88,0.9,0.9133333333333332,0.9133333333333332,0.92,0.8733333333333333,0.4133333333333333,0.5533333333333333,0.8666666666666667,0.8733333333333333,0.8733333333333333
sp_art,35,power_shift,effect_shift_0.05,0.05,20,0.5333333333333333,0.5333333333333333,0.72,1.0,1.0,0.72,1.0,0.0495656125045438,0.0086754676530832,0.0396016465134818,0.0109658735995842,150,0.72,0.8333333333333334,0.9066666666666666,0.9933333333333332,0.9933333333333332,0.9933333333333332,1.0,1.0,1.0,0.72,0.8333333333333334,0.9933333333333332,0.9933333333333332,1.0
sp_art,35,power_shift,effect_shift_0.08,0.08,20,0.9933333333333332,0.9933333333333332,0.8733333333333333,1.0,1.0,0.8733333333333333,1.0,0.0806625954198473,0.0082598481137132,0.0384416780963002,0.0133271349822439,150,0.8733333333333333,0.9666666666666668,1.0,1.0,1.0,1.0,1.0,1.0,1.0,0.8733333333333333,0.9666666666666668,1.0,1.0,1.0
hip_pos,79,null,null_binormal_equal_0.5,0.0,10,0.0733333333333333,0.08,0.04,0.04,0.04,0.2666666666666666,0.2533333333333333,0.001974582278481,0.0262623715370355,0.0305498359048112,0.0272458820375315,150,0.04,0.04,0.04,0.04,0.04,0.04,0.04,0.0533333333333333,0.0333333333333333,0.0333333333333333,0.0333333333333333,0.0333333333333333,0.0333333333333333,0.0333333333333333
hip_pos,79,null,null_binormal_equal_0.8,0.0,10,0.0266666666666666,0.0266666666666666,0.04,0.0466666666666666,0.0466666666666666,0.24,0.1466666666666666,0.0006914767932489,0.0185172474911383,0.0307773255712315,0.0191271633713712,150,0.04,0.04,0.04,0.0466666666666666,0.0466666666666666,0.0466666666666666,0.0466666666666666,0.04,0.04,0.0333333333333333,0.0333333333333333,0.04,0.04,0.04
hip_pos,79,null,null_fixed_0.05,0.0,10,0.0,0.0,0.02,0.0266666666666666,0.04,0.2266666666666666,0.0333333333333333,-0.0023304978902953,0.0127539296459377,0.031839702454612,0.0121197622730236,150,0.02,0.0266666666666666,0.0266666666666666,0.02,0.0266666666666666,0.0266666666666666,0.0266666666666666,0.0333333333333333,0.0266666666666666,0.02,0.0266666666666666,0.0266666666666666,0.0266666666666666,0.0266666666666666
hip_pos,79,null,null_fixed_0.10,0.0,10,0.0,0.0,0.0066666666666666,0.0066666666666666,0.0066666666666666,0.16,0.0066666666666666,-0.0116245400843881,0.014609204799863,0.0313516847608431,0.0161933476295058,150,0.0066666666666666,0.0066666666666666,0.0066666666666666,0.0066666666666666,0.0066666666666666,0.0066666666666666,0.0066666666666666,0.0066666666666666,0.0066666666666666,0.0066666666666666,0.0066666666666666,0.0066666666666666,0.0066666666666666,0.0066666666666666
hip_pos,79,null,null_fixed_0.20,0.0,10,0.0,0.0,0.0,0.0,0.0,0.1,0.0133333333333333,-0.0313329957805907,0.0228588734223644,0.0296873905790324,0.0241319306576101,150,0.0,0.0,0.0,0.0,0.0,0.0,0.0,0.0,0.0,0.0,0.0,0.0,0.0,0.0
hip_pos,79,null,null_noise_rep_0.05,0.0,10,0.0,0.0,0.02,0.02,0.0533333333333333,0.2666666666666666,0.02,-0.0017299915611814,0.0108572302131722,0.0319893633688966,0.0108670398820754,150,0.02,0.02,0.02,0.02,0.02,0.02,0.02,0.0266666666666666,0.0133333333333333,0.0133333333333333,0.0133333333333333,0.0133333333333333,0.0133333333333333,0.0133333333333333
hip_pos,79,null,null_noise_rep_0.10,0.0,10,0.0,0.0,0.0066666666666666,0.0066666666666666,0.0066666666666666,0.1666666666666666,0.0,-0.0097684050632911,0.0113217582014758,0.0329717537207172,0.0111230312070027,150,0.0066666666666666,0.0066666666666666,0.0066666666666666,0.0066666666666666,0.0066666666666666,0.0066666666666666,0.0066666666666666,0.0066666666666666,0.0066666666666666,0.0066666666666666,0.0066666666666666,0.0066666666666666,0.0066666666666666,0.0066666666666666
hip_pos,79,null,null_noise_rep_0.20,0.0,10,0.0,0.0,0.0,0.0,0.0,0.02,0.0,-0.0334902953586497,0.0098072316940948,0.0362465530850021,0.0139779589271985,150,0.0,0.0,0.0,0.0,0.0,0.0,0.0,0.0,0.0,0.0,0.0,0.0,0.0,0.0
hip_pos,79,null_diluted,null_perm_improve_0.05,0.0,10,0.3333333333333333,0.34,0.76,0.9533333333333334,0.98,0.7666666666666667,0.94,0.0377712405063291,0.0107601102124823,0.0318638535934038,0.0111783724444036,150,0.76,0.82,0.8733333333333333,0.9133333333333332,0.9266666666666666,0.9333333333333332,0.9466666666666668,0.9466666666666668,0.9333333333333332,0.76,0.8133333333333334,0.9066666666666666,0.9133333333333332,0.9266666666666666
hip_pos,79,power_binormal,effect_binormal_0.02,0.02,10,0.0466666666666666,0.0466666666666666,0.18,0.22,0.22,0.48,0.3933333333333333,0.0163999324894514,0.0181123154053519,0.0320450202679565,0.0192390876245233,150,0.18,0.1866666666666666,0.2066666666666666,0.2133333333333333,0.2133333333333333,0.2133333333333333,0.22,0.1933333333333333,0.1866666666666666,0.1533333333333333,0.16,0.18,0.18,0.1866666666666666
hip_pos,79,power_binormal,effect_binormal_0.03,0.03,10,0.1666666666666666,0.1666666666666666,0.3133333333333333,0.3666666666666666,0.3666666666666666,0.52,0.5733333333333334,0.0237986835443037,0.017808665106552,0.0309304292000246,0.0189442055031759,150,0.3133333333333333,0.3333333333333333,0.3533333333333333,0.3533333333333333,0.36,0.3666666666666666,0.3666666666666666,0.3466666666666667,0.34,0.2866666666666667,0.3066666666666666,0.3333333333333333,0.34,0.34
hip_pos,79,power_binormal,effect_binormal_0.05,0.05,10,0.5733333333333334,0.5733333333333334,0.6666666666666666,0.76,0.76,0.7866666666666666,0.86,0.0430605907172995,0.0195729026583059,0.0306051878190837,0.0186988041155061,150,0.6666666666666666,0.68,0.7133333333333334,0.72,0.7333333333333333,0.7466666666666667,0.7533333333333333,0.72,0.72,0.64,0.6466666666666666,0.7,0.7133333333333334,0.72
hip_pos,79,power_binormal,effect_binormal_0.08,0.08,10,0.9066666666666666,0.9066666666666666,0.9133333333333332,0.9733333333333334,0.9733333333333334,0.9133333333333332,0.98,0.0683768101265822,0.0193137914960925,0.0311754751875267,0.0184797925377103,150,0.9133333333333332,0.9466666666666668,0.96,0.9666666666666668,0.9666666666666668,0.9666666666666668,0.9733333333333334,0.96,0.96,0.9066666666666666,0.9333333333333332,0.9533333333333334,0.9533333333333334,0.96
hip_pos,79,power_shift,effect_shift_0.02,0.02,10,0.0466666666666666,0.0466666666666666,0.2866666666666667,0.4533333333333333,0.58,0.46,0.44,0.0199547679324894,0.010239327895155,0.031660934636095,0.0106077444065068,150,0.2866666666666667,0.3066666666666666,0.3666666666666666,0.3933333333333333,0.42,0.4333333333333333,0.4466666666666666,0.56,0.4533333333333333,0.2866666666666667,0.3066666666666666,0.42,0.4333333333333333,0.4466666666666666
hip_pos,79,power_shift,effect_shift_0.03,0.03,10,0.1933333333333333,0.1933333333333333,0.6733333333333333,0.8466666666666667,0.9066666666666666,0.7266666666666667,0.8133333333333334,0.0305578059071729,0.0110172320421142,0.0315774110049523,0.0106798564482372,150,0.6733333333333333,0.7,0.7666666666666667,0.7733333333333333,0.8,0.82,0.8466666666666667,0.8733333333333333,0.8333333333333334,0.6733333333333333,0.7,0.7933333333333333,0.8133333333333334,0.8333333333333334
hip_pos,79,power_shift,effect_shift_0.05,0.05,10,0.6466666666666666,0.6466666666666666,0.9266666666666666,0.9933333333333332,1.0,0.9333333333333332,0.9933333333333332,0.0478324388185654,0.0095287600036268,0.0304927486801826,0.0109140223651889,150,0.9266666666666666,0.96,0.9933333333333332,0.9933333333333332,0.9933333333333332,0.9933333333333332,0.9933333333333332,1.0,0.9933333333333332,0.9266666666666666,0.96,0.9933333333333332,0.9933333333333332,0.9933333333333332
hip_pos,79,power_shift,effect_shift_0.08,0.08,10,1.0,1.0,1.0,1.0,1.0,1.0,1.0,0.0792296371308016,0.0094016058723968,0.0313801688675214,0.011836499773984,150,1.0,1.0,1.0,1.0,1.0,1.0,1.0,1.0,1.0,1.0,1.0,1.0,1.0,1.0
hip_pos,79,null,null_binormal_equal_0.5,0.0,20,0.06,0.06,0.06,0.0666666666666666,0.0666666666666666,0.2066666666666666,0.2,-0.0040993080168776,0.0281563127566162,0.0319754008338451,0.0261148046887012,150,0.06,0.06,0.06,0.0666666666666666,0.0666666666666666,0.0666666666666666,0.0666666666666666,0.0266666666666666,0.0266666666666666,0.0266666666666666,0.0266666666666666,0.0266666666666666,0.0266666666666666,0.0266666666666666
hip_pos,79,null,null_binormal_equal_0.8,0.0,20,0.0066666666666666,0.0066666666666666,0.04,0.0733333333333333,0.0733333333333333,0.26,0.1533333333333333,0.0002449957805907,0.018306420117976,0.0317286160980587,0.0178063821767136,150,0.04,0.04,0.0533333333333333,0.0666666666666666,0.0733333333333333,0.0733333333333333,0.0733333333333333,0.0666666666666666,0.0666666666666666,0.04,0.04,0.0666666666666666,0.0666666666666666,0.0666666666666666
hip_pos,79,null,null_fixed_0.05,0.0,20,0.0,0.0,0.0133333333333333,0.02,0.06,0.2266666666666666,0.02,-0.0025947679324894,0.0102622152014426,0.0316395502958892,0.0097486035520268,150,0.0133333333333333,0.02,0.02,0.02,0.02,0.02,0.02,0.0466666666666666,0.02,0.0133333333333333,0.02,0.02,0.02,0.02
hip_pos,79,null,null_fixed_0.10,0.0,20,0.0,0.0,0.0133333333333333,0.0133333333333333,0.02,0.14,0.0133333333333333,-0.0085676624472573,0.0138700022464861,0.0320790101807016,0.0142016777730746,150,0.0133333333333333,0.0133333333333333,0.0133333333333333,0.0133333333333333,0.0133333333333333,0.0133333333333333,0.0133333333333333,0.0133333333333333,0.0133333333333333,0.0133333333333333,0.0133333333333333,0.0133333333333333,0.0133333333333333,0.0133333333333333
hip_pos,79,null,null_fixed_0.20,0.0,20,0.0,0.0,0.0,0.0,0.0,0.08,0.0066666666666666,-0.0303288607594936,0.0221187514363062,0.0301391640139761,0.023231448404869,150,0.0,0.0,0.0,0.0,0.0,0.0,0.0,0.0,0.0,0.0,0.0,0.0,0.0,0.0
hip_pos,79,null,null_noise_rep_0.05,0.0,20,0.0,0.0,0.0,0.0,0.0533333333333333,0.2266666666666666,0.0,-0.0016138565400843,0.0083536175347043,0.0341165282410655,0.0075598305215973,150,0.0,0.0,0.0,0.0,0.0,0.0,0.0,0.06,0.0,0.0,0.0,0.0,0.0,0.0
hip_pos,79,null,null_noise_rep_0.10,0.0,20,0.0,0.0,0.0,0.0,0.0066666666666666,0.1666666666666666,0.0,-0.0100618734177215,0.0082514224477137,0.0344168848181697,0.0080772847007674,150,0.0,0.0,0.0,0.0,0.0,0.0,0.0,0.0066666666666666,0.0,0.0,0.0,0.0,0.0,0.0
hip_pos,79,null,null_noise_rep_0.20,0.0,20,0.0,0.0,0.0,0.0,0.0,0.02,0.0,-0.0316193924050632,0.0077534697448963,0.0374257688240131,0.0110998503534892,150,0.0,0.0,0.0,0.0,0.0,0.0,0.0,0.0,0.0,0.0,0.0,0.0,0.0,0.0
hip_pos,79,null_diluted,null_perm_improve_0.05,0.0,20,0.12,0.12,0.82,0.98,1.0,0.8266666666666667,0.98,0.0362005063291139,0.0073338670174887,0.0321362041890506,0.0085450735090483,150,0.82,0.8666666666666667,0.9266666666666666,0.9733333333333334,0.9733333333333334,0.98,0.98,1.0,0.98,0.82,0.8666666666666667,0.9733333333333334,0.98,0.98
hip_pos,79,power_binormal,effect_binormal_0.02,0.02,20,0.06,0.06,0.1933333333333333,0.26,0.26,0.4466666666666666,0.5,0.0189780590717299,0.0163849433037608,0.0321160544425129,0.0173867713016484,150,0.1933333333333333,0.2066666666666666,0.22,0.2466666666666666,0.2466666666666666,0.2533333333333333,0.2533333333333333,0.2133333333333333,0.2,0.1533333333333333,0.16,0.1933333333333333,0.2,0.2
hip_pos,79,power_binormal,effect_binormal_0.03,0.03,20,0.1266666666666666,0.1266666666666666,0.3066666666666666,0.3666666666666666,0.3666666666666666,0.4933333333333333,0.52,0.022914582278481,0.0187490841656387,0.031555550452096,0.0175493936423558,150,0.3066666666666666,0.3266666666666666,0.3466666666666667,0.36,0.3666666666666666,0.3666666666666666,0.3666666666666666,0.3,0.2933333333333333,0.2466666666666666,0.26,0.2933333333333333,0.2933333333333333,0.2933333333333333
hip_pos,79,power_binormal,effect_binormal_0.05,0.05,20,0.4666666666666667,0.4666666666666667,0.6733333333333333,0.7933333333333333,0.7933333333333333,0.7533333333333333,0.8933333333333333,0.041726717299578,0.0181902462474024,0.0310375890671027,0.0172047582878625,150,0.6733333333333333,0.7133333333333334,0.76,0.7866666666666666,0.7933333333333333,0.7933333333333333,0.7933333333333333,0.6866666666666666,0.6866666666666666,0.6066666666666667,0.6333333333333333,0.6866666666666666,0.6866666666666666,0.6866666666666666
hip_pos,79,power_binormal,effect_binormal_0.08,0.08,20,0.9266666666666666,0.9266666666666666,0.9466666666666668,0.9866666666666668,0.9866666666666668,0.9466666666666668,0.9933333333333332,0.0699465485232067,0.0176109967893003,0.0303995340110115,0.017330219963738,150,0.9466666666666668,0.9666666666666668,0.98,0.9866666666666668,0.9866666666666668,0.9866666666666668,0.9866666666666668,0.9666666666666668,0.9666666666666668,0.9333333333333332,0.9533333333333334,0.9666666666666668,0.9666666666666668,0.9666666666666668
hip_pos,79,power_shift,effect_shift_0.02,0.02,20,0.0066666666666666,0.0066666666666666,0.4066666666666667,0.5533333333333333,0.8733333333333333,0.6466666666666666,0.5533333333333333,0.0203422109704641,0.0069627094403435,0.0332125553924378,0.0073742151131469,150,0.4066666666666667,0.44,0.5133333333333333,0.5466666666666666,0.5466666666666666,0.5533333333333333,0.5533333333333333,0.8266666666666667,0.5533333333333333,0.4066666666666667,0.44,0.5466666666666666,0.5533333333333333,0.5533333333333333
hip_pos,79,power_shift,effect_shift_0.03,0.03,20,0.0466666666666666,0.0466666666666666,0.78,0.9333333333333332,0.98,0.8133333333333334,0.9333333333333332,0.0297302784810126,0.0071551099936625,0.0323292731544813,0.0075903342884055,150,0.78,0.8333333333333334,0.88,0.9266666666666666,0.9333333333333332,0.9333333333333332,0.9333333333333332,0.9733333333333334,0.9333333333333332,0.78,0.8333333333333334,0.9333333333333332,0.9333333333333332,0.9333333333333332
hip_pos,79,power_shift,effect_shift_0.05,0.05,20,0.68,0.68,0.9666666666666668,1.0,1.0,0.9666666666666668,1.0,0.0494260084388185,0.0077258329435584,0.0319259843180344,0.0080857053615623,150,0.9666666666666668,0.9866666666666668,0.9933333333333332,1.0,1.0,1.0,1.0,1.0,1.0,0.9666666666666668,0.9866666666666668,1.0,1.0,1.0
hip_pos,79,power_shift,effect_shift_0.08,0.08,20,1.0,1.0,1.0,1.0,1.0,1.0,1.0,0.0795153924050632,0.0073195946682547,0.0321665853584687,0.0094705421439742,150,1.0,1.0,1.0,1.0,1.0,1.0,1.0,1.0,1.0,1.0,1.0,1.0,1.0,1.0
hip_roi,16,null,null_binormal_equal_0.5,0.0,10,0.1266666666666666,0.1466666666666666,0.0333333333333333,0.08,0.08,0.1333333333333333,0.2666666666666666,-0.0020007987220447,0.0377836660485248,0.0273060857550664,0.0381538072079124,150,0.0333333333333333,0.0333333333333333,0.0533333333333333,0.04,0.0533333333333333,0.06,0.0733333333333333,0.04,0.04,0.0266666666666666,0.0266666666666666,0.0266666666666666,0.0333333333333333,0.0333333333333333
hip_roi,16,null,null_binormal_equal_0.8,0.0,10,0.0933333333333333,0.1266666666666666,0.02,0.1066666666666666,0.1133333333333333,0.1933333333333333,0.26,0.0051392438764643,0.0258965626640302,0.0268356533806439,0.0251908239995546,150,0.02,0.04,0.0666666666666666,0.0466666666666666,0.0666666666666666,0.08,0.0866666666666666,0.0866666666666666,0.0733333333333333,0.02,0.0266666666666666,0.0533333333333333,0.0666666666666666,0.0666666666666666
hip_roi,16,null,null_fixed_0.05,0.0,10,0.0,0.0,0.0,0.0133333333333333,0.04,0.1266666666666666,0.0333333333333333,-0.0052031416400425,0.0143819225207735,0.0324309253555411,0.0146018195156146,150,0.0,0.0,0.0066666666666666,0.0133333333333333,0.0133333333333333,0.0133333333333333,0.0133333333333333,0.02,0.0066666666666666,0.0,0.0,0.0066666666666666,0.0066666666666666,0.0066666666666666
hip_roi,16,null,null_fixed_0.10,0.0,10,0.0,0.0,0.0,0.0266666666666666,0.0333333333333333,0.0933333333333333,0.06,-0.0151166134185303,0.0219054533557243,0.0326316100975265,0.0216333640020139,150,0.0,0.0066666666666666,0.0133333333333333,0.0,0.02,0.0266666666666666,0.0266666666666666,0.02,0.02,0.0,0.0,0.02,0.02,0.02
hip_roi,16,null,null_fixed_0.20,0.0,10,0.0,0.0,0.0,0.0,0.0,0.0733333333333333,0.0,-0.0551079605963791,0.0333309126688009,0.0303018530096983,0.0365240237537038,150,0.0,0.0,0.0,0.0,0.0,0.0,0.0,0.0,0.0,0.0,0.0,0.0,0.0,0.0
hip_roi,16,null,null_noise_rep_0.05,0.0,10,0.0,0.0,0.0066666666666666,0.0066666666666666,0.0266666666666666,0.22,0.0066666666666666,-0.0041183439829605,0.0108823334606195,0.0327884957775247,0.0115135717883896,150,0.0066666666666666,0.0066666666666666,0.0066666666666666,0.0,0.0,0.0066666666666666,0.0066666666666666,0.0133333333333333,0.0066666666666666,0.0066666666666666,0.0066666666666666,0.0,0.0066666666666666,0.0066666666666666
hip_roi,16,null,null_noise_rep_0.10,0.0,10,0.0,0.0,0.0,0.0,0.0,0.1333333333333333,0.0,-0.0167490681576144,0.0123371480096515,0.0360897851293464,0.0129089208984022,150,0.0,0.0,0.0,0.0,0.0,0.0,0.0,0.0,0.0,0.0,0.0,0.0,0.0,0.0
hip_roi,16,null,null_noise_rep_0.20,0.0,10,0.0,0.0,0.0,0.0,0.0,0.1066666666666666,0.0,-0.0603160276890308,0.0156742976849447,0.0449843390425102,0.0176734742432818,150,0.0,0.0,0.0,0.0,0.0,0.0,0.0,0.0,0.0,0.0,0.0,0.0,0.0,0.0
hip_roi,16,null_diluted,null_perm_improve_0.05,0.0,10,0.1,0.1,0.4933333333333333,0.6266666666666667,0.7,0.6933333333333334,0.6666666666666666,0.024629392971246,0.011481149492465,0.0296716035279697,0.0133197511513136,150,0.4933333333333333,0.5266666666666666,0.5866666666666667,0.5666666666666667,0.6,0.6133333333333333,0.6266666666666667,0.5733333333333334,0.5266666666666666,0.4466666666666666,0.4733333333333333,0.52,0.5266666666666666,0.5266666666666666
hip_roi,16,power_binormal,effect_binormal_0.02,0.02,10,0.1933333333333333,0.2066666666666666,0.0866666666666666,0.2733333333333333,0.2866666666666667,0.1933333333333333,0.5066666666666667,0.0229303780617678,0.0235874866860767,0.0252057235088818,0.0248578802826132,150,0.0866666666666666,0.1533333333333333,0.1733333333333333,0.1533333333333333,0.1733333333333333,0.2066666666666666,0.26,0.18,0.16,0.0666666666666666,0.12,0.1266666666666666,0.14,0.16
hip_roi,16,power_binormal,effect_binormal_0.03,0.03,10,0.3266666666666666,0.36,0.1866666666666666,0.4066666666666667,0.42,0.3733333333333333,0.7333333333333333,0.0322288338658146,0.0235362215126407,0.0236776111859347,0.0241576098061306,150,0.1866666666666666,0.2533333333333333,0.2933333333333333,0.2533333333333333,0.2933333333333333,0.36,0.4,0.2733333333333333,0.2533333333333333,0.1266666666666666,0.18,0.2,0.2333333333333333,0.2533333333333333
hip_roi,16,power_binormal,effect_binormal_0.05,0.05,10,0.76,0.76,0.6666666666666666,0.9066666666666666,0.9266666666666666,0.7133333333333334,0.96,0.0572603833865814,0.0245314906586396,0.0222854164514577,0.0241765582518843,150,0.6666666666666666,0.7333333333333333,0.8133333333333334,0.82,0.86,0.8933333333333333,0.9066666666666666,0.68,0.6733333333333333,0.5133333333333333,0.5533333333333333,0.6333333333333333,0.6666666666666666,0.6733333333333333
hip_roi,16,power_binormal,effect_binormal_0.08,0.08,10,0.9933333333333332,0.9933333333333332,1.0,1.0,1.0,1.0,1.0,0.0981703940362087,0.0331517550619804,0.0192164119927495,0.0312900747685304,150,1.0,1.0,1.0,1.0,1.0,1.0,1.0,0.9533333333333334,0.9533333333333334,0.9533333333333334,0.9533333333333334,0.9533333333333334,0.9533333333333334,0.9533333333333334
hip_roi,16,power_shift,effect_shift_0.02,0.02,10,0.02,0.0266666666666666,0.2533333333333333,0.5533333333333333,0.7533333333333333,0.42,0.5533333333333333,0.0209326411075612,0.0094907936178891,0.030940367546779,0.0105939819424333,150,0.2533333333333333,0.3066666666666666,0.4333333333333333,0.5,0.5066666666666667,0.5333333333333333,0.5533333333333333,0.6,0.4733333333333333,0.2066666666666666,0.2533333333333333,0.4533333333333333,0.46,0.4733333333333333
hip_roi,16,power_shift,effect_shift_0.03,0.03,10,0.1466666666666666,0.1466666666666666,0.56,0.84,0.92,0.6333333333333333,0.8133333333333334,0.0303700745473908,0.0103092233574194,0.0299941294621428,0.0126180896694716,150,0.56,0.6666666666666666,0.7533333333333333,0.78,0.8,0.8266666666666667,0.84,0.7466666666666667,0.7066666666666667,0.5133333333333333,0.5933333333333334,0.6866666666666666,0.6933333333333334,0.7066666666666667
hip_roi,16,power_shift,effect_shift_0.05,0.05,10,0.7933333333333333,0.7933333333333333,0.9266666666666666,1.0,1.0,0.9266666666666666,1.0,0.0493441160809371,0.0087905384910287,0.0277129541054035,0.0145853726935582,150,0.9266666666666666,0.9666666666666668,0.98,0.9933333333333332,1.0,1.0,1.0,0.98,0.98,0.9133333333333332,0.9533333333333334,0.98,0.98,0.98
hip_roi,16,power_shift,effect_shift_0.08,0.08,10,1.0,1.0,1.0,1.0,1.0,1.0,1.0,0.0794036208732694,0.0087791571509061,0.0268484784747649,0.0232223293099832,150,1.0,1.0,1.0,1.0,1.0,1.0,1.0,1.0,1.0,1.0,1.0,1.0,1.0,1.0
hip_roi,16,null,null_binormal_equal_0.5,0.0,20,0.1133333333333333,0.12,0.0466666666666666,0.0733333333333333,0.08,0.1533333333333333,0.3066666666666666,-0.0001120207667731,0.0342495220310809,0.026769883769013,0.0349187155902244,150,0.0466666666666666,0.0533333333333333,0.0533333333333333,0.0466666666666666,0.0533333333333333,0.06,0.0733333333333333,0.0466666666666666,0.0466666666666666,0.0333333333333333,0.04,0.04,0.04,0.0466666666666666
hip_roi,16,null,null_binormal_equal_0.8,0.0,20,0.0466666666666666,0.0466666666666666,0.04,0.1066666666666666,0.1066666666666666,0.1533333333333333,0.2466666666666666,0.000483958998935,0.0273859153793007,0.0276683150277194,0.0240376376705535,150,0.04,0.0466666666666666,0.0533333333333333,0.0466666666666666,0.0666666666666666,0.0733333333333333,0.0933333333333333,0.08,0.0733333333333333,0.04,0.04,0.0533333333333333,0.0533333333333333,0.0666666666666666
hip_roi,16,null,null_fixed_0.05,0.0,20,0.0,0.0,0.0066666666666666,0.0133333333333333,0.02,0.28,0.0133333333333333,-0.0037256389776357,0.010855133094069,0.0334058553066055,0.0117878274866375,150,0.0066666666666666,0.0133333333333333,0.0133333333333333,0.0066666666666666,0.0066666666666666,0.0133333333333333,0.0133333333333333,0.0133333333333333,0.0066666666666666,0.0066666666666666,0.0066666666666666,0.0066666666666666,0.0066666666666666,0.0066666666666666
hip_roi,16,null,null_fixed_0.10,0.0,20,0.0,0.0,0.0,0.0,0.0,0.2466666666666666,0.0,-0.0162997204472843,0.0189830119495749,0.0331969836671515,0.0198623342330924,150,0.0,0.0,0.0,0.0,0.0,0.0,0.0,0.0,0.0,0.0,0.0,0.0,0.0,0.0
hip_roi,16,null,null_fixed_0.20,0.0,20,0.0,0.0,0.0,0.0,0.0,0.1333333333333333,0.0066666666666666,-0.0592266373801916,0.032598558446714,0.0320681340305237,0.0348822683791288,150,0.0,0.0,0.0,0.0,0.0,0.0,0.0,0.0,0.0,0.0,0.0,0.0,0.0,0.0
hip_roi,16,null,null_noise_rep_0.05,0.0,20,0.0,0.0,0.0,0.0,0.04,0.2333333333333333,0.0,-0.0046866347177848,0.0078956007216662,0.0331312621196684,0.0081707305527835,150,0.0,0.0,0.0,0.0,0.0,0.0,0.0,0.02,0.0,0.0,0.0,0.0,0.0,0.0
hip_roi,16,null,null_noise_rep_0.10,0.0,20,0.0,0.0,0.0,0.0,0.0,0.2133333333333333,0.0,-0.0177087326943556,0.007814108078616,0.0370389434472,0.0093680743181482,150,0.0,0.0,0.0,0.0,0.0,0.0,0.0,0.0,0.0,0.0,0.0,0.0,0.0,0.0
hip_roi,16,null,null_noise_rep_0.20,0.0,20,0.0,0.0,0.0,0.0,0.0,0.14,0.0,-0.0594128727369542,0.0098752901168072,0.0462166488477065,0.0142640512527504,150,0.0,0.0,0.0,0.0,0.0,0.0,0.0,0.0,0.0,0.0,0.0,0.0,0.0,0.0
hip_roi,16,null_diluted,null_perm_improve_0.05,0.0,20,0.0066666666666666,0.0066666666666666,0.4866666666666667,0.5866666666666667,0.82,0.7733333333333333,0.6066666666666667,0.0226590122470713,0.0080064314767256,0.0307933504602047,0.0106514200187418,150,0.4866666666666667,0.5466666666666666,0.5666666666666667,0.5666666666666667,0.5866666666666667,0.5866666666666667,0.5866666666666667,0.64,0.5133333333333333,0.44,0.4933333333333333,0.5133333333333333,0.5133333333333333,0.5133333333333333
hip_roi,16,power_binormal,effect_binormal_0.02,0.02,20,0.1933333333333333,0.2066666666666666,0.1133333333333333,0.3,0.3133333333333333,0.2866666666666667,0.4733333333333333,0.0209212593184238,0.0241656137095562,0.025954429268884,0.0227293730337113,150,0.1133333333333333,0.1266666666666666,0.1533333333333333,0.1933333333333333,0.24,0.2533333333333333,0.2866666666666667,0.22,0.22,0.1,0.1066666666666666,0.1933333333333333,0.2,0.2133333333333333
hip_roi,16,power_binormal,effect_binormal_0.03,0.03,20,0.2933333333333333,0.3133333333333333,0.18,0.4533333333333333,0.4666666666666667,0.3266666666666666,0.72,0.0338535010649627,0.0239370571955154,0.0258993954688574,0.0240866841748118,150,0.18,0.2266666666666666,0.3266666666666666,0.3333333333333333,0.3666666666666666,0.4266666666666667,0.4466666666666666,0.3,0.2933333333333333,0.1533333333333333,0.1866666666666666,0.2733333333333333,0.2933333333333333,0.2933333333333333
hip_roi,16,power_binormal,effect_binormal_0.05,0.05,20,0.7533333333333333,0.7533333333333333,0.6266666666666667,0.8533333333333334,0.86,0.68,0.9533333333333334,0.0556187433439829,0.0228906315666897,0.0228090490284517,0.0230742074267004,150,0.6266666666666667,0.7133333333333334,0.7866666666666666,0.7933333333333333,0.82,0.8466666666666667,0.8533333333333334,0.6533333333333333,0.64,0.5066666666666667,0.56,0.6266666666666667,0.64,0.64
hip_roi,16,power_binormal,effect_binormal_0.08,0.08,20,0.9866666666666668,0.9866666666666668,1.0,1.0,1.0,1.0,1.0,0.0987346246006389,0.0332004920543297,0.0195334730921726,0.0315459568289734,150,1.0,1.0,1.0,1.0,1.0,1.0,1.0,0.96,0.96,0.96,0.96,0.96,0.96,0.96
hip_roi,16,power_shift,effect_shift_0.02,0.02,20,0.0,0.0,0.3266666666666666,0.5,0.8666666666666667,0.5333333333333333,0.5066666666666667,0.0197615149094781,0.0063755096516879,0.031132365990292,0.0081407063267464,150,0.3266666666666666,0.38,0.4333333333333333,0.5,0.5,0.5,0.5,0.72,0.4733333333333333,0.3066666666666666,0.36,0.4733333333333333,0.4733333333333333,0.4733333333333333
hip_roi,16,power_shift,effect_shift_0.03,0.03,20,0.0533333333333333,0.0533333333333333,0.6333333333333333,0.9266666666666666,0.9866666666666668,0.68,0.9266666666666666,0.0296053647497337,0.0067196689914304,0.0301380678210245,0.0093476255703963,150,0.6333333333333333,0.6933333333333334,0.82,0.92,0.9266666666666666,0.9266666666666666,0.9266666666666666,0.9333333333333332,0.9,0.62,0.6733333333333333,0.9,0.9,0.9
hip_roi,16,power_shift,effect_shift_0.05,0.05,20,0.7933333333333333,0.7933333333333333,0.98,1.0,1.0,0.98,1.0,0.0492464723109691,0.0065440113925336,0.0285480753384737,0.0134476859789893,150,0.98,0.9933333333333332,1.0,1.0,1.0,1.0,1.0,1.0,1.0,0.98,0.9933333333333332,1.0,1.0,1.0
hip_roi,16,power_shift,effect_shift_0.08,0.08,20,1.0,1.0,1.0,1.0,1.0,1.0,1.0,0.0806952209797657,0.005978429372594,0.026765492942183,0.0232660311310812,150,1.0,1.0,1.0,1.0,1.0,1.0,1.0,1.0,1.0,1.0,1.0,1.0,1.0,1.0
