id,критерий,метка разметки,ответ врача,модель,итог адьюдикации,комментарий,повтор,подмножество
R001,hip_pos,да,,нет,,,да,расхождения
R001,hip_roi,нет,,нет,,,да,расхождения
R002,sp_pos,нет,,нет,,,,расхождения
R002,sp_axis,нет,,да,,,,расхождения
R002,sp_art,нет,,да,,,,расхождения
R003,hip_pos,нет,,да,,,,случайные
R003,hip_roi,нет,,нет,,,,случайные
R004,hip_pos,да,,нет,,,да,расхождения
R004,hip_roi,нет,,да,,,да,расхождения
R005,sp_pos,нет,,нет,,,да,случайные
R005,sp_axis,нет,,да,,,да,случайные
R005,sp_art,нет,,нет,,,да,случайные
R006,sp_pos,нет,,да,,,,расхождения
R006,sp_axis,нет,,нет,,,,расхождения
R006,sp_art,нет,,нет,,,,расхождения
R007,hip_pos,да,,нет,,,,случайные
R007,hip_roi,нет,,нет,,,,случайные
R008,sp_pos,нет,,нет,,,,случайные
R008,sp_axis,нет,,да,,,,случайные
R008,sp_art,нет,,да,,,,случайные
R009,hip_pos,да,,нет,,,,расхождения
R009,hip_roi,нет,,да,,,,расхождения
R010,sp_pos,нет,,нет,,,,случайные
R010,sp_axis,нет,,нет,,,,случайные
R010,sp_art,да,,да,,,,случайные
R011,sp_pos,нет,,нет,,,,расхождения
R011,sp_axis,да,,нет,,,,расхождения
R011,sp_art,да,,да,,,,расхождения
R012,sp_pos,нет,,нет,,,,случайные
R012,sp_axis,нет,,нет,,,,случайные
R012,sp_art,нет,,нет,,,,случайные
R013,hip_pos,нет,,нет,,,,случайные
R013,hip_roi,нет,,нет,,,,случайные
R014,hip_pos,да,,да,,,,случайные
R014,hip_roi,нет,,нет,,,,случайные
R015,hip_pos,да,,нет,,,,случайные
R015,hip_roi,нет,,нет,,,,случайные
R016,hip_pos,нет,,нет,,,,случайные
R016,hip_roi,нет,,нет,,,,случайные
R017,hip_pos,нет,,нет,,,,случайные
R017,hip_roi,нет,,нет,,,,случайные
R018,sp_pos,нет,,нет,,,,расхождения
R018,sp_axis,нет,,нет,,,,расхождения
R018,sp_art,нет,,да,,,,расхождения
R019,hip_pos,да,,нет,,,,расхождения
R019,hip_roi,нет,,да,,,,расхождения
R020,hip_pos,нет,,да,,,,расхождения
R020,hip_roi,нет,,нет,,,,расхождения
R021,sp_pos,нет,,нет,,,,случайные
R021,sp_axis,да,,нет,,,,случайные
R021,sp_art,нет,,да,,,,случайные
R022,sp_pos,нет,,нет,,,,расхождения
R022,sp_axis,нет,,нет,,,,расхождения
R022,sp_art,нет,,да,,,,расхождения
R023,hip_pos,да,,нет,,,,случайные
R023,hip_roi,нет,,да,,,,случайные
R024,hip_pos,нет,,нет,,,,случайные
R024,hip_roi,нет,,нет,,,,случайные
R025,hip_pos,да,,нет,,,,расхождения
R025,hip_roi,нет,,нет,,,,расхождения
R026,hip_pos,да,,нет,,,да,случайные
R026,hip_roi,нет,,нет,,,да,случайные
R027,hip_pos,нет,,нет,,,,случайные
R027,hip_roi,нет,,нет,,,,случайные
R028,hip_pos,нет,,нет,,,,случайные
R028,hip_roi,нет,,нет,,,,случайные
R029,hip_pos,да,,нет,,,да,случайные
R029,hip_roi,нет,,нет,,,да,случайные
R030,sp_pos,нет,,нет,,,,расхождения
R030,sp_axis,нет,,да,,,,расхождения
R030,sp_art,нет,,нет,,,,расхождения
R031,sp_pos,нет,,нет,,,,случайные
R031,sp_axis,нет,,нет,,,,случайные
R031,sp_art,нет,,нет,,,,случайные
R032,sp_pos,да,,нет,,,,расхождения
R032,sp_axis,нет,,нет,,,,расхождения
R032,sp_art,нет,,да,,,,расхождения
R033,hip_pos,да,,да,,,,расхождения
R033,hip_roi,нет,,да,,,,расхождения
R034,hip_pos,да,,да,,,,случайные
R034,hip_roi,нет,,нет,,,,случайные
R035,hip_pos,да,,нет,,,,случайные
R035,hip_roi,нет,,нет,,,,случайные
R036,hip_pos,да,,нет,,,,расхождения
R036,hip_roi,нет,,нет,,,,расхождения
R037,sp_pos,нет,,нет,,,,случайные
R037,sp_axis,нет,,да,,,,случайные
R037,sp_art,да,,да,,,,случайные
R038,sp_pos,нет,,нет,,,,случайные
R038,sp_axis,нет,,нет,,,,случайные
R038,sp_art,да,,да,,,,случайные
R039,hip_pos,нет,,нет,,,,расхождения
R039,hip_roi,да,,нет,,,,расхождения
R040,hip_pos,нет,,нет,,,,случайные
R040,hip_roi,нет,,нет,,,,случайные
R041,sp_pos,нет,,да,,,,расхождения
R041,sp_axis,нет,,нет,,,,расхождения
R041,sp_art,нет,,да,,,,расхождения
R042,sp_pos,нет,,нет,,,,расхождения
R042,sp_axis,нет,,да,,,,расхождения
R042,sp_art,да,,да,,,,расхождения
R043,hip_pos,нет,,нет,,,,случайные
R043,hip_roi,нет,,нет,,,,случайные
R044,hip_pos,да,,да,,,,случайные
R044,hip_roi,нет,,да,,,,случайные
R045,hip_pos,нет,,нет,,,,случайные
R045,hip_roi,нет,,нет,,,,случайные
R046,hip_pos,да,,да,,,,случайные
R046,hip_roi,нет,,нет,,,,случайные
R047,sp_pos,нет,,нет,,,,случайные
R047,sp_axis,нет,,да,,,,случайные
R047,sp_art,нет,,нет,,,,случайные
R048,hip_pos,да,,нет,,,,случайные
R048,hip_roi,нет,,нет,,,,случайные
R049,hip_pos,да,,нет,,,,расхождения
R049,hip_roi,нет,,нет,,,,расхождения
R050,sp_pos,да,,нет,,,,расхождения
R050,sp_axis,нет,,нет,,,,расхождения
R050,sp_art,нет,,нет,,,,расхождения
R051,hip_pos,да,,да,,,,случайные
R051,hip_roi,нет,,нет,,,,случайные
R052,sp_pos,нет,,нет,,,,случайные
R052,sp_axis,нет,,нет,,,,случайные
R052,sp_art,да,,да,,,,случайные
R053,sp_pos,да,,нет,,,,расхождения
R053,sp_axis,нет,,нет,,,,расхождения
R053,sp_art,нет,,нет,,,,расхождения
R054,sp_pos,нет,,нет,,,,расхождения
R054,sp_axis,нет,,нет,,,,расхождения
R054,sp_art,нет,,да,,,,расхождения
R055,sp_pos,нет,,нет,,,,случайные
R055,sp_axis,нет,,нет,,,,случайные
R055,sp_art,да,,да,,,,случайные
