repeat,auc_roi,f1_roi,auc_base,mf1_base,f1pos_base,nflag_base,auc_bin_base,f1_bin_base,mf1_bin_base,auc_w_inner,mf1_w_inner,f1pos_w_inner,nflag_w_inner,auc_bin_w_inner,f1_bin_w_inner,mf1_bin_w_inner,auc_w_fixed_0.3,mf1_w_fixed_0.3,f1pos_w_fixed_0.3,nflag_w_fixed_0.3,auc_bin_w_fixed_0.3,f1_bin_w_fixed_0.3,mf1_bin_w_fixed_0.3,auc_grok_solidity,mf1_grok_solidity,f1pos_grok_solidity,nflag_grok_solidity,auc_bin_grok_solidity,f1_bin_grok_solidity,mf1_bin_grok_solidity,auc_k5_rule_mean,mf1_k5_rule_mean,f1pos_k5_rule_mean,nflag_k5_rule_mean,auc_bin_k5_rule_mean,f1_bin_k5_rule_mean,mf1_bin_k5_rule_mean
0,0.8901757188498403,0.625,0.74,0.6693942004019524,0.5116279069767442,93,0.7747202348192993,0.5816326530612245,0.7020717377860235,0.7802278481012658,0.6473979309800205,0.4973544973544973,110,0.7686662997615117,0.5560975609756098,0.6776072793840522,0.7769367088607595,0.6600815195794589,0.5133689839572193,108,0.7707301412584847,0.5643564356435643,0.6856869897516067,0.776506329113924,0.6910496725489956,0.5389221556886228,88,0.7784351495138507,0.6010928961748634,0.7237043428242738,0.7755696202531646,0.6680425609979821,0.5217391304347826,105,0.7742157402311503,0.5728643216080402,0.6938395682114276
1,0.8462460063897764,0.2807017543859649,0.718253164556962,0.5965440356744705,0.36231884057971014,59,0.747202348192992,0.5168539325842697,0.6688436329588014,0.7534683544303797,0.6406802579571458,0.4473684210526316,73,0.7616492386718033,0.5894736842105263,0.7114035087719298,0.751493670886076,0.6779307626784647,0.5095541401273885,78,0.7673362685745735,0.6288659793814433,0.7368467827941699,0.7691645569620253,0.6750003048892033,0.5149700598802395,88,0.7655017427994864,0.592964824120603,0.7082471179426544,0.7671645569620253,0.667004048582996,0.5,85,0.7671528159970648,0.5888324873096447,0.7065637490778158
2,0.8909744408945688,0.5555555555555556,0.7601518987341772,0.6484041037332573,0.4827586206896552,95,0.7795817281232802,0.5578947368421052,0.6892037786774629,0.7676708860759494,0.6264628820960698,0.48,121,0.7739864245092644,0.5674418604651162,0.6787547902777049,0.778632911392405,0.6315546772068511,0.48484848484848486,119,0.77568336085122,0.5727699530516432,0.6841377855145856,0.7988860759493671,0.6934572427729577,0.5443786982248521,90,0.7803614015776921,0.6054054054054054,0.7255356836752186,0.7725316455696203,0.6175786838340487,0.4583333333333333,113,0.7652724270776005,0.5507246376811594,0.6722581059802692
3,0.8521365814696485,0.06896551724137931,0.7480759493670887,0.6775329436962283,0.5207100591715976,90,0.7707301412584846,0.5268817204301075,0.6702205212320029,0.7640759493670886,0.6638006976990027,0.5084745762711864,98,0.7735736562098697,0.5743589743589743,0.6975466578058371,0.7764050632911392,0.6536510670877596,0.4883720930232558,93,0.7755457714180884,0.5608465608465608,0.6919371396983337,0.772379746835443,0.6957983596911512,0.5497076023391813,92,0.7790772335351311,0.6243386243386243,0.7364763484166469,0.7823544303797468,0.6300363671164705,0.45348837209302323,93,0.769537699504678,0.5368421052631579,0.674403958614485
4,0.9085463258785942,0.3333333333333333,0.7146835443037974,0.6400393386194604,0.46060606060606063,86,0.7787561915244909,0.538860103626943,0.6737311270822888,0.7680506329113925,0.6325876292373644,0.45614035087719296,92,0.7734360667767382,0.5685279187817259,0.6920730700199302,0.7640506329113924,0.6806302270011948,0.5185185185185185,83,0.7816914327646304,0.5851063829787234,0.7095744680851064,0.7622531645569621,0.6745485966271378,0.5202312138728323,94,0.7712804989910108,0.5906735751295337,0.710390551005627,0.767873417721519,0.6588821961094105,0.4878048780487805,85,0.768758026050266,0.5573770491803278,0.6934253666954271
5,0.9073482428115016,0.4444444444444444,0.7157215189873418,0.6751645569620253,0.5063291139240507,79,0.7700421940928269,0.5604395604395604,0.696186166774402,0.7292151898734177,0.6668354430379747,0.4936708860759494,79,0.760273344340488,0.5573770491803278,0.6934253666954271,0.727240506329114,0.6946616321497133,0.535031847133758,78,0.7694918363603008,0.585635359116022,0.7142013273567531,0.7560253164556963,0.6834047764849969,0.5217391304347826,82,0.7772885709044213,0.5806451612903226,0.7076954620010936,0.7226582278481013,0.6777353315701832,0.5180722891566265,87,0.7636213538800221,0.5759162303664922,0.7012343464466294
6,0.7847444089456869,0.29850746268656714,0.7073924050632912,0.6630917119041589,0.5279187817258884,118,0.7714180884241424,0.5689655172413793,0.6671118666019104,0.6999493670886077,0.600315632912111,0.42780748663101603,108,0.749724821133737,0.5135135135135135,0.6329035457475825,0.7279240506329114,0.6425531914893617,0.48936170212765956,109,0.7660062373876353,0.5570776255707762,0.6680604528765043,0.7672405063291139,0.6587350188085033,0.484472049689441,82,0.75926435516419,0.5480769230769231,0.6695940170940171,0.740379746835443,0.5787847821746127,0.384180790960452,98,0.7484865162355531,0.5161290322580645,0.6390168970814132
7,0.887979233226837,0.4897959183673469,0.7014683544303797,0.6163513863695258,0.47058823529411764,125,0.7581636396991378,0.5701754385964912,0.6711342309261525,0.722632911392405,0.6597428611864093,0.527363184079602,122,0.7646303430563199,0.6244343891402715,0.7172515195129274,0.7170379746835442,0.6563506164862973,0.526829268292683,126,0.7766006237387635,0.6311111111111111,0.7197125994354632,0.7635443037974683,0.6711529521152952,0.5222222222222223,101,0.7744450559530361,0.6176470588235294,0.7229204457113242,0.7320253164556962,0.6597428611864093,0.527363184079602,122,0.777242707760044,0.6244343891402715,0.7172515195129274
8,0.8865814696485622,0.2727272727272727,0.7201518987341772,0.6643063494990473,0.49696969696969695,86,0.7694459732159237,0.5668449197860963,0.6974351987465514,0.7177721518987342,0.6510219891544008,0.48554913294797686,94,0.767703173729591,0.5876288659793815,0.7076075364379666,0.7186075949367088,0.6616086446194989,0.4970414201183432,90,0.7733443404879838,0.6,0.7188034188034188,0.7406075949367088,0.6902330016089625,0.5433526011560693,94,0.7930196294257934,0.6666666666666666,0.7615942028985507,0.7460000000000001,0.6802721088435375,0.5238095238095238,89,0.7791689598238855,0.6243386243386243,0.7364763484166469
9,0.8779952076677316,0.3225806451612903,0.7245063291139241,0.6276876650320634,0.45454545454545453,97,0.7284443221427261,0.5435897435897435,0.675682560779753,0.7235443037974684,0.6710584784927124,0.5360824742268041,115,0.7468813061823519,0.6153846153846154,0.7188034188034188,0.737493670886076,0.6710584784927124,0.5360824742268041,115,0.7451843698403962,0.6086956521739131,0.7145473826279765,0.7610886075949368,0.6906702025072324,0.5411764705882353,91,0.7457805907172995,0.6021505376344086,0.7226854383087298,0.755974683544304,0.6946808510638298,0.5638297872340425,109,0.7441295175197212,0.5970149253731343,0.7098860184852542
10,0.9253194888178914,0.3448275862068966,0.766759493670886,0.6366728509585653,0.4897959183673469,117,0.7848101265822784,0.5258215962441315,0.64942765205465,0.7887594936708862,0.6223214285714286,0.4857142857142857,131,0.8159053384700055,0.5991189427312775,0.6939910258900007,0.7836708860759494,0.6616410615265541,0.5402843601895735,132,0.8176481379563383,0.5964912280701754,0.6912688698490412,0.798,0.6968661433853116,0.5586592178770949,100,0.8054026784076317,0.6294416243654822,0.7355451071935871,0.789139240506329,0.6668939581783618,0.5585585585585585,143,0.8367272060172446,0.6443514644351465,0.720743751310652
11,0.8976637380191693,0.3870967741935484,0.7256708860759493,0.6217978969276752,0.4378698224852071,90,0.7804989910108237,0.5446009389671361,0.6633117054386242,0.7622784810126583,0.7109100408473449,0.5747126436781609,95,0.8026050266006237,0.6280193236714976,0.7286438081772122,0.7493164556962025,0.6696787148594378,0.5,81,0.7875619152449093,0.5812807881773399,0.6972338006820765,0.7532911392405063,0.7122448979591837,0.5714285714285714,89,0.7899009356081453,0.6213592233009708,0.7243964258097775,0.759873417721519,0.685137333716145,0.5348837209302325,93,0.7966886809759678,0.6074766355140186,0.7091437231624147
12,0.8525359424920129,0.25,0.7114430379746836,0.6233074472321785,0.43209876543209874,83,0.7396349293707576,0.4581005586592179,0.6277976697262686,0.7298481012658227,0.6589509372294109,0.49101796407185627,88,0.7591267657310585,0.5652173913043478,0.6982205099981654,0.7329620253164557,0.6589509372294109,0.49101796407185627,88,0.760273344340488,0.5652173913043478,0.6982205099981654,0.7670886075949367,0.6910496725489956,0.5389221556886228,88,0.7795817281232801,0.6086956521739131,0.728398458998349,0.7386075949367089,0.667004048582996,0.5,85,0.7620161438268207,0.574585635359116,0.7065800294195999
13,0.8376597444089456,0.43137254901960786,0.7462784810126581,0.6157723277398733,0.42424242424242425,86,0.7443129700972299,0.5517241379310345,0.6758620689655173,0.7769873417721519,0.6667063941362255,0.5086705202312138,94,0.7581636396991378,0.5893719806763285,0.7004509570787407,0.7568101265822785,0.6207845324409742,0.4294478527607362,84,0.7537607778389286,0.5685279187817259,0.6920730700199302,0.7841012658227848,0.7128403712582212,0.5696969696969697,86,0.777976518070079,0.6597938144329897,0.7587762175613224,0.7788101265822784,0.6483903118508112,0.47953216374269003,92,0.7544028618602092,0.5658536585365853,0.6846928336833037
14,0.8436501597444089,0.3225806451612903,0.7605569620253164,0.6354234001292824,0.4725274725274725,103,0.7823335167859108,0.5714285714285714,0.6901098901098901,0.7834177215189874,0.6608522417966805,0.5082872928176796,102,0.7838928636947349,0.5970149253731343,0.7098860184852542,0.7840759493670887,0.6303370786516854,0.4606741573033708,99,0.7771509814712896,0.5628140703517588,0.686635793345814,0.788759493670886,0.6722789115646258,0.5119047619047619,89,0.7773802971931756,0.6063829787234043,0.7244680851063829,0.7877215189873418,0.6558577405857741,0.5,101,0.7890295358649789,0.59,0.7054803493449782
15,0.9007587859424919,0.5555555555555556,0.7385822784810128,0.6643496978597935,0.5235602094240838,112,0.7634379013025133,0.5619047619047619,0.6782738095238094,0.7274430379746836,0.6073942698240659,0.45226130653266333,120,0.744083654375344,0.5321100917431193,0.6501459549624687,0.7395443037974684,0.6356826472120896,0.49504950495049505,123,0.7577508713997432,0.5701357466063348,0.6763722211292544,0.7676708860759495,0.6906760227481197,0.5543478260869565,105,0.7695835626490553,0.5980392156862745,0.7087112377990844,0.7588607594936709,0.6243302591128678,0.47474747474747475,119,0.7573839662447257,0.5529953917050692,0.6665203715894961
16,0.9121405750798722,0.23529411764705882,0.7710886075949367,0.68472049689441,0.5371428571428571,96,0.782883874518437,0.5446009389671361,0.6633117054386242,0.8033417721518987,0.677715509385821,0.5376344086021505,107,0.7896257567418821,0.5610859728506787,0.6695590047319755,0.7933670886075949,0.6872340425531915,0.5531914893617021,109,0.7938451660245827,0.5739910313901345,0.6778001133962167,0.7923037974683544,0.7130092417955489,0.5795454545454546,97,0.7926985874151533,0.5915492957746479,0.69802183889856,0.8027594936708861,0.677715509385821,0.5376344086021505,107,0.7893047147312419,0.5610859728506787,0.6695590047319755
17,0.8905750798722044,0.4166666666666667,0.7362025316455696,0.6742267069030554,0.5227272727272727,97,0.7766464868831406,0.5615763546798029,0.6829859795377037,0.771240506329114,0.6406145389196237,0.4745762711864407,98,0.7558246193359016,0.5572139303482587,0.6812327857430571,0.766253164556962,0.6588821961094105,0.4878048780487805,85,0.7591267657310585,0.5396825396825397,0.6770907367922293,0.7808860759493671,0.6750003048892033,0.5149700598802395,88,0.7571546505228399,0.5698924731182796,0.7002004738472754,0.7777974683544304,0.6457397003745319,0.48314606741573035,99,0.7640341221794167,0.5656565656565656,0.6893500219587176
18,0.9386980830670927,0.7,0.7528607594936708,0.6272179363548698,0.4470588235294118,91,0.7784810126582279,0.5555555555555556,0.6821256038647343,0.794379746835443,0.6779367469879518,0.5125,81,0.7899926618968997,0.6031746031746031,0.7216299455105425,0.7896708860759494,0.6400393386194604,0.46060606060606063,86,0.7740781507980187,0.5492227979274611,0.6810630118669563,0.7766075949367088,0.6695707941578636,0.5088757396449705,90,0.7795817281232802,0.5959595959595959,0.7110232762406675,0.7928860759493671,0.6827386692381872,0.5294117647058824,91,0.793936892313337,0.6130653266331658,0.7226546676738814
19,0.869408945686901,0.2564102564102564,0.6968101265822785,0.6246862879306412,0.4444444444444444,92,0.7725646670335719,0.5583756345177665,0.6848277304909873,0.7121772151898734,0.6227756374977068,0.45652173913043476,105,0.7847184002935241,0.6285714285714286,0.7272321428571429,0.716506329113924,0.6451400479126219,0.4919786096256685,108,0.7972849018528709,0.6507177033492823,0.7440670922091623,0.7496202531645568,0.6897397208600529,0.5454545454545454,97,0.7812328013208585,0.6185567010309279,0.7295369712051192,0.7199240506329113,0.6227756374977068,0.45652173913043476,105,0.7874701889561548,0.6285714285714286,0.7272321428571429
