file_path,study,hip_side_detected
/home/user/workspace/dataset_extracted/Датасет/НД_для_обучения/Исследования/1.2.840.113619.2.110.512719.20250403090444/series_004_3_CR/DXA/CR DXA/CR000001.dcm,1.2.840.113619.2.110.512719.20250403090444,right
/home/user/workspace/dataset_extracted/Датасет/НД_для_обучения/Исследования/1.2.840.113619.2.110.512719.20250403090444/series_004_3_CR/DXA/CR DXA/CR000002.dcm,1.2.840.113619.2.110.512719.20250403090444,left
/home/user/workspace/dataset_extracted/Датасет/НД_для_обучения/Исследования/1.2.840.113619.2.110.512719.20250403090444/series_004_3_CR/DXA/CR DXA/CR000003.dcm,1.2.840.113619.2.110.512719.20250403090444,left
/home/user/workspace/dataset_extracted/Датасет/НД_для_обучения/Исследования/1.2.840.113619.2.110.512719.20250403090444/series_004_3_CR/DXA/CR DXA/CR000004.dcm,1.2.840.113619.2.110.512719.20250403090444,right
/home/user/workspace/dataset_extracted/Датасет/НД_для_обучения/Исследования/1.2.840.113619.2.110.512719.20250403092052/series_003_3_CR/DXA/CR DXA/CR000000.dcm,1.2.840.113619.2.110.512719.20250403092052,right
/home/user/workspace/dataset_extracted/Датасет/НД_для_обучения/Исследования/1.2.840.113619.2.110.512719.20250403092052/series_003_3_CR/DXA/CR DXA/CR000002.dcm,1.2.840.113619.2.110.512719.20250403092052,left
/home/user/workspace/dataset_extracted/Датасет/НД_для_обучения/Исследования/1.2.840.113619.2.110.512719.20250403092052/series_003_3_CR/DXA/CR DXA/CR000003.dcm,1.2.840.113619.2.110.512719.20250403092052,left
/home/user/workspace/dataset_extracted/Датасет/НД_для_обучения/Исследования/1.2.840.113619.2.110.512719.20250403092052/series_003_3_CR/DXA/CR DXA/CR000004.dcm,1.2.840.113619.2.110.512719.20250403092052,right
/home/user/workspace/dataset_extracted/Датасет/НД_для_обучения/Исследования/1.2.840.113619.2.110.512719.20250407113211/series_001_2_CR/DXA/CR DXA/CR000000.dcm,1.2.840.113619.2.110.512719.20250407113211,left
/home/user/workspace/dataset_extracted/Датасет/НД_для_обучения/Исследования/1.2.840.113619.2.110.512719.20250407113211/series_001_2_CR/DXA/CR DXA/CR000001.dcm,1.2.840.113619.2.110.512719.20250407113211,right
/home/user/workspace/dataset_extracted/Датасет/НД_для_обучения/Исследования/1.2.840.113619.2.110.512719.20250407113211/series_001_2_CR/DXA/CR DXA/CR000002.dcm,1.2.840.113619.2.110.512719.20250407113211,left
/home/user/workspace/dataset_extracted/Датасет/НД_для_обучения/Исследования/1.2.840.113619.2.110.512719.20250407113211/series_001_2_CR/DXA/CR DXA/CR000005.dcm,1.2.840.113619.2.110.512719.20250407113211,right
/home/user/workspace/dataset_extracted/Датасет/НД_для_обучения/Исследования/2.25.10245777060263212829333021434108890537/series_003_2_CR/A2504412435 DXA/CR DXA/CR000000.dcm,2.25.10245777060263212829333021434108890537,right
/home/user/workspace/dataset_extracted/Датасет/НД_для_обучения/Исследования/2.25.10245777060263212829333021434108890537/series_003_2_CR/A2504412435 DXA/CR DXA/CR000002.dcm,2.25.10245777060263212829333021434108890537,left
/home/user/workspace/dataset_extracted/Датасет/НД_для_обучения/Исследования/2.25.102755089973625799055786462646268820450/series_002_2_CR/A2504257770 DXA/CR DXA/CR000000.dcm,2.25.102755089973625799055786462646268820450,left
/home/user/workspace/dataset_extracted/Датасет/НД_для_обучения/Исследования/2.25.102755089973625799055786462646268820450/series_002_2_CR/A2504257770 DXA/CR DXA/CR000002.dcm,2.25.102755089973625799055786462646268820450,right
/home/user/workspace/dataset_extracted/Датасет/НД_для_обучения/Исследования/2.25.102755089973625799055786462646268820450/series_002_2_CR/A2504257770 DXA/CR DXA/CR000003.dcm,2.25.102755089973625799055786462646268820450,right
/home/user/workspace/dataset_extracted/Датасет/НД_для_обучения/Исследования/2.25.102755089973625799055786462646268820450/series_002_2_CR/A2504257770 DXA/CR DXA/CR000005.dcm,2.25.102755089973625799055786462646268820450,left
/home/user/workspace/dataset_extracted/Датасет/НД_для_обучения/Исследования/2.25.102965897799404973225419898683246248872/series_001_2_CR/A250726353 DXA/CR DXA/CR000000.dcm,2.25.102965897799404973225419898683246248872,left
/home/user/workspace/dataset_extracted/Датасет/НД_для_обучения/Исследования/2.25.102965897799404973225419898683246248872/series_001_2_CR/A250726353 DXA/CR DXA/CR000002.dcm,2.25.102965897799404973225419898683246248872,right
/home/user/workspace/dataset_extracted/Датасет/НД_для_обучения/Исследования/2.25.103868781101960771917584077315578649178/series_001_3_CR/A2507485409 DXA/CR DXA/CR000000.dcm,2.25.103868781101960771917584077315578649178,left
/home/user/workspace/dataset_extracted/Датасет/НД_для_обучения/Исследования/2.25.103868781101960771917584077315578649178/series_001_3_CR/A2507485409 DXA/CR DXA/CR000001.dcm,2.25.103868781101960771917584077315578649178,right
/home/user/workspace/dataset_extracted/Датасет/НД_для_обучения/Исследования/2.25.105033841136787477881326326053319223817/series_001_2_CR/A250790559 DXA/CR DXA/CR000002.dcm,2.25.105033841136787477881326326053319223817,left
/home/user/workspace/dataset_extracted/Датасет/НД_для_обучения/Исследования/2.25.105033841136787477881326326053319223817/series_001_2_CR/A250790559 DXA/CR DXA/CR000003.dcm,2.25.105033841136787477881326326053319223817,right
/home/user/workspace/dataset_extracted/Датасет/НД_для_обучения/Исследования/2.25.105033841136787477881326326053319223817/series_001_2_CR/A250790559 DXA/CR DXA/CR000004.dcm,2.25.105033841136787477881326326053319223817,right
/home/user/workspace/dataset_extracted/Датасет/НД_для_обучения/Исследования/2.25.105033841136787477881326326053319223817/series_001_2_CR/A250790559 DXA/CR DXA/CR000005.dcm,2.25.105033841136787477881326326053319223817,left
/home/user/workspace/dataset_extracted/Датасет/НД_для_обучения/Исследования/2.25.11175860580562939441493697221497597640/series_003_2_CR/A2507431060 DXA/CR DXA/CR000000.dcm,2.25.11175860580562939441493697221497597640,right
/home/user/workspace/dataset_extracted/Датасет/НД_для_обучения/Исследования/2.25.11175860580562939441493697221497597640/series_003_2_CR/A2507431060 DXA/CR DXA/CR000002.dcm,2.25.11175860580562939441493697221497597640,left
/home/user/workspace/dataset_extracted/Датасет/НД_для_обучения/Исследования/2.25.11175860580562939441493697221497597640/series_003_2_CR/A2507431060 DXA/CR DXA/CR000003.dcm,2.25.11175860580562939441493697221497597640,left
/home/user/workspace/dataset_extracted/Датасет/НД_для_обучения/Исследования/2.25.11175860580562939441493697221497597640/series_003_2_CR/A2507431060 DXA/CR DXA/CR000005.dcm,2.25.11175860580562939441493697221497597640,right
/home/user/workspace/dataset_extracted/Датасет/НД_для_обучения/Исследования/2.25.114887542067602662452692698814728642117/series_001_2_CR/A2504131887 DXA/CR DXA/CR000000.dcm,2.25.114887542067602662452692698814728642117,right
/home/user/workspace/dataset_extracted/Датасет/НД_для_обучения/Исследования/2.25.114887542067602662452692698814728642117/series_001_2_CR/A2504131887 DXA/CR DXA/CR000001.dcm,2.25.114887542067602662452692698814728642117,left
/home/user/workspace/dataset_extracted/Датасет/НД_для_обучения/Исследования/2.25.114887542067602662452692698814728642117/series_001_2_CR/A2504131887 DXA/CR DXA/CR000002.dcm,2.25.114887542067602662452692698814728642117,left
/home/user/workspace/dataset_extracted/Датасет/НД_для_обучения/Исследования/2.25.114887542067602662452692698814728642117/series_001_2_CR/A2504131887 DXA/CR DXA/CR000003.dcm,2.25.114887542067602662452692698814728642117,right
/home/user/workspace/dataset_extracted/Датасет/НД_для_обучения/Исследования/2.25.114887542067602662452692698814728642117/series_001_2_CR/A2504131887 DXA/CR DXA/CR000005.dcm,2.25.114887542067602662452692698814728642117,right
/home/user/workspace/dataset_extracted/Датасет/НД_для_обучения/Исследования/2.25.114887542067602662452692698814728642117/series_001_2_CR/A2504131887 DXA/CR DXA/CR000006.dcm,2.25.114887542067602662452692698814728642117,left
/home/user/workspace/dataset_extracted/Датасет/НД_для_обучения/Исследования/2.25.114887542067602662452692698814728642117/series_001_2_CR/A2504131887 DXA/CR DXA/CR000008.dcm,2.25.114887542067602662452692698814728642117,right
/home/user/workspace/dataset_extracted/Датасет/НД_для_обучения/Исследования/2.25.114887542067602662452692698814728642117/series_001_2_CR/A2504131887 DXA/CR DXA/CR000009.dcm,2.25.114887542067602662452692698814728642117,left
/home/user/workspace/dataset_extracted/Датасет/НД_для_обучения/Исследования/2.25.116822802042655971810859435524105064465/series_003_2_CR/A2507273296 DXA/CR DXA/CR000000.dcm,2.25.116822802042655971810859435524105064465,right
/home/user/workspace/dataset_extracted/Датасет/НД_для_обучения/Исследования/2.25.116822802042655971810859435524105064465/series_003_2_CR/A2507273296 DXA/CR DXA/CR000001.dcm,2.25.116822802042655971810859435524105064465,left
/home/user/workspace/dataset_extracted/Датасет/НД_для_обучения/Исследования/2.25.122446767306607067205618235949445789306/series_001_2_CR/A2504255080 DXA/CR DXA/CR000000.dcm,2.25.122446767306607067205618235949445789306,right
/home/user/workspace/dataset_extracted/Датасет/НД_для_обучения/Исследования/2.25.122446767306607067205618235949445789306/series_001_2_CR/A2504255080 DXA/CR DXA/CR000001.dcm,2.25.122446767306607067205618235949445789306,left
/home/user/workspace/dataset_extracted/Датасет/НД_для_обучения/Исследования/2.25.122446767306607067205618235949445789306/series_001_2_CR/A2504255080 DXA/CR DXA/CR000003.dcm,2.25.122446767306607067205618235949445789306,right
/home/user/workspace/dataset_extracted/Датасет/НД_для_обучения/Исследования/2.25.122446767306607067205618235949445789306/series_001_2_CR/A2504255080 DXA/CR DXA/CR000004.dcm,2.25.122446767306607067205618235949445789306,left
/home/user/workspace/dataset_extracted/Датасет/НД_для_обучения/Исследования/2.25.124890633326693921702195356152595253940/series_002_2_CR/A2504263153 DXA/CR DXA/CR000001.dcm,2.25.124890633326693921702195356152595253940,left
/home/user/workspace/dataset_extracted/Датасет/НД_для_обучения/Исследования/2.25.124890633326693921702195356152595253940/series_002_2_CR/A2504263153 DXA/CR DXA/CR000002.dcm,2.25.124890633326693921702195356152595253940,right
/home/user/workspace/dataset_extracted/Датасет/НД_для_обучения/Исследования/2.25.126293418391331346694592071563510265596/series_002_3_CR/A2507250865 DXA/CR DXA/CR000000.dcm,2.25.126293418391331346694592071563510265596,right
/home/user/workspace/dataset_extracted/Датасет/НД_для_обучения/Исследования/2.25.126293418391331346694592071563510265596/series_002_3_CR/A2507250865 DXA/CR DXA/CR000002.dcm,2.25.126293418391331346694592071563510265596,left
/home/user/workspace/dataset_extracted/Датасет/НД_для_обучения/Исследования/2.25.127126130998341190348103034690069487890/series_002_2_CR/A250428736 DXA/CR DXA/CR000001.dcm,2.25.127126130998341190348103034690069487890,left
/home/user/workspace/dataset_extracted/Датасет/НД_для_обучения/Исследования/2.25.127126130998341190348103034690069487890/series_002_2_CR/A250428736 DXA/CR DXA/CR000002.dcm,2.25.127126130998341190348103034690069487890,left
/home/user/workspace/dataset_extracted/Датасет/НД_для_обучения/Исследования/2.25.127126130998341190348103034690069487890/series_002_2_CR/A250428736 DXA/CR DXA/CR000003.dcm,2.25.127126130998341190348103034690069487890,right
/home/user/workspace/dataset_extracted/Датасет/НД_для_обучения/Исследования/2.25.127126130998341190348103034690069487890/series_002_2_CR/A250428736 DXA/CR DXA/CR000005.dcm,2.25.127126130998341190348103034690069487890,right
/home/user/workspace/dataset_extracted/Датасет/НД_для_обучения/Исследования/2.25.12798473087614376830819854616447908612/series_002_2_CR/A2507538847 DXA/CR DXA/CR000001.dcm,2.25.12798473087614376830819854616447908612,left
/home/user/workspace/dataset_extracted/Датасет/НД_для_обучения/Исследования/2.25.12798473087614376830819854616447908612/series_002_2_CR/A2507538847 DXA/CR DXA/CR000002.dcm,2.25.12798473087614376830819854616447908612,right
/home/user/workspace/dataset_extracted/Датасет/НД_для_обучения/Исследования/2.25.128990540359421489042453547244535073735/series_002_2_CR/A2507388698 DXA/CR DXA/CR000000.dcm,2.25.128990540359421489042453547244535073735,left
/home/user/workspace/dataset_extracted/Датасет/НД_для_обучения/Исследования/2.25.128990540359421489042453547244535073735/series_002_2_CR/A2507388698 DXA/CR DXA/CR000002.dcm,2.25.128990540359421489042453547244535073735,left
/home/user/workspace/dataset_extracted/Датасет/НД_для_обучения/Исследования/2.25.128990540359421489042453547244535073735/series_002_2_CR/A2507388698 DXA/CR DXA/CR000003.dcm,2.25.128990540359421489042453547244535073735,right
/home/user/workspace/dataset_extracted/Датасет/НД_для_обучения/Исследования/2.25.128990540359421489042453547244535073735/series_002_2_CR/A2507388698 DXA/CR DXA/CR000005.dcm,2.25.128990540359421489042453547244535073735,right
/home/user/workspace/dataset_extracted/Датасет/НД_для_обучения/Исследования/2.25.129239680100193368599713239115902740628/series_003_3_CR/A250757345 DXA/CR DXA/CR000000.dcm,2.25.129239680100193368599713239115902740628,left
/home/user/workspace/dataset_extracted/Датасет/НД_для_обучения/Исследования/2.25.13069823278093578548407087310307113784/series_003_2_CR/A2507242667 DXA/CR DXA/CR000000.dcm,2.25.13069823278093578548407087310307113784,left
/home/user/workspace/dataset_extracted/Датасет/НД_для_обучения/Исследования/2.25.13069823278093578548407087310307113784/series_003_2_CR/A2507242667 DXA/CR DXA/CR000002.dcm,2.25.13069823278093578548407087310307113784,right
/home/user/workspace/dataset_extracted/Датасет/НД_для_обучения/Исследования/2.25.132083163398091874662674590622589534350/series_003_2_CR/A2507386583 DXA Exam/CR DXA Images/CR000000.dcm,2.25.132083163398091874662674590622589534350,left
/home/user/workspace/dataset_extracted/Датасет/НД_для_обучения/Исследования/2.25.132083163398091874662674590622589534350/series_003_2_CR/A2507386583 DXA Exam/CR DXA Images/CR000002.dcm,2.25.132083163398091874662674590622589534350,right
/home/user/workspace/dataset_extracted/Датасет/НД_для_обучения/Исследования/2.25.132272637351979990811754009849547633391/series_003_3_CR/A2504141080 DXA/CR DXA/CR000000.dcm,2.25.132272637351979990811754009849547633391,left
/home/user/workspace/dataset_extracted/Датасет/НД_для_обучения/Исследования/2.25.132272637351979990811754009849547633391/series_003_3_CR/A2504141080 DXA/CR DXA/CR000001.dcm,2.25.132272637351979990811754009849547633391,right
/home/user/workspace/dataset_extracted/Датасет/НД_для_обучения/Исследования/2.25.13325817932854000792938662637654885530/series_002_2_CR/A2507365486 DXA/CR DXA/CR000001.dcm,2.25.13325817932854000792938662637654885530,left
/home/user/workspace/dataset_extracted/Датасет/НД_для_обучения/Исследования/2.25.13325817932854000792938662637654885530/series_002_2_CR/A2507365486 DXA/CR DXA/CR000002.dcm,2.25.13325817932854000792938662637654885530,left
/home/user/workspace/dataset_extracted/Датасет/НД_для_обучения/Исследования/2.25.13325817932854000792938662637654885530/series_002_2_CR/A2507365486 DXA/CR DXA/CR000003.dcm,2.25.13325817932854000792938662637654885530,left
/home/user/workspace/dataset_extracted/Датасет/НД_для_обучения/Исследования/2.25.13325817932854000792938662637654885530/series_002_2_CR/A2507365486 DXA/CR DXA/CR000004.dcm,2.25.13325817932854000792938662637654885530,left
/home/user/workspace/dataset_extracted/Датасет/НД_для_обучения/Исследования/2.25.13325817932854000792938662637654885530/series_002_2_CR/A2507365486 DXA/CR DXA/CR000005.dcm,2.25.13325817932854000792938662637654885530,right
/home/user/workspace/dataset_extracted/Датасет/НД_для_обучения/Исследования/2.25.13325817932854000792938662637654885530/series_002_2_CR/A2507365486 DXA/CR DXA/CR000006.dcm,2.25.13325817932854000792938662637654885530,right
/home/user/workspace/dataset_extracted/Датасет/НД_для_обучения/Исследования/2.25.13325817932854000792938662637654885530/series_002_2_CR/A2507365486 DXA/CR DXA/CR000007.dcm,2.25.13325817932854000792938662637654885530,left
/home/user/workspace/dataset_extracted/Датасет/НД_для_обучения/Исследования/2.25.13325817932854000792938662637654885530/series_002_2_CR/A2507365486 DXA/CR DXA/CR000008.dcm,2.25.13325817932854000792938662637654885530,right
/home/user/workspace/dataset_extracted/Датасет/НД_для_обучения/Исследования/2.25.13325817932854000792938662637654885530/series_002_2_CR/A2507365486 DXA/CR DXA/CR000009.dcm,2.25.13325817932854000792938662637654885530,right
/home/user/workspace/dataset_extracted/Датасет/НД_для_обучения/Исследования/2.25.13325817932854000792938662637654885530/series_002_2_CR/A2507365486 DXA/CR DXA/CR000011.dcm,2.25.13325817932854000792938662637654885530,right
/home/user/workspace/dataset_extracted/Датасет/НД_для_обучения/Исследования/2.25.134456506307367483341018281460841912845/series_002_2_CR/A2507120612 DXA/CR DXA/CR000000.dcm,2.25.134456506307367483341018281460841912845,left
/home/user/workspace/dataset_extracted/Датасет/НД_для_обучения/Исследования/2.25.134456506307367483341018281460841912845/series_002_2_CR/A2507120612 DXA/CR DXA/CR000002.dcm,2.25.134456506307367483341018281460841912845,right
/home/user/workspace/dataset_extracted/Датасет/НД_для_обучения/Исследования/2.25.135241889065705954191821710363605596815/series_003_3_CR/A250715060 DXA/CR DXA/CR000000.dcm,2.25.135241889065705954191821710363605596815,left
/home/user/workspace/dataset_extracted/Датасет/НД_для_обучения/Исследования/2.25.137344827330550141320158285144101816664/series_003_3_CR/A2507146630 DXA/CR DXA/CR000001.dcm,2.25.137344827330550141320158285144101816664,left
/home/user/workspace/dataset_extracted/Датасет/НД_для_обучения/Исследования/2.25.137344827330550141320158285144101816664/series_003_3_CR/A2507146630 DXA/CR DXA/CR000002.dcm,2.25.137344827330550141320158285144101816664,right
/home/user/workspace/dataset_extracted/Датасет/НД_для_обучения/Исследования/2.25.13983650679559142983913935144968795415/series_003_2_CR/A2504335111 DXA/CR DXA/CR000001.dcm,2.25.13983650679559142983913935144968795415,right
/home/user/workspace/dataset_extracted/Датасет/НД_для_обучения/Исследования/2.25.13983650679559142983913935144968795415/series_003_2_CR/A2504335111 DXA/CR DXA/CR000002.dcm,2.25.13983650679559142983913935144968795415,left
/home/user/workspace/dataset_extracted/Датасет/НД_для_обучения/Исследования/2.25.13983650679559142983913935144968795415/series_003_2_CR/A2504335111 DXA/CR DXA/CR000004.dcm,2.25.13983650679559142983913935144968795415,left
/home/user/workspace/dataset_extracted/Датасет/НД_для_обучения/Исследования/2.25.13983650679559142983913935144968795415/series_003_2_CR/A2504335111 DXA/CR DXA/CR000005.dcm,2.25.13983650679559142983913935144968795415,right
/home/user/workspace/dataset_extracted/Датасет/НД_для_обучения/Исследования/2.25.144941557565802351596730914409170713112/series_001_2_CR/A250728979 DXA/CR DXA/CR000000.dcm,2.25.144941557565802351596730914409170713112,left
/home/user/workspace/dataset_extracted/Датасет/НД_для_обучения/Исследования/2.25.144941557565802351596730914409170713112/series_001_2_CR/A250728979 DXA/CR DXA/CR000001.dcm,2.25.144941557565802351596730914409170713112,left
/home/user/workspace/dataset_extracted/Датасет/НД_для_обучения/Исследования/2.25.144941557565802351596730914409170713112/series_001_2_CR/A250728979 DXA/CR DXA/CR000002.dcm,2.25.144941557565802351596730914409170713112,right
/home/user/workspace/dataset_extracted/Датасет/НД_для_обучения/Исследования/2.25.144941557565802351596730914409170713112/series_001_2_CR/A250728979 DXA/CR DXA/CR000003.dcm,2.25.144941557565802351596730914409170713112,right
/home/user/workspace/dataset_extracted/Датасет/НД_для_обучения/Исследования/2.25.144941557565802351596730914409170713112/series_001_2_CR/A250728979 DXA/CR DXA/CR000004.dcm,2.25.144941557565802351596730914409170713112,right
/home/user/workspace/dataset_extracted/Датасет/НД_для_обучения/Исследования/2.25.144941557565802351596730914409170713112/series_001_2_CR/A250728979 DXA/CR DXA/CR000005.dcm,2.25.144941557565802351596730914409170713112,right
/home/user/workspace/dataset_extracted/Датасет/НД_для_обучения/Исследования/2.25.144941557565802351596730914409170713112/series_001_2_CR/A250728979 DXA/CR DXA/CR000007.dcm,2.25.144941557565802351596730914409170713112,left
/home/user/workspace/dataset_extracted/Датасет/НД_для_обучения/Исследования/2.25.144941557565802351596730914409170713112/series_001_2_CR/A250728979 DXA/CR DXA/CR000010.dcm,2.25.144941557565802351596730914409170713112,left
/home/user/workspace/dataset_extracted/Датасет/НД_для_обучения/Исследования/2.25.145848300160680194368420189079847088556/series_002_2_CR/A2504248615 DXA Exam/CR DXA Images/CR000000.dcm,2.25.145848300160680194368420189079847088556,right
/home/user/workspace/dataset_extracted/Датасет/НД_для_обучения/Исследования/2.25.145848300160680194368420189079847088556/series_002_2_CR/A2504248615 DXA Exam/CR DXA Images/CR000001.dcm,2.25.145848300160680194368420189079847088556,left
/home/user/workspace/dataset_extracted/Датасет/НД_для_обучения/Исследования/2.25.151186844055172005615813066162721550889/series_002_2_CR/A250436130 DXA/CR DXA/CR000001.dcm,2.25.151186844055172005615813066162721550889,left
/home/user/workspace/dataset_extracted/Датасет/НД_для_обучения/Исследования/2.25.151186844055172005615813066162721550889/series_002_2_CR/A250436130 DXA/CR DXA/CR000002.dcm,2.25.151186844055172005615813066162721550889,right
/home/user/workspace/dataset_extracted/Датасет/НД_для_обучения/Исследования/2.25.156021661584944120526934974594604520993/series_003_2_CR/A2507142228 DXA/CR DXA/CR000001.dcm,2.25.156021661584944120526934974594604520993,left
/home/user/workspace/dataset_extracted/Датасет/НД_для_обучения/Исследования/2.25.156021661584944120526934974594604520993/series_003_2_CR/A2507142228 DXA/CR DXA/CR000002.dcm,2.25.156021661584944120526934974594604520993,left
/home/user/workspace/dataset_extracted/Датасет/НД_для_обучения/Исследования/2.25.156021661584944120526934974594604520993/series_003_2_CR/A2507142228 DXA/CR DXA/CR000003.dcm,2.25.156021661584944120526934974594604520993,right
/home/user/workspace/dataset_extracted/Датасет/НД_для_обучения/Исследования/2.25.156021661584944120526934974594604520993/series_003_2_CR/A2507142228 DXA/CR DXA/CR000004.dcm,2.25.156021661584944120526934974594604520993,right
/home/user/workspace/dataset_extracted/Датасет/НД_для_обучения/Исследования/2.25.156021661584944120526934974594604520993/series_003_2_CR/A2507142228 DXA/CR DXA/CR000005.dcm,2.25.156021661584944120526934974594604520993,right
/home/user/workspace/dataset_extracted/Датасет/НД_для_обучения/Исследования/2.25.156021661584944120526934974594604520993/series_003_2_CR/A2507142228 DXA/CR DXA/CR000006.dcm,2.25.156021661584944120526934974594604520993,left
/home/user/workspace/dataset_extracted/Датасет/НД_для_обучения/Исследования/2.25.156021661584944120526934974594604520993/series_003_2_CR/A2507142228 DXA/CR DXA/CR000007.dcm,2.25.156021661584944120526934974594604520993,left
/home/user/workspace/dataset_extracted/Датасет/НД_для_обучения/Исследования/2.25.156021661584944120526934974594604520993/series_003_2_CR/A2507142228 DXA/CR DXA/CR000009.dcm,2.25.156021661584944120526934974594604520993,right
/home/user/workspace/dataset_extracted/Датасет/НД_для_обучения/Исследования/2.25.156021661584944120526934974594604520993/series_003_2_CR/A2507142228 DXA/CR DXA/CR000010.dcm,2.25.156021661584944120526934974594604520993,right
/home/user/workspace/dataset_extracted/Датасет/НД_для_обучения/Исследования/2.25.156375884487675936513403083218009333856/series_003_2_CR/A250727121 DXA/CR DXA/CR000000.dcm,2.25.156375884487675936513403083218009333856,left
/home/user/workspace/dataset_extracted/Датасет/НД_для_обучения/Исследования/2.25.156375884487675936513403083218009333856/series_003_2_CR/A250727121 DXA/CR DXA/CR000002.dcm,2.25.156375884487675936513403083218009333856,left
/home/user/workspace/dataset_extracted/Датасет/НД_для_обучения/Исследования/2.25.156375884487675936513403083218009333856/series_003_2_CR/A250727121 DXA/CR DXA/CR000004.dcm,2.25.156375884487675936513403083218009333856,right
/home/user/workspace/dataset_extracted/Датасет/НД_для_обучения/Исследования/2.25.156375884487675936513403083218009333856/series_003_2_CR/A250727121 DXA/CR DXA/CR000005.dcm,2.25.156375884487675936513403083218009333856,left
/home/user/workspace/dataset_extracted/Датасет/НД_для_обучения/Исследования/2.25.156375884487675936513403083218009333856/series_003_2_CR/A250727121 DXA/CR DXA/CR000006.dcm,2.25.156375884487675936513403083218009333856,left
/home/user/workspace/dataset_extracted/Датасет/НД_для_обучения/Исследования/2.25.156375884487675936513403083218009333856/series_003_2_CR/A250727121 DXA/CR DXA/CR000007.dcm,2.25.156375884487675936513403083218009333856,right
/home/user/workspace/dataset_extracted/Датасет/НД_для_обучения/Исследования/2.25.156375884487675936513403083218009333856/series_003_2_CR/A250727121 DXA/CR DXA/CR000008.dcm,2.25.156375884487675936513403083218009333856,right
/home/user/workspace/dataset_extracted/Датасет/НД_для_обучения/Исследования/2.25.156375884487675936513403083218009333856/series_003_2_CR/A250727121 DXA/CR DXA/CR000010.dcm,2.25.156375884487675936513403083218009333856,left
/home/user/workspace/dataset_extracted/Датасет/НД_для_обучения/Исследования/2.25.156389075510671877606923458507011517218/series_001_2_CR/A2507389755 DXA/CR DXA/CR000000.dcm,2.25.156389075510671877606923458507011517218,right
/home/user/workspace/dataset_extracted/Датасет/НД_для_обучения/Исследования/2.25.156389075510671877606923458507011517218/series_001_2_CR/A2507389755 DXA/CR DXA/CR000001.dcm,2.25.156389075510671877606923458507011517218,left
/home/user/workspace/dataset_extracted/Датасет/НД_для_обучения/Исследования/2.25.156389075510671877606923458507011517218/series_001_2_CR/A2507389755 DXA/CR DXA/CR000004.dcm,2.25.156389075510671877606923458507011517218,left
/home/user/workspace/dataset_extracted/Датасет/НД_для_обучения/Исследования/2.25.156389075510671877606923458507011517218/series_001_2_CR/A2507389755 DXA/CR DXA/CR000005.dcm,2.25.156389075510671877606923458507011517218,right
/home/user/workspace/dataset_extracted/Датасет/НД_для_обучения/Исследования/2.25.157462338378550185821790046400986801350/series_001_2_CR/A2507498707 DXA/CR DXA/CR000001.dcm,2.25.157462338378550185821790046400986801350,right
/home/user/workspace/dataset_extracted/Датасет/НД_для_обучения/Исследования/2.25.157462338378550185821790046400986801350/series_001_2_CR/A2507498707 DXA/CR DXA/CR000003.dcm,2.25.157462338378550185821790046400986801350,left
/home/user/workspace/dataset_extracted/Датасет/НД_для_обучения/Исследования/2.25.157462338378550185821790046400986801350/series_001_2_CR/A2507498707 DXA/CR DXA/CR000004.dcm,2.25.157462338378550185821790046400986801350,right
/home/user/workspace/dataset_extracted/Датасет/НД_для_обучения/Исследования/2.25.157462338378550185821790046400986801350/series_001_2_CR/A2507498707 DXA/CR DXA/CR000005.dcm,2.25.157462338378550185821790046400986801350,left
/home/user/workspace/dataset_extracted/Датасет/НД_для_обучения/Исследования/2.25.158646777318759504110695916200521633609/series_003_6_CR/A2507266260 DXA/CR DXA/CR000000.dcm,2.25.158646777318759504110695916200521633609,right
/home/user/workspace/dataset_extracted/Датасет/НД_для_обучения/Исследования/2.25.158646777318759504110695916200521633609/series_003_6_CR/A2507266260 DXA/CR DXA/CR000003.dcm,2.25.158646777318759504110695916200521633609,left
/home/user/workspace/dataset_extracted/Датасет/НД_для_обучения/Исследования/2.25.158646777318759504110695916200521633609/series_003_6_CR/A2507266260 DXA/CR DXA/CR000004.dcm,2.25.158646777318759504110695916200521633609,left
/home/user/workspace/dataset_extracted/Датасет/НД_для_обучения/Исследования/2.25.158646777318759504110695916200521633609/series_003_6_CR/A2507266260 DXA/CR DXA/CR000005.dcm,2.25.158646777318759504110695916200521633609,right
/home/user/workspace/dataset_extracted/Датасет/НД_для_обучения/Исследования/2.25.158646777318759504110695916200521633609/series_003_6_CR/A2507266260 DXA/CR DXA/CR000006.dcm,2.25.158646777318759504110695916200521633609,right
/home/user/workspace/dataset_extracted/Датасет/НД_для_обучения/Исследования/2.25.158646777318759504110695916200521633609/series_003_6_CR/A2507266260 DXA/CR DXA/CR000007.dcm,2.25.158646777318759504110695916200521633609,left
/home/user/workspace/dataset_extracted/Датасет/НД_для_обучения/Исследования/2.25.158646777318759504110695916200521633609/series_003_6_CR/A2507266260 DXA/CR DXA/CR000010.dcm,2.25.158646777318759504110695916200521633609,left
/home/user/workspace/dataset_extracted/Датасет/НД_для_обучения/Исследования/2.25.158646777318759504110695916200521633609/series_004_2_CR/A2507266260 DXA/CR DXA/CR000001.dcm,2.25.158646777318759504110695916200521633609,right
/home/user/workspace/dataset_extracted/Датасет/НД_для_обучения/Исследования/2.25.158646777318759504110695916200521633609/series_004_2_CR/A2507266260 DXA/CR DXA/CR000003.dcm,2.25.158646777318759504110695916200521633609,left
/home/user/workspace/dataset_extracted/Датасет/НД_для_обучения/Исследования/2.25.158646777318759504110695916200521633609/series_004_2_CR/A2507266260 DXA/CR DXA/CR000004.dcm,2.25.158646777318759504110695916200521633609,right
/home/user/workspace/dataset_extracted/Датасет/НД_для_обучения/Исследования/2.25.158646777318759504110695916200521633609/series_004_2_CR/A2507266260 DXA/CR DXA/CR000006.dcm,2.25.158646777318759504110695916200521633609,left
/home/user/workspace/dataset_extracted/Датасет/НД_для_обучения/Исследования/2.25.158646777318759504110695916200521633609/series_004_2_CR/A2507266260 DXA/CR DXA/CR000007.dcm,2.25.158646777318759504110695916200521633609,right
/home/user/workspace/dataset_extracted/Датасет/НД_для_обучения/Исследования/2.25.158646777318759504110695916200521633609/series_004_2_CR/A2507266260 DXA/CR DXA/CR000009.dcm,2.25.158646777318759504110695916200521633609,left
/home/user/workspace/dataset_extracted/Датасет/НД_для_обучения/Исследования/2.25.158646777318759504110695916200521633609/series_004_2_CR/A2507266260 DXA/CR DXA/CR000010.dcm,2.25.158646777318759504110695916200521633609,right
/home/user/workspace/dataset_extracted/Датасет/НД_для_обучения/Исследования/2.25.158646777318759504110695916200521633609/series_004_2_CR/A2507266260 DXA/CR DXA/CR000011.dcm,2.25.158646777318759504110695916200521633609,left
/home/user/workspace/dataset_extracted/Датасет/НД_для_обучения/Исследования/2.25.158646777318759504110695916200521633609/series_004_2_CR/A2507266260 DXA/CR DXA/CR000014.dcm,2.25.158646777318759504110695916200521633609,left
/home/user/workspace/dataset_extracted/Датасет/НД_для_обучения/Исследования/2.25.158646777318759504110695916200521633609/series_004_2_CR/A2507266260 DXA/CR DXA/CR000015.dcm,2.25.158646777318759504110695916200521633609,left
/home/user/workspace/dataset_extracted/Датасет/НД_для_обучения/Исследования/2.25.158646777318759504110695916200521633609/series_004_2_CR/A2507266260 DXA/CR DXA/CR000016.dcm,2.25.158646777318759504110695916200521633609,right
/home/user/workspace/dataset_extracted/Датасет/НД_для_обучения/Исследования/2.25.158646777318759504110695916200521633609/series_004_2_CR/A2507266260 DXA/CR DXA/CR000017.dcm,2.25.158646777318759504110695916200521633609,right
/home/user/workspace/dataset_extracted/Датасет/НД_для_обучения/Исследования/2.25.164566280810634620154538016595892212884/series_001_2_CR/A2504291878 DXA Exam/CR DXA Images/CR000000.dcm,2.25.164566280810634620154538016595892212884,right
/home/user/workspace/dataset_extracted/Датасет/НД_для_обучения/Исследования/2.25.164566280810634620154538016595892212884/series_001_2_CR/A2504291878 DXA Exam/CR DXA Images/CR000002.dcm,2.25.164566280810634620154538016595892212884,left
/home/user/workspace/dataset_extracted/Датасет/НД_для_обучения/Исследования/2.25.165091430504580219034019815337441064349/series_001_2_CR/A2504415443 DXA/CR DXA/CR000000.dcm,2.25.165091430504580219034019815337441064349,right
/home/user/workspace/dataset_extracted/Датасет/НД_для_обучения/Исследования/2.25.165091430504580219034019815337441064349/series_001_2_CR/A2504415443 DXA/CR DXA/CR000001.dcm,2.25.165091430504580219034019815337441064349,left
/home/user/workspace/dataset_extracted/Датасет/НД_для_обучения/Исследования/2.25.165091430504580219034019815337441064349/series_001_2_CR/A2504415443 DXA/CR DXA/CR000004.dcm,2.25.165091430504580219034019815337441064349,right
/home/user/workspace/dataset_extracted/Датасет/НД_для_обучения/Исследования/2.25.165091430504580219034019815337441064349/series_001_2_CR/A2504415443 DXA/CR DXA/CR000005.dcm,2.25.165091430504580219034019815337441064349,left
/home/user/workspace/dataset_extracted/Датасет/НД_для_обучения/Исследования/2.25.165355673991587715046346525964554729786/series_003_3_CR/A2506448267 DXA/CR DXA/CR000000.dcm,2.25.165355673991587715046346525964554729786,left
/home/user/workspace/dataset_extracted/Датасет/НД_для_обучения/Исследования/2.25.167344201679287285499405412654740659745/series_003_2_CR/A2504249537 DXA/CR DXA/CR000000.dcm,2.25.167344201679287285499405412654740659745,right
/home/user/workspace/dataset_extracted/Датасет/НД_для_обучения/Исследования/2.25.167344201679287285499405412654740659745/series_003_2_CR/A2504249537 DXA/CR DXA/CR000001.dcm,2.25.167344201679287285499405412654740659745,left
/home/user/workspace/dataset_extracted/Датасет/НД_для_обучения/Исследования/2.25.167344201679287285499405412654740659745/series_003_2_CR/A2504249537 DXA/CR DXA/CR000003.dcm,2.25.167344201679287285499405412654740659745,left
/home/user/workspace/dataset_extracted/Датасет/НД_для_обучения/Исследования/2.25.167344201679287285499405412654740659745/series_003_2_CR/A2504249537 DXA/CR DXA/CR000005.dcm,2.25.167344201679287285499405412654740659745,right
/home/user/workspace/dataset_extracted/Датасет/НД_для_обучения/Исследования/2.25.16773626720107440979805052259711419763/series_004_2_CR/A2507537392 DXA/CR DXA/CR000001.dcm,2.25.16773626720107440979805052259711419763,right
/home/user/workspace/dataset_extracted/Датасет/НД_для_обучения/Исследования/2.25.16773626720107440979805052259711419763/series_004_2_CR/A2507537392 DXA/CR DXA/CR000002.dcm,2.25.16773626720107440979805052259711419763,right
/home/user/workspace/dataset_extracted/Датасет/НД_для_обучения/Исследования/2.25.16773626720107440979805052259711419763/series_004_2_CR/A2507537392 DXA/CR DXA/CR000004.dcm,2.25.16773626720107440979805052259711419763,left
/home/user/workspace/dataset_extracted/Датасет/НД_для_обучения/Исследования/2.25.16773626720107440979805052259711419763/series_004_2_CR/A2507537392 DXA/CR DXA/CR000005.dcm,2.25.16773626720107440979805052259711419763,right
/home/user/workspace/dataset_extracted/Датасет/НД_для_обучения/Исследования/2.25.16773626720107440979805052259711419763/series_004_2_CR/A2507537392 DXA/CR DXA/CR000006.dcm,2.25.16773626720107440979805052259711419763,right
/home/user/workspace/dataset_extracted/Датасет/НД_для_обучения/Исследования/2.25.16773626720107440979805052259711419763/series_004_2_CR/A2507537392 DXA/CR DXA/CR000007.dcm,2.25.16773626720107440979805052259711419763,left
/home/user/workspace/dataset_extracted/Датасет/НД_для_обучения/Исследования/2.25.16773626720107440979805052259711419763/series_004_2_CR/A2507537392 DXA/CR DXA/CR000008.dcm,2.25.16773626720107440979805052259711419763,left
/home/user/workspace/dataset_extracted/Датасет/НД_для_обучения/Исследования/2.25.16773626720107440979805052259711419763/series_004_2_CR/A2507537392 DXA/CR DXA/CR000009.dcm,2.25.16773626720107440979805052259711419763,left
/home/user/workspace/dataset_extracted/Датасет/НД_для_обучения/Исследования/2.25.16773626720107440979805052259711419763/series_004_2_CR/A2507537392 DXA/CR DXA/CR000010.dcm,2.25.16773626720107440979805052259711419763,right
/home/user/workspace/dataset_extracted/Датасет/НД_для_обучения/Исследования/2.25.168317503020329569414190677927680518621/series_004_2_CR/A2507557128 DXA/CR DXA/CR000000.dcm,2.25.168317503020329569414190677927680518621,left
/home/user/workspace/dataset_extracted/Датасет/НД_для_обучения/Исследования/2.25.168317503020329569414190677927680518621/series_004_2_CR/A2507557128 DXA/CR DXA/CR000001.dcm,2.25.168317503020329569414190677927680518621,left
/home/user/workspace/dataset_extracted/Датасет/НД_для_обучения/Исследования/2.25.168317503020329569414190677927680518621/series_004_2_CR/A2507557128 DXA/CR DXA/CR000002.dcm,2.25.168317503020329569414190677927680518621,left
/home/user/workspace/dataset_extracted/Датасет/НД_для_обучения/Исследования/2.25.168317503020329569414190677927680518621/series_004_2_CR/A2507557128 DXA/CR DXA/CR000004.dcm,2.25.168317503020329569414190677927680518621,right
/home/user/workspace/dataset_extracted/Датасет/НД_для_обучения/Исследования/2.25.168317503020329569414190677927680518621/series_004_2_CR/A2507557128 DXA/CR DXA/CR000005.dcm,2.25.168317503020329569414190677927680518621,left
/home/user/workspace/dataset_extracted/Датасет/НД_для_обучения/Исследования/2.25.168317503020329569414190677927680518621/series_004_2_CR/A2507557128 DXA/CR DXA/CR000007.dcm,2.25.168317503020329569414190677927680518621,right
/home/user/workspace/dataset_extracted/Датасет/НД_для_обучения/Исследования/2.25.168317503020329569414190677927680518621/series_004_2_CR/A2507557128 DXA/CR DXA/CR000008.dcm,2.25.168317503020329569414190677927680518621,right
/home/user/workspace/dataset_extracted/Датасет/НД_для_обучения/Исследования/2.25.168317503020329569414190677927680518621/series_004_2_CR/A2507557128 DXA/CR DXA/CR000010.dcm,2.25.168317503020329569414190677927680518621,left
/home/user/workspace/dataset_extracted/Датасет/НД_для_обучения/Исследования/2.25.168317503020329569414190677927680518621/series_004_2_CR/A2507557128 DXA/CR DXA/CR000011.dcm,2.25.168317503020329569414190677927680518621,right
/home/user/workspace/dataset_extracted/Датасет/НД_для_обучения/Исследования/2.25.172445998420765569384934552191547932566/series_004_2_CR/A2507368766 DXA/CR DXA/CR000001.dcm,2.25.172445998420765569384934552191547932566,right
/home/user/workspace/dataset_extracted/Датасет/НД_для_обучения/Исследования/2.25.172445998420765569384934552191547932566/series_004_2_CR/A2507368766 DXA/CR DXA/CR000002.dcm,2.25.172445998420765569384934552191547932566,left
/home/user/workspace/dataset_extracted/Датасет/НД_для_обучения/Исследования/2.25.173731186748227489808861376513577450951/series_002_2_CR/A2507188958 DXA/CR DXA/CR000001.dcm,2.25.173731186748227489808861376513577450951,left
/home/user/workspace/dataset_extracted/Датасет/НД_для_обучения/Исследования/2.25.173753313169335820519632380691065649420/series_003_2_CR/A2504265499 DXA/CR DXA/CR000000.dcm,2.25.173753313169335820519632380691065649420,right
/home/user/workspace/dataset_extracted/Датасет/НД_для_обучения/Исследования/2.25.173753313169335820519632380691065649420/series_003_2_CR/A2504265499 DXA/CR DXA/CR000001.dcm,2.25.173753313169335820519632380691065649420,right
/home/user/workspace/dataset_extracted/Датасет/НД_для_обучения/Исследования/2.25.173753313169335820519632380691065649420/series_003_2_CR/A2504265499 DXA/CR DXA/CR000003.dcm,2.25.173753313169335820519632380691065649420,left
/home/user/workspace/dataset_extracted/Датасет/НД_для_обучения/Исследования/2.25.173753313169335820519632380691065649420/series_003_2_CR/A2504265499 DXA/CR DXA/CR000004.dcm,2.25.173753313169335820519632380691065649420,right
/home/user/workspace/dataset_extracted/Датасет/НД_для_обучения/Исследования/2.25.173753313169335820519632380691065649420/series_003_2_CR/A2504265499 DXA/CR DXA/CR000006.dcm,2.25.173753313169335820519632380691065649420,right
/home/user/workspace/dataset_extracted/Датасет/НД_для_обучения/Исследования/2.25.173753313169335820519632380691065649420/series_003_2_CR/A2504265499 DXA/CR DXA/CR000007.dcm,2.25.173753313169335820519632380691065649420,left
/home/user/workspace/dataset_extracted/Датасет/НД_для_обучения/Исследования/2.25.173753313169335820519632380691065649420/series_003_2_CR/A2504265499 DXA/CR DXA/CR000009.dcm,2.25.173753313169335820519632380691065649420,left
/home/user/workspace/dataset_extracted/Датасет/НД_для_обучения/Исследования/2.25.173753313169335820519632380691065649420/series_003_2_CR/A2504265499 DXA/CR DXA/CR000010.dcm,2.25.173753313169335820519632380691065649420,left
/home/user/workspace/dataset_extracted/Датасет/НД_для_обучения/Исследования/2.25.175881661753775295785039265792986971602/series_003_2_CR/A2507266462 DXA/CR DXA/CR000000.dcm,2.25.175881661753775295785039265792986971602,right
/home/user/workspace/dataset_extracted/Датасет/НД_для_обучения/Исследования/2.25.175881661753775295785039265792986971602/series_003_2_CR/A2507266462 DXA/CR DXA/CR000002.dcm,2.25.175881661753775295785039265792986971602,left
/home/user/workspace/dataset_extracted/Датасет/НД_для_обучения/Исследования/2.25.175881661753775295785039265792986971602/series_003_2_CR/A2507266462 DXA/CR DXA/CR000003.dcm,2.25.175881661753775295785039265792986971602,right
/home/user/workspace/dataset_extracted/Датасет/НД_для_обучения/Исследования/2.25.175903805423871105435148927871625232853/series_001_2_CR/A2507159447 DXA/CR DXA/CR000001.dcm,2.25.175903805423871105435148927871625232853,right
/home/user/workspace/dataset_extracted/Датасет/НД_для_обучения/Исследования/2.25.175903805423871105435148927871625232853/series_001_2_CR/A2507159447 DXA/CR DXA/CR000002.dcm,2.25.175903805423871105435148927871625232853,left
/home/user/workspace/dataset_extracted/Датасет/НД_для_обучения/Исследования/2.25.17706555930735581384953296958427669848/series_004_3_CR/A2504146513 DXA/CR DXA/CR000000.dcm,2.25.17706555930735581384953296958427669848,left
/home/user/workspace/dataset_extracted/Датасет/НД_для_обучения/Исследования/2.25.17706555930735581384953296958427669848/series_004_3_CR/A2504146513 DXA/CR DXA/CR000003.dcm,2.25.17706555930735581384953296958427669848,right
/home/user/workspace/dataset_extracted/Датасет/НД_для_обучения/Исследования/2.25.17706555930735581384953296958427669848/series_004_3_CR/A2504146513 DXA/CR DXA/CR000004.dcm,2.25.17706555930735581384953296958427669848,right
/home/user/workspace/dataset_extracted/Датасет/НД_для_обучения/Исследования/2.25.17706555930735581384953296958427669848/series_004_3_CR/A2504146513 DXA/CR DXA/CR000005.dcm,2.25.17706555930735581384953296958427669848,left
/home/user/workspace/dataset_extracted/Датасет/НД_для_обучения/Исследования/2.25.177745077805190810016231350557005569203/series_002_2_CR/A2504273759 DXA/CR DXA/CR000000.dcm,2.25.177745077805190810016231350557005569203,left
/home/user/workspace/dataset_extracted/Датасет/НД_для_обучения/Исследования/2.25.177745077805190810016231350557005569203/series_002_2_CR/A2504273759 DXA/CR DXA/CR000003.dcm,2.25.177745077805190810016231350557005569203,left
/home/user/workspace/dataset_extracted/Датасет/НД_для_обучения/Исследования/2.25.177745077805190810016231350557005569203/series_002_2_CR/A2504273759 DXA/CR DXA/CR000004.dcm,2.25.177745077805190810016231350557005569203,right
/home/user/workspace/dataset_extracted/Датасет/НД_для_обучения/Исследования/2.25.177745077805190810016231350557005569203/series_002_2_CR/A2504273759 DXA/CR DXA/CR000005.dcm,2.25.177745077805190810016231350557005569203,right
/home/user/workspace/dataset_extracted/Датасет/НД_для_обучения/Исследования/2.25.181196659018348153828200695057897449628/series_004_2_CR/A2507370620 DXA/CR DXA/CR000000.dcm,2.25.181196659018348153828200695057897449628,left
/home/user/workspace/dataset_extracted/Датасет/НД_для_обучения/Исследования/2.25.181196659018348153828200695057897449628/series_004_2_CR/A2507370620 DXA/CR DXA/CR000001.dcm,2.25.181196659018348153828200695057897449628,right
/home/user/workspace/dataset_extracted/Датасет/НД_для_обучения/Исследования/2.25.181196659018348153828200695057897449628/series_004_2_CR/A2507370620 DXA/CR DXA/CR000004.dcm,2.25.181196659018348153828200695057897449628,right
/home/user/workspace/dataset_extracted/Датасет/НД_для_обучения/Исследования/2.25.181196659018348153828200695057897449628/series_004_2_CR/A2507370620 DXA/CR DXA/CR000005.dcm,2.25.181196659018348153828200695057897449628,right
/home/user/workspace/dataset_extracted/Датасет/НД_для_обучения/Исследования/2.25.181196659018348153828200695057897449628/series_004_2_CR/A2507370620 DXA/CR DXA/CR000006.dcm,2.25.181196659018348153828200695057897449628,left
/home/user/workspace/dataset_extracted/Датасет/НД_для_обучения/Исследования/2.25.181196659018348153828200695057897449628/series_004_2_CR/A2507370620 DXA/CR DXA/CR000007.dcm,2.25.181196659018348153828200695057897449628,left
/home/user/workspace/dataset_extracted/Датасет/НД_для_обучения/Исследования/2.25.181196659018348153828200695057897449628/series_004_2_CR/A2507370620 DXA/CR DXA/CR000008.dcm,2.25.181196659018348153828200695057897449628,left
/home/user/workspace/dataset_extracted/Датасет/НД_для_обучения/Исследования/2.25.181196659018348153828200695057897449628/series_004_2_CR/A2507370620 DXA/CR DXA/CR000009.dcm,2.25.181196659018348153828200695057897449628,right
/home/user/workspace/dataset_extracted/Датасет/НД_для_обучения/Исследования/2.25.181196659018348153828200695057897449628/series_004_2_CR/A2507370620 DXA/CR DXA/CR000010.dcm,2.25.181196659018348153828200695057897449628,left
/home/user/workspace/dataset_extracted/Датасет/НД_для_обучения/Исследования/2.25.181196659018348153828200695057897449628/series_004_2_CR/A2507370620 DXA/CR DXA/CR000012.dcm,2.25.181196659018348153828200695057897449628,right
/home/user/workspace/dataset_extracted/Датасет/НД_для_обучения/Исследования/2.25.184198356665635336833172191504278054074/series_004_2_CR/A250788286 DXA/CR DXA/CR000001.dcm,2.25.184198356665635336833172191504278054074,left
/home/user/workspace/dataset_extracted/Датасет/НД_для_обучения/Исследования/2.25.184198356665635336833172191504278054074/series_004_2_CR/A250788286 DXA/CR DXA/CR000002.dcm,2.25.184198356665635336833172191504278054074,right
/home/user/workspace/dataset_extracted/Датасет/НД_для_обучения/Исследования/2.25.186201010600484120326273381077449377115/series_004_2_CR/A250777475 DXA/CR DXA/CR000000.dcm,2.25.186201010600484120326273381077449377115,left
/home/user/workspace/dataset_extracted/Датасет/НД_для_обучения/Исследования/2.25.186201010600484120326273381077449377115/series_004_2_CR/A250777475 DXA/CR DXA/CR000001.dcm,2.25.186201010600484120326273381077449377115,left
/home/user/workspace/dataset_extracted/Датасет/НД_для_обучения/Исследования/2.25.186201010600484120326273381077449377115/series_004_2_CR/A250777475 DXA/CR DXA/CR000002.dcm,2.25.186201010600484120326273381077449377115,right
/home/user/workspace/dataset_extracted/Датасет/НД_для_обучения/Исследования/2.25.186201010600484120326273381077449377115/series_004_2_CR/A250777475 DXA/CR DXA/CR000003.dcm,2.25.186201010600484120326273381077449377115,right
/home/user/workspace/dataset_extracted/Датасет/НД_для_обучения/Исследования/2.25.186201010600484120326273381077449377115/series_004_2_CR/A250777475 DXA/CR DXA/CR000004.dcm,2.25.186201010600484120326273381077449377115,left
/home/user/workspace/dataset_extracted/Датасет/НД_для_обучения/Исследования/2.25.186201010600484120326273381077449377115/series_004_2_CR/A250777475 DXA/CR DXA/CR000005.dcm,2.25.186201010600484120326273381077449377115,right
/home/user/workspace/dataset_extracted/Датасет/НД_для_обучения/Исследования/2.25.186201010600484120326273381077449377115/series_004_2_CR/A250777475 DXA/CR DXA/CR000006.dcm,2.25.186201010600484120326273381077449377115,right
/home/user/workspace/dataset_extracted/Датасет/НД_для_обучения/Исследования/2.25.186201010600484120326273381077449377115/series_004_2_CR/A250777475 DXA/CR DXA/CR000008.dcm,2.25.186201010600484120326273381077449377115,left
/home/user/workspace/dataset_extracted/Датасет/НД_для_обучения/Исследования/2.25.186201010600484120326273381077449377115/series_004_2_CR/A250777475 DXA/CR DXA/CR000009.dcm,2.25.186201010600484120326273381077449377115,left
/home/user/workspace/dataset_extracted/Датасет/НД_для_обучения/Исследования/2.25.190331309633057244929837507901317950031/series_001_2_CR/A250791815 DXA/CR DXA/CR000000.dcm,2.25.190331309633057244929837507901317950031,left
/home/user/workspace/dataset_extracted/Датасет/НД_для_обучения/Исследования/2.25.190331309633057244929837507901317950031/series_001_2_CR/A250791815 DXA/CR DXA/CR000001.dcm,2.25.190331309633057244929837507901317950031,left
/home/user/workspace/dataset_extracted/Датасет/НД_для_обучения/Исследования/2.25.190331309633057244929837507901317950031/series_001_2_CR/A250791815 DXA/CR DXA/CR000002.dcm,2.25.190331309633057244929837507901317950031,left
/home/user/workspace/dataset_extracted/Датасет/НД_для_обучения/Исследования/2.25.190331309633057244929837507901317950031/series_001_2_CR/A250791815 DXA/CR DXA/CR000004.dcm,2.25.190331309633057244929837507901317950031,right
/home/user/workspace/dataset_extracted/Датасет/НД_для_обучения/Исследования/2.25.190331309633057244929837507901317950031/series_001_2_CR/A250791815 DXA/CR DXA/CR000006.dcm,2.25.190331309633057244929837507901317950031,right
/home/user/workspace/dataset_extracted/Датасет/НД_для_обучения/Исследования/2.25.190331309633057244929837507901317950031/series_001_2_CR/A250791815 DXA/CR DXA/CR000007.dcm,2.25.190331309633057244929837507901317950031,right
/home/user/workspace/dataset_extracted/Датасет/НД_для_обучения/Исследования/2.25.190331309633057244929837507901317950031/series_001_2_CR/A250791815 DXA/CR DXA/CR000009.dcm,2.25.190331309633057244929837507901317950031,left
/home/user/workspace/dataset_extracted/Датасет/НД_для_обучения/Исследования/2.25.190331309633057244929837507901317950031/series_001_2_CR/A250791815 DXA/CR DXA/CR000010.dcm,2.25.190331309633057244929837507901317950031,right
/home/user/workspace/dataset_extracted/Датасет/НД_для_обучения/Исследования/2.25.190807933410234695931591553323782771995/series_002_3_CR/A250762254 DXA/CR DXA/CR000001.dcm,2.25.190807933410234695931591553323782771995,left
/home/user/workspace/dataset_extracted/Датасет/НД_для_обучения/Исследования/2.25.215177279960644564778148238928738915103/series_002_2_CR/A2504147013 DXA/CR DXA/CR000000.dcm,2.25.215177279960644564778148238928738915103,left
/home/user/workspace/dataset_extracted/Датасет/НД_для_обучения/Исследования/2.25.215177279960644564778148238928738915103/series_002_2_CR/A2504147013 DXA/CR DXA/CR000002.dcm,2.25.215177279960644564778148238928738915103,right
/home/user/workspace/dataset_extracted/Датасет/НД_для_обучения/Исследования/2.25.215177279960644564778148238928738915103/series_002_2_CR/A2504147013 DXA/CR DXA/CR000003.dcm,2.25.215177279960644564778148238928738915103,left
/home/user/workspace/dataset_extracted/Датасет/НД_для_обучения/Исследования/2.25.217397325224876728316360420804118329081/series_002_2_CR/A250474631 DXA/CR DXA/CR000000.dcm,2.25.217397325224876728316360420804118329081,left
/home/user/workspace/dataset_extracted/Датасет/НД_для_обучения/Исследования/2.25.217397325224876728316360420804118329081/series_002_2_CR/A250474631 DXA/CR DXA/CR000001.dcm,2.25.217397325224876728316360420804118329081,right
/home/user/workspace/dataset_extracted/Датасет/НД_для_обучения/Исследования/2.25.217397325224876728316360420804118329081/series_002_2_CR/A250474631 DXA/CR DXA/CR000003.dcm,2.25.217397325224876728316360420804118329081,right
/home/user/workspace/dataset_extracted/Датасет/НД_для_обучения/Исследования/2.25.217397325224876728316360420804118329081/series_002_2_CR/A250474631 DXA/CR DXA/CR000006.dcm,2.25.217397325224876728316360420804118329081,left
/home/user/workspace/dataset_extracted/Датасет/НД_для_обучения/Исследования/2.25.217397325224876728316360420804118329081/series_002_2_CR/A250474631 DXA/CR DXA/CR000007.dcm,2.25.217397325224876728316360420804118329081,left
/home/user/workspace/dataset_extracted/Датасет/НД_для_обучения/Исследования/2.25.217397325224876728316360420804118329081/series_002_2_CR/A250474631 DXA/CR DXA/CR000008.dcm,2.25.217397325224876728316360420804118329081,right
/home/user/workspace/dataset_extracted/Датасет/НД_для_обучения/Исследования/2.25.217397325224876728316360420804118329081/series_002_2_CR/A250474631 DXA/CR DXA/CR000009.dcm,2.25.217397325224876728316360420804118329081,left
/home/user/workspace/dataset_extracted/Датасет/НД_для_обучения/Исследования/2.25.217397325224876728316360420804118329081/series_002_2_CR/A250474631 DXA/CR DXA/CR000010.dcm,2.25.217397325224876728316360420804118329081,right
/home/user/workspace/dataset_extracted/Датасет/НД_для_обучения/Исследования/2.25.234651502352368356456298825489565282446/series_002_2_CR/A2504307193 DXA/CR DXA/CR000000.dcm,2.25.234651502352368356456298825489565282446,right
/home/user/workspace/dataset_extracted/Датасет/НД_для_обучения/Исследования/2.25.234651502352368356456298825489565282446/series_002_2_CR/A2504307193 DXA/CR DXA/CR000001.dcm,2.25.234651502352368356456298825489565282446,right
/home/user/workspace/dataset_extracted/Датасет/НД_для_обучения/Исследования/2.25.234651502352368356456298825489565282446/series_002_2_CR/A2504307193 DXA/CR DXA/CR000003.dcm,2.25.234651502352368356456298825489565282446,left
/home/user/workspace/dataset_extracted/Датасет/НД_для_обучения/Исследования/2.25.234651502352368356456298825489565282446/series_002_2_CR/A2504307193 DXA/CR DXA/CR000004.dcm,2.25.234651502352368356456298825489565282446,left
/home/user/workspace/dataset_extracted/Датасет/НД_для_обучения/Исследования/2.25.234651502352368356456298825489565282446/series_002_2_CR/A2504307193 DXA/CR DXA/CR000005.dcm,2.25.234651502352368356456298825489565282446,left
/home/user/workspace/dataset_extracted/Датасет/НД_для_обучения/Исследования/2.25.234651502352368356456298825489565282446/series_002_2_CR/A2504307193 DXA/CR DXA/CR000007.dcm,2.25.234651502352368356456298825489565282446,right
/home/user/workspace/dataset_extracted/Датасет/НД_для_обучения/Исследования/2.25.234651502352368356456298825489565282446/series_002_2_CR/A2504307193 DXA/CR DXA/CR000009.dcm,2.25.234651502352368356456298825489565282446,left
/home/user/workspace/dataset_extracted/Датасет/НД_для_обучения/Исследования/2.25.234651502352368356456298825489565282446/series_002_2_CR/A2504307193 DXA/CR DXA/CR000010.dcm,2.25.234651502352368356456298825489565282446,right
/home/user/workspace/dataset_extracted/Датасет/НД_для_обучения/Исследования/2.25.247714038039430659432048101646401574824/series_002_2_CR/A2504238024 DXA Exam/CR DXA Images/CR000000.dcm,2.25.247714038039430659432048101646401574824,left
/home/user/workspace/dataset_extracted/Датасет/НД_для_обучения/Исследования/2.25.247714038039430659432048101646401574824/series_002_2_CR/A2504238024 DXA Exam/CR DXA Images/CR000001.dcm,2.25.247714038039430659432048101646401574824,right
/home/user/workspace/dataset_extracted/Датасет/НД_для_обучения/Исследования/2.25.269648774413746842548908998641183395622/series_001_2_CR/A2504393664 DXA/CR DXA/CR000000.dcm,2.25.269648774413746842548908998641183395622,right
/home/user/workspace/dataset_extracted/Датасет/НД_для_обучения/Исследования/2.25.269648774413746842548908998641183395622/series_001_2_CR/A2504393664 DXA/CR DXA/CR000002.dcm,2.25.269648774413746842548908998641183395622,left
/home/user/workspace/dataset_extracted/Датасет/НД_для_обучения/Исследования/2.25.272690031744216183651627058502316132741/series_002_2_CR/A2504373414 DXA/CR DXA/CR000000.dcm,2.25.272690031744216183651627058502316132741,right
/home/user/workspace/dataset_extracted/Датасет/НД_для_обучения/Исследования/2.25.272690031744216183651627058502316132741/series_002_2_CR/A2504373414 DXA/CR DXA/CR000002.dcm,2.25.272690031744216183651627058502316132741,left
/home/user/workspace/dataset_extracted/Датасет/НД_для_обучения/Исследования/2.25.272690031744216183651627058502316132741/series_002_2_CR/A2504373414 DXA/CR DXA/CR000003.dcm,2.25.272690031744216183651627058502316132741,left
/home/user/workspace/dataset_extracted/Датасет/НД_для_обучения/Исследования/2.25.272690031744216183651627058502316132741/series_002_2_CR/A2504373414 DXA/CR DXA/CR000004.dcm,2.25.272690031744216183651627058502316132741,right
/home/user/workspace/dataset_extracted/Датасет/НД_для_обучения/Исследования/2.25.272690031744216183651627058502316132741/series_002_2_CR/A2504373414 DXA/CR DXA/CR000005.dcm,2.25.272690031744216183651627058502316132741,right
/home/user/workspace/dataset_extracted/Датасет/НД_для_обучения/Исследования/2.25.272690031744216183651627058502316132741/series_002_2_CR/A2504373414 DXA/CR DXA/CR000007.dcm,2.25.272690031744216183651627058502316132741,right
/home/user/workspace/dataset_extracted/Датасет/НД_для_обучения/Исследования/2.25.272690031744216183651627058502316132741/series_002_2_CR/A2504373414 DXA/CR DXA/CR000008.dcm,2.25.272690031744216183651627058502316132741,left
/home/user/workspace/dataset_extracted/Датасет/НД_для_обучения/Исследования/2.25.272690031744216183651627058502316132741/series_002_2_CR/A2504373414 DXA/CR DXA/CR000010.dcm,2.25.272690031744216183651627058502316132741,left
/home/user/workspace/dataset_extracted/Датасет/НД_для_обучения/Исследования/2.25.276415754443998872860614500027519740375/series_002_2_CR/A2504387089 DXA/CR DXA/CR000002.dcm,2.25.276415754443998872860614500027519740375,right
/home/user/workspace/dataset_extracted/Датасет/НД_для_обучения/Исследования/2.25.276415754443998872860614500027519740375/series_002_2_CR/A2504387089 DXA/CR DXA/CR000003.dcm,2.25.276415754443998872860614500027519740375,left
/home/user/workspace/dataset_extracted/Датасет/НД_для_обучения/Исследования/2.25.276415754443998872860614500027519740375/series_002_2_CR/A2504387089 DXA/CR DXA/CR000004.dcm,2.25.276415754443998872860614500027519740375,right
/home/user/workspace/dataset_extracted/Датасет/НД_для_обучения/Исследования/2.25.276415754443998872860614500027519740375/series_002_2_CR/A2504387089 DXA/CR DXA/CR000005.dcm,2.25.276415754443998872860614500027519740375,left
/home/user/workspace/dataset_extracted/Датасет/НД_для_обучения/Исследования/2.25.277752758923974029595977676354128739670/series_002_2_CR/A2504223752 DXA/CR DXA/CR000000.dcm,2.25.277752758923974029595977676354128739670,right
/home/user/workspace/dataset_extracted/Датасет/НД_для_обучения/Исследования/2.25.277752758923974029595977676354128739670/series_002_2_CR/A2504223752 DXA/CR DXA/CR000001.dcm,2.25.277752758923974029595977676354128739670,left
/home/user/workspace/dataset_extracted/Датасет/НД_для_обучения/Исследования/2.25.277752758923974029595977676354128739670/series_002_2_CR/A2504223752 DXA/CR DXA/CR000002.dcm,2.25.277752758923974029595977676354128739670,left
/home/user/workspace/dataset_extracted/Датасет/НД_для_обучения/Исследования/2.25.277752758923974029595977676354128739670/series_002_2_CR/A2504223752 DXA/CR DXA/CR000003.dcm,2.25.277752758923974029595977676354128739670,right
/home/user/workspace/dataset_extracted/Датасет/НД_для_обучения/Исследования/2.25.286999464611662854355201599068538813496/series_003_2_CR/A2504223477 DXA/CR DXA/CR000000.dcm,2.25.286999464611662854355201599068538813496,right
/home/user/workspace/dataset_extracted/Датасет/НД_для_обучения/Исследования/2.25.286999464611662854355201599068538813496/series_003_2_CR/A2504223477 DXA/CR DXA/CR000002.dcm,2.25.286999464611662854355201599068538813496,left
/home/user/workspace/dataset_extracted/Датасет/НД_для_обучения/Исследования/2.25.286999464611662854355201599068538813496/series_003_2_CR/A2504223477 DXA/CR DXA/CR000003.dcm,2.25.286999464611662854355201599068538813496,right
/home/user/workspace/dataset_extracted/Датасет/НД_для_обучения/Исследования/2.25.286999464611662854355201599068538813496/series_003_2_CR/A2504223477 DXA/CR DXA/CR000005.dcm,2.25.286999464611662854355201599068538813496,left
/home/user/workspace/dataset_extracted/Датасет/НД_для_обучения/Исследования/2.25.29638026465755240167985424461715024381/series_004_3_CR/A2504115579 DXA/CR DXA/CR000000.dcm,2.25.29638026465755240167985424461715024381,right
/home/user/workspace/dataset_extracted/Датасет/НД_для_обучения/Исследования/2.25.29638026465755240167985424461715024381/series_004_3_CR/A2504115579 DXA/CR DXA/CR000002.dcm,2.25.29638026465755240167985424461715024381,right
/home/user/workspace/dataset_extracted/Датасет/НД_для_обучения/Исследования/2.25.29638026465755240167985424461715024381/series_004_3_CR/A2504115579 DXA/CR DXA/CR000003.dcm,2.25.29638026465755240167985424461715024381,left
/home/user/workspace/dataset_extracted/Датасет/НД_для_обучения/Исследования/2.25.307021710202910067378603383388989711646/series_004_2_CR/A2504110565 DXA/CR DXA/CR000001.dcm,2.25.307021710202910067378603383388989711646,right
/home/user/workspace/dataset_extracted/Датасет/НД_для_обучения/Исследования/2.25.307021710202910067378603383388989711646/series_004_2_CR/A2504110565 DXA/CR DXA/CR000002.dcm,2.25.307021710202910067378603383388989711646,right
/home/user/workspace/dataset_extracted/Датасет/НД_для_обучения/Исследования/2.25.307021710202910067378603383388989711646/series_004_2_CR/A2504110565 DXA/CR DXA/CR000003.dcm,2.25.307021710202910067378603383388989711646,right
/home/user/workspace/dataset_extracted/Датасет/НД_для_обучения/Исследования/2.25.307021710202910067378603383388989711646/series_004_2_CR/A2504110565 DXA/CR DXA/CR000004.dcm,2.25.307021710202910067378603383388989711646,left
/home/user/workspace/dataset_extracted/Датасет/НД_для_обучения/Исследования/2.25.307021710202910067378603383388989711646/series_004_2_CR/A2504110565 DXA/CR DXA/CR000005.dcm,2.25.307021710202910067378603383388989711646,left
/home/user/workspace/dataset_extracted/Датасет/НД_для_обучения/Исследования/2.25.307021710202910067378603383388989711646/series_004_2_CR/A2504110565 DXA/CR DXA/CR000006.dcm,2.25.307021710202910067378603383388989711646,left
/home/user/workspace/dataset_extracted/Датасет/НД_для_обучения/Исследования/2.25.307021710202910067378603383388989711646/series_004_2_CR/A2504110565 DXA/CR DXA/CR000007.dcm,2.25.307021710202910067378603383388989711646,left
/home/user/workspace/dataset_extracted/Датасет/НД_для_обучения/Исследования/2.25.307021710202910067378603383388989711646/series_004_2_CR/A2504110565 DXA/CR DXA/CR000008.dcm,2.25.307021710202910067378603383388989711646,right
/home/user/workspace/dataset_extracted/Датасет/НД_для_обучения/Исследования/2.25.307021710202910067378603383388989711646/series_004_2_CR/A2504110565 DXA/CR DXA/CR000009.dcm,2.25.307021710202910067378603383388989711646,right
/home/user/workspace/dataset_extracted/Датасет/НД_для_обучения/Исследования/2.25.309085571913348252136520206003694446566/series_002_2_CR/A2504116267 DXA/CR DXA/CR000001.dcm,2.25.309085571913348252136520206003694446566,left
/home/user/workspace/dataset_extracted/Датасет/НД_для_обучения/Исследования/2.25.309085571913348252136520206003694446566/series_002_2_CR/A2504116267 DXA/CR DXA/CR000002.dcm,2.25.309085571913348252136520206003694446566,right
/home/user/workspace/dataset_extracted/Датасет/НД_для_обучения/Исследования/2.25.314147167453134440746270747484612743945/series_002_2_CR/A2504224780 DXA/CR DXA/CR000000.dcm,2.25.314147167453134440746270747484612743945,right
/home/user/workspace/dataset_extracted/Датасет/НД_для_обучения/Исследования/2.25.314147167453134440746270747484612743945/series_002_2_CR/A2504224780 DXA/CR DXA/CR000001.dcm,2.25.314147167453134440746270747484612743945,left
/home/user/workspace/dataset_extracted/Датасет/НД_для_обучения/Исследования/2.25.339027809107632348165171236474821772940/series_001_2_CR/A2504349642 DXA/CR DXA/CR000000.dcm,2.25.339027809107632348165171236474821772940,right
/home/user/workspace/dataset_extracted/Датасет/НД_для_обучения/Исследования/2.25.339027809107632348165171236474821772940/series_001_2_CR/A2504349642 DXA/CR DXA/CR000002.dcm,2.25.339027809107632348165171236474821772940,left
/home/user/workspace/dataset_extracted/Датасет/НД_для_обучения/Исследования/2.25.339027809107632348165171236474821772940/series_001_2_CR/A2504349642 DXA/CR DXA/CR000003.dcm,2.25.339027809107632348165171236474821772940,left
/home/user/workspace/dataset_extracted/Датасет/НД_для_обучения/Исследования/2.25.339027809107632348165171236474821772940/series_001_2_CR/A2504349642 DXA/CR DXA/CR000005.dcm,2.25.339027809107632348165171236474821772940,right
/home/user/workspace/dataset_extracted/Датасет/НД_для_обучения/Исследования/2.25.340839477910528898406207279980417945/series_001_2_CR/A2504224555 DXA Exam/CR DXA Images/CR000000.dcm,2.25.340839477910528898406207279980417945,left
/home/user/workspace/dataset_extracted/Датасет/НД_для_обучения/Исследования/2.25.340839477910528898406207279980417945/series_001_2_CR/A2504224555 DXA Exam/CR DXA Images/CR000001.dcm,2.25.340839477910528898406207279980417945,right
/home/user/workspace/dataset_extracted/Датасет/НД_для_обучения/Исследования/2.25.37515662379281069436632838996073181551/series_001_2_CR/A2504329840 DXA/CR DXA/CR000001.dcm,2.25.37515662379281069436632838996073181551,left
/home/user/workspace/dataset_extracted/Датасет/НД_для_обучения/Исследования/2.25.37515662379281069436632838996073181551/series_001_2_CR/A2504329840 DXA/CR DXA/CR000002.dcm,2.25.37515662379281069436632838996073181551,right
/home/user/workspace/dataset_extracted/Датасет/НД_для_обучения/Исследования/2.25.39068163399801173920284179500049527111/series_002_2_CR/A2504195842 DXA/CR DXA/CR000000.dcm,2.25.39068163399801173920284179500049527111,right
/home/user/workspace/dataset_extracted/Датасет/НД_для_обучения/Исследования/2.25.39068163399801173920284179500049527111/series_002_2_CR/A2504195842 DXA/CR DXA/CR000001.dcm,2.25.39068163399801173920284179500049527111,left
/home/user/workspace/dataset_extracted/Датасет/НД_для_обучения/Исследования/2.25.48906424954135283790354958243772558962/series_001_2_CR/A2504185596 DXA Exam/CR DXA Images/CR000000.dcm,2.25.48906424954135283790354958243772558962,right
/home/user/workspace/dataset_extracted/Датасет/НД_для_обучения/Исследования/2.25.48906424954135283790354958243772558962/series_001_2_CR/A2504185596 DXA Exam/CR DXA Images/CR000001.dcm,2.25.48906424954135283790354958243772558962,left
/home/user/workspace/dataset_extracted/Датасет/НД_для_обучения/Исследования/2.25.52982400970721161435951723390541696819/series_001_2_CR/A2504331065 DXA/CR DXA/CR000000.dcm,2.25.52982400970721161435951723390541696819,right
/home/user/workspace/dataset_extracted/Датасет/НД_для_обучения/Исследования/2.25.52982400970721161435951723390541696819/series_001_2_CR/A2504331065 DXA/CR DXA/CR000001.dcm,2.25.52982400970721161435951723390541696819,left
/home/user/workspace/dataset_extracted/Датасет/НД_для_обучения/Исследования/2.25.52982400970721161435951723390541696819/series_001_2_CR/A2504331065 DXA/CR DXA/CR000003.dcm,2.25.52982400970721161435951723390541696819,right
/home/user/workspace/dataset_extracted/Датасет/НД_для_обучения/Исследования/2.25.52982400970721161435951723390541696819/series_001_2_CR/A2504331065 DXA/CR DXA/CR000005.dcm,2.25.52982400970721161435951723390541696819,left
/home/user/workspace/dataset_extracted/Датасет/НД_для_обучения/Исследования/2.25.52982400970721161435951723390541696819/series_001_2_CR/A2504331065 DXA/CR DXA/CR000006.dcm,2.25.52982400970721161435951723390541696819,right
/home/user/workspace/dataset_extracted/Датасет/НД_для_обучения/Исследования/2.25.52982400970721161435951723390541696819/series_001_2_CR/A2504331065 DXA/CR DXA/CR000007.dcm,2.25.52982400970721161435951723390541696819,left
/home/user/workspace/dataset_extracted/Датасет/НД_для_обучения/Исследования/2.25.65954778282254353457041255543338557112/series_004_3_CR/A2504246289 DXA/CR DXA/CR000000.dcm,2.25.65954778282254353457041255543338557112,right
/home/user/workspace/dataset_extracted/Датасет/НД_для_обучения/Исследования/2.25.65954778282254353457041255543338557112/series_004_3_CR/A2504246289 DXA/CR DXA/CR000001.dcm,2.25.65954778282254353457041255543338557112,left
/home/user/workspace/dataset_extracted/Датасет/НД_для_обучения/Исследования/2.25.66397484472966116002950503539482860450/series_001_2_CR/A2504194637 DXA/CR DXA/CR000000.dcm,2.25.66397484472966116002950503539482860450,left
/home/user/workspace/dataset_extracted/Датасет/НД_для_обучения/Исследования/2.25.66397484472966116002950503539482860450/series_001_2_CR/A2504194637 DXA/CR DXA/CR000001.dcm,2.25.66397484472966116002950503539482860450,left
/home/user/workspace/dataset_extracted/Датасет/НД_для_обучения/Исследования/2.25.66397484472966116002950503539482860450/series_001_2_CR/A2504194637 DXA/CR DXA/CR000002.dcm,2.25.66397484472966116002950503539482860450,left
/home/user/workspace/dataset_extracted/Датасет/НД_для_обучения/Исследования/2.25.66397484472966116002950503539482860450/series_001_2_CR/A2504194637 DXA/CR DXA/CR000003.dcm,2.25.66397484472966116002950503539482860450,right
/home/user/workspace/dataset_extracted/Датасет/НД_для_обучения/Исследования/2.25.66397484472966116002950503539482860450/series_001_2_CR/A2504194637 DXA/CR DXA/CR000005.dcm,2.25.66397484472966116002950503539482860450,left
/home/user/workspace/dataset_extracted/Датасет/НД_для_обучения/Исследования/2.25.66397484472966116002950503539482860450/series_001_2_CR/A2504194637 DXA/CR DXA/CR000006.dcm,2.25.66397484472966116002950503539482860450,right
/home/user/workspace/dataset_extracted/Датасет/НД_для_обучения/Исследования/2.25.66397484472966116002950503539482860450/series_001_2_CR/A2504194637 DXA/CR DXA/CR000007.dcm,2.25.66397484472966116002950503539482860450,right
/home/user/workspace/dataset_extracted/Датасет/НД_для_обучения/Исследования/2.25.66397484472966116002950503539482860450/series_001_2_CR/A2504194637 DXA/CR DXA/CR000010.dcm,2.25.66397484472966116002950503539482860450,right
/home/user/workspace/dataset_extracted/Датасет/НД_для_обучения/Исследования/2.25.73070100851377917031356937075051545239/series_002_2_CR/A2504239110 DXA/CR DXA/CR000000.dcm,2.25.73070100851377917031356937075051545239,left
/home/user/workspace/dataset_extracted/Датасет/НД_для_обучения/Исследования/2.25.73070100851377917031356937075051545239/series_002_2_CR/A2504239110 DXA/CR DXA/CR000001.dcm,2.25.73070100851377917031356937075051545239,right
/home/user/workspace/dataset_extracted/Датасет/НД_для_обучения/Исследования/2.25.73070100851377917031356937075051545239/series_002_2_CR/A2504239110 DXA/CR DXA/CR000004.dcm,2.25.73070100851377917031356937075051545239,left
/home/user/workspace/dataset_extracted/Датасет/НД_для_обучения/Исследования/2.25.73070100851377917031356937075051545239/series_002_2_CR/A2504239110 DXA/CR DXA/CR000005.dcm,2.25.73070100851377917031356937075051545239,right
/home/user/workspace/dataset_extracted/Датасет/НД_для_обучения/Исследования/2.25.76710355977373089612172037086913478687/series_002_3_CR/A2504104830 DXA/CR DXA/CR000000.dcm,2.25.76710355977373089612172037086913478687,right
/home/user/workspace/dataset_extracted/Датасет/НД_для_обучения/Исследования/2.25.76710355977373089612172037086913478687/series_002_3_CR/A2504104830 DXA/CR DXA/CR000002.dcm,2.25.76710355977373089612172037086913478687,left
/home/user/workspace/dataset_extracted/Датасет/НД_для_обучения/Исследования/2.25.78999454687125053757525542837745968726/series_004_3_CR/A2504222617 DXA/CR DXA/CR000000.dcm,2.25.78999454687125053757525542837745968726,left
/home/user/workspace/dataset_extracted/Датасет/НД_для_обучения/Исследования/2.25.78999454687125053757525542837745968726/series_004_3_CR/A2504222617 DXA/CR DXA/CR000001.dcm,2.25.78999454687125053757525542837745968726,right
/home/user/workspace/dataset_extracted/Датасет/НД_для_обучения/Исследования/2.25.82912555346523716720160717883917565880/series_002_2_CR/A2504149480 DXA/CR DXA/CR000000.dcm,2.25.82912555346523716720160717883917565880,left
/home/user/workspace/dataset_extracted/Датасет/НД_для_обучения/Исследования/2.25.82912555346523716720160717883917565880/series_002_2_CR/A2504149480 DXA/CR DXA/CR000002.dcm,2.25.82912555346523716720160717883917565880,right
/home/user/workspace/dataset_extracted/Датасет/НД_для_обучения/Исследования/2.25.82912555346523716720160717883917565880/series_002_2_CR/A2504149480 DXA/CR DXA/CR000003.dcm,2.25.82912555346523716720160717883917565880,left
/home/user/workspace/dataset_extracted/Датасет/НД_для_обучения/Исследования/2.25.82912555346523716720160717883917565880/series_002_2_CR/A2504149480 DXA/CR DXA/CR000004.dcm,2.25.82912555346523716720160717883917565880,right
/home/user/workspace/dataset_extracted/Датасет/НД_для_обучения/Исследования/2.25.87869906212286587478854831452123526595/series_002_2_CR/A250419699 DXA/CR DXA/CR000000.dcm,2.25.87869906212286587478854831452123526595,left
/home/user/workspace/dataset_extracted/Датасет/НД_для_обучения/Исследования/2.25.87869906212286587478854831452123526595/series_002_2_CR/A250419699 DXA/CR DXA/CR000002.dcm,2.25.87869906212286587478854831452123526595,right
/home/user/workspace/dataset_extracted/Датасет/НД_для_обучения/Исследования/2.25.91981043841368764114007975581101713077/series_003_2_CR/A250496619 DXA/CR DXA/CR000000.dcm,2.25.91981043841368764114007975581101713077,left
/home/user/workspace/dataset_extracted/Датасет/НД_для_обучения/Исследования/2.25.91981043841368764114007975581101713077/series_003_2_CR/A250496619 DXA/CR DXA/CR000001.dcm,2.25.91981043841368764114007975581101713077,left
/home/user/workspace/dataset_extracted/Датасет/НД_для_обучения/Исследования/2.25.91981043841368764114007975581101713077/series_003_2_CR/A250496619 DXA/CR DXA/CR000002.dcm,2.25.91981043841368764114007975581101713077,right
/home/user/workspace/dataset_extracted/Датасет/НД_для_обучения/Исследования/2.25.91981043841368764114007975581101713077/series_003_2_CR/A250496619 DXA/CR DXA/CR000003.dcm,2.25.91981043841368764114007975581101713077,left
/home/user/workspace/dataset_extracted/Датасет/НД_для_обучения/Исследования/2.25.91981043841368764114007975581101713077/series_003_2_CR/A250496619 DXA/CR DXA/CR000005.dcm,2.25.91981043841368764114007975581101713077,right
/home/user/workspace/dataset_extracted/Датасет/НД_для_обучения/Исследования/2.25.91981043841368764114007975581101713077/series_003_2_CR/A250496619 DXA/CR DXA/CR000006.dcm,2.25.91981043841368764114007975581101713077,right
/home/user/workspace/dataset_extracted/Датасет/НД_для_обучения/Исследования/2.25.91981043841368764114007975581101713077/series_003_2_CR/A250496619 DXA/CR DXA/CR000007.dcm,2.25.91981043841368764114007975581101713077,right
/home/user/workspace/dataset_extracted/Датасет/НД_для_обучения/Исследования/2.25.91981043841368764114007975581101713077/series_003_2_CR/A250496619 DXA/CR DXA/CR000008.dcm,2.25.91981043841368764114007975581101713077,left
/home/user/workspace/dataset_extracted/Датасет/НД_для_обучения/Исследования/2.25.91981043841368764114007975581101713077/series_003_2_CR/A250496619 DXA/CR DXA/CR000011.dcm,2.25.91981043841368764114007975581101713077,right
