region,repeat,variant,n,f1_sp_pos,nflag_sp_pos,auc_sp_pos,f1_sp_axis,nflag_sp_axis,auc_sp_axis,f1_sp_art,nflag_sp_art,auc_sp_art,macro_region,f1_binary,auc_qprob,auc_raw,n_multi,f1_hip_pos,nflag_hip_pos,auc_hip_pos,f1_hip_roi,nflag_hip_roi,auc_hip_roi
spine,0,base,99,0.7692307692307693,7.0,0.9193548387096774,0.5714285714285714,18.0,0.8747191011235955,0.45,23.0,0.8023672883787661,0.5968864468864469,0.6111111111111112,0.810246679316888,0.8121442125237192,6,,,,,,
spine,0,tie,99,0.7692307692307693,7.0,0.9193548387096774,0.46153846153846156,16.0,0.8747191011235955,0.45,23.0,0.8023672883787661,0.5602564102564103,0.5915492957746479,0.8026565464895635,0.8121442125237192,5,,,,,,
spine,0,excl_base,99,0.6666666666666666,6.0,0.9193548387096774,0.5185185185185185,17.0,0.8747191011235955,0.47368421052631576,21.0,0.8023672883787661,0.5529564652371669,0.6111111111111112,0.810246679316888,0.8121442125237192,3,,,,,,
spine,0,excl_tie,99,0.6666666666666666,6.0,0.9193548387096774,0.46153846153846156,16.0,0.8747191011235955,0.47368421052631576,21.0,0.8023672883787661,0.5339631129104813,0.5915492957746479,0.8026565464895635,0.8121442125237192,3,,,,,,
spine,0,excl_inf_base,99,0.7272727272727273,5.0,0.9193548387096774,0.5185185185185185,17.0,0.8747191011235955,0.4444444444444444,19.0,0.8023672883787661,0.5634118967452301,0.6111111111111112,0.810246679316888,0.8121442125237192,0,,,,,,
spine,0,excl_inf_tie,99,0.7272727272727273,5.0,0.9193548387096774,0.46153846153846156,16.0,0.8747191011235955,0.4444444444444444,19.0,0.8023672883787661,0.5444185444185444,0.5915492957746479,0.8026565464895635,0.8121442125237192,0,,,,,,
spine,1,base,99,0.6,4.0,0.9283154121863799,0.4444444444444444,17.0,0.8438202247191011,0.47619047619047616,25.0,0.8210186513629842,0.5068783068783068,0.5915492957746479,0.7926944971537002,0.8031309297912714,5,,,,,,
spine,1,tie,99,0.6,4.0,0.9283154121863799,0.46153846153846156,16.0,0.8438202247191011,0.47619047619047616,25.0,0.8210186513629842,0.5125763125763125,0.5915492957746479,0.7926944971537002,0.8031309297912714,4,,,,,,
spine,1,excl_base,99,0.6,4.0,0.9283154121863799,0.48,15.0,0.8438202247191011,0.43902439024390244,24.0,0.8210186513629842,0.5063414634146342,0.5915492957746479,0.7926944971537002,0.8031309297912714,2,,,,,,
spine,1,excl_tie,99,0.6,4.0,0.9283154121863799,0.48,15.0,0.8438202247191011,0.43902439024390244,24.0,0.8210186513629842,0.5063414634146342,0.5915492957746479,0.7926944971537002,0.8031309297912714,2,,,,,,
spine,1,excl_inf_base,99,0.6,4.0,0.9283154121863799,0.5217391304347826,13.0,0.8438202247191011,0.45,23.0,0.8210186513629842,0.5239130434782608,0.5915492957746479,0.7926944971537002,0.8031309297912714,0,,,,,,
spine,1,excl_inf_tie,99,0.6666666666666666,3.0,0.9283154121863799,0.5217391304347826,13.0,0.8438202247191011,0.43902439024390244,24.0,0.8210186513629842,0.5424767291151172,0.5915492957746479,0.7926944971537002,0.8031309297912714,0,,,,,,
spine,2,base,80,0.75,4.0,0.924342105263158,0.45454545454545453,13.0,0.8693270735524257,0.5,23.0,0.7807118254879448,0.5681818181818182,0.6779661016949152,0.824,0.7927272727272727,6,,,,,,
spine,2,tie,80,0.75,4.0,0.924342105263158,0.47619047619047616,12.0,0.8693270735524257,0.5142857142857142,22.0,0.7807118254879448,0.5801587301587302,0.6666666666666666,0.8101818181818182,0.7927272727272727,6,,,,,,
spine,2,excl_base,80,0.75,4.0,0.924342105263158,0.47619047619047616,12.0,0.8693270735524257,0.48484848484848486,20.0,0.7807118254879448,0.5703463203463204,0.6779661016949152,0.824,0.7927272727272727,2,,,,,,
spine,2,excl_tie,80,0.75,4.0,0.924342105263158,0.5,11.0,0.8693270735524257,0.5,19.0,0.7807118254879448,0.5833333333333334,0.6666666666666666,0.8101818181818182,0.7927272727272727,2,,,,,,
spine,2,excl_inf_base,80,0.75,4.0,0.924342105263158,0.5263157894736842,10.0,0.8693270735524257,0.48484848484848486,20.0,0.7807118254879448,0.5870547581073896,0.6779661016949152,0.824,0.7927272727272727,0,,,,,,
spine,2,excl_inf_tie,80,0.75,4.0,0.924342105263158,0.5555555555555556,9.0,0.8693270735524257,0.5,19.0,0.7807118254879448,0.6018518518518519,0.6666666666666666,0.8101818181818182,0.7927272727272727,0,,,,,,
spine,3,base,99,0.5454545454545454,5.0,0.9193548387096775,0.46153846153846156,16.0,0.8612359550561798,0.46511627906976744,26.0,0.7682926829268292,0.49070309535425816,0.5714285714285714,0.7732447817836812,0.7803605313092978,7,,,,,,
spine,3,tie,99,0.5454545454545454,5.0,0.9193548387096775,0.48,15.0,0.8612359550561798,0.46511627906976744,26.0,0.7682926829268292,0.4968569415081043,0.5714285714285714,0.7732447817836812,0.7803605313092978,6,,,,,,
spine,3,excl_base,99,0.5454545454545454,5.0,0.9193548387096775,0.45454545454545453,12.0,0.8612359550561798,0.43902439024390244,24.0,0.7682926829268292,0.4796747967479675,0.5714285714285714,0.7732447817836812,0.7803605313092978,1,,,,,,
spine,3,excl_tie,99,0.5454545454545454,5.0,0.9193548387096775,0.45454545454545453,12.0,0.8612359550561798,0.43902439024390244,24.0,0.7682926829268292,0.4796747967479675,0.5714285714285714,0.7732447817836812,0.7803605313092978,1,,,,,,
spine,3,excl_inf_base,99,0.6,4.0,0.9193548387096775,0.45454545454545453,12.0,0.8612359550561798,0.45,23.0,0.7682926829268292,0.5015151515151515,0.5714285714285714,0.7732447817836812,0.7803605313092978,0,,,,,,
spine,3,excl_inf_tie,99,0.6,4.0,0.9193548387096775,0.45454545454545453,12.0,0.8612359550561798,0.45,23.0,0.7682926829268292,0.5015151515151515,0.5714285714285714,0.7732447817836812,0.7803605313092978,0,,,,,,
spine,4,base,99,0.7142857142857143,8.0,0.9408602150537635,0.37037037037037035,17.0,0.854494382022472,0.4444444444444444,28.0,0.8482783357245337,0.5097001763668431,0.5714285714285714,0.8055028462998103,0.8235294117647058,6,,,,,,
spine,4,tie,99,0.6666666666666666,6.0,0.9408602150537635,0.35714285714285715,18.0,0.854494382022472,0.45454545454545453,27.0,0.8482783357245337,0.49278499278499277,0.5675675675675675,0.8026565464895635,0.8235294117647058,7,,,,,,
spine,4,excl_base,99,0.7692307692307693,7.0,0.9408602150537635,0.4166666666666667,14.0,0.854494382022472,0.42857142857142855,25.0,0.8482783357245337,0.5381562881562881,0.5714285714285714,0.8055028462998103,0.8235294117647058,0,,,,,,
spine,4,excl_tie,99,0.7272727272727273,5.0,0.9408602150537635,0.38461538461538464,16.0,0.854494382022472,0.43902439024390244,24.0,0.8482783357245337,0.5169708340440048,0.5675675675675675,0.8026565464895635,0.8235294117647058,2,,,,,,
spine,4,excl_inf_base,99,0.7692307692307693,7.0,0.9408602150537635,0.4166666666666667,14.0,0.854494382022472,0.42857142857142855,25.0,0.8482783357245337,0.5381562881562881,0.5714285714285714,0.8055028462998103,0.8235294117647058,0,,,,,,
spine,4,excl_inf_tie,99,0.7272727272727273,5.0,0.9408602150537635,0.4166666666666667,14.0,0.854494382022472,0.43902439024390244,24.0,0.8482783357245337,0.5276545947277654,0.5675675675675675,0.8026565464895635,0.8235294117647058,0,,,,,,
spine,5,base,99,0.6153846153846154,7.0,0.9408602150537635,0.42857142857142855,18.0,0.8719101123595505,0.46153846153846156,22.0,0.7851506456241033,0.5018315018315018,0.6086956521739131,0.7817836812144213,0.7779886148007591,8,,,,,,
spine,5,tie,99,0.6666666666666666,6.0,0.9408602150537635,0.4444444444444444,17.0,0.8719101123595505,0.46153846153846156,22.0,0.7851506456241033,0.5242165242165243,0.5970149253731343,0.7789373814041746,0.7779886148007591,8,,,,,,
spine,5,excl_base,99,0.6153846153846154,7.0,0.9408602150537635,0.37037037037037035,17.0,0.8719101123595505,0.45714285714285713,18.0,0.7851506456241033,0.4809659476326143,0.6086956521739131,0.7817836812144213,0.7779886148007591,3,,,,,,
spine,5,excl_tie,99,0.6666666666666666,6.0,0.9408602150537635,0.38461538461538464,16.0,0.8719101123595505,0.45714285714285713,18.0,0.7851506456241033,0.5028083028083028,0.5970149253731343,0.7789373814041746,0.7779886148007591,3,,,,,,
spine,5,excl_inf_base,99,0.6666666666666666,6.0,0.9408602150537635,0.4166666666666667,14.0,0.8719101123595505,0.45714285714285713,18.0,0.7851506456241033,0.5134920634920634,0.6086956521739131,0.7817836812144213,0.7779886148007591,0,,,,,,
spine,5,excl_inf_tie,99,0.7272727272727273,5.0,0.9408602150537635,0.43478260869565216,13.0,0.8719101123595505,0.45714285714285713,18.0,0.7851506456241033,0.5397327310370789,0.5970149253731343,0.7789373814041746,0.7779886148007591,0,,,,,,
spine,6,base,99,0.7692307692307693,7.0,0.9453405017921147,0.4,15.0,0.8679775280898877,0.5853658536585366,24.0,0.862625538020086,0.584865540963102,0.6388888888888888,0.8382352941176471,0.8462998102466793,4,,,,,,
spine,6,tie,99,0.7692307692307693,7.0,0.9453405017921147,0.46153846153846156,16.0,0.8679775280898877,0.6,23.0,0.862625538020086,0.6102564102564103,0.647887323943662,0.8415559772296015,0.8462998102466793,5,,,,,,
spine,6,excl_base,99,0.7692307692307693,7.0,0.9453405017921147,0.4,15.0,0.8679775280898877,0.5641025641025641,22.0,0.862625538020086,0.5777777777777778,0.6388888888888888,0.8382352941176471,0.8462998102466793,2,,,,,,
spine,6,excl_tie,99,0.8333333333333334,6.0,0.9453405017921147,0.4,15.0,0.8679775280898877,0.5789473684210527,21.0,0.862625538020086,0.604093567251462,0.647887323943662,0.8415559772296015,0.8462998102466793,1,,,,,,
spine,6,excl_inf_base,99,0.8333333333333334,6.0,0.9453405017921147,0.4166666666666667,14.0,0.8679775280898877,0.5789473684210527,21.0,0.862625538020086,0.6096491228070176,0.6388888888888888,0.8382352941176471,0.8462998102466793,0,,,,,,
spine,6,excl_inf_tie,99,0.9090909090909091,5.0,0.9453405017921147,0.4166666666666667,14.0,0.8679775280898877,0.5789473684210527,21.0,0.862625538020086,0.6349016480595427,0.647887323943662,0.8415559772296015,0.8462998102466793,0,,,,,,
spine,7,base,99,0.5714285714285714,8.0,0.9175627240143369,0.45454545454545453,12.0,0.8803370786516853,0.3684210526315789,21.0,0.7661406025824965,0.46479835953520166,0.5454545454545454,0.7376660341555977,0.7324478178368122,5,,,,,,
spine,7,tie,99,0.6153846153846154,7.0,0.9175627240143369,0.45454545454545453,12.0,0.8803370786516853,0.3684210526315789,21.0,0.7661406025824965,0.4794503741872163,0.5454545454545454,0.7376660341555977,0.7324478178368122,5,,,,,,
spine,7,excl_base,99,0.6153846153846154,7.0,0.9175627240143369,0.47619047619047616,11.0,0.8803370786516853,0.3888888888888889,19.0,0.7661406025824965,0.4934879934879935,0.5454545454545454,0.7376660341555977,0.7324478178368122,1,,,,,,
spine,7,excl_tie,99,0.6666666666666666,6.0,0.9175627240143369,0.45454545454545453,12.0,0.8803370786516853,0.3888888888888889,19.0,0.7661406025824965,0.5033670033670034,0.5454545454545454,0.7376660341555977,0.7324478178368122,2,,,,,,
spine,7,excl_inf_base,99,0.6666666666666666,6.0,0.9175627240143369,0.47619047619047616,11.0,0.8803370786516853,0.4,18.0,0.7661406025824965,0.5142857142857142,0.5454545454545454,0.7376660341555977,0.7324478178368122,0,,,,,,
spine,7,excl_inf_tie,99,0.6666666666666666,6.0,0.9175627240143369,0.47619047619047616,11.0,0.8803370786516853,0.4,18.0,0.7661406025824965,0.5142857142857142,0.5454545454545454,0.7376660341555977,0.7324478178368122,0,,,,,,
spine,8,base,99,0.4444444444444444,3.0,0.9390681003584229,0.4166666666666667,14.0,0.8640449438202247,0.46808510638297873,30.0,0.8425394548063128,0.4430654058313633,0.6,0.8130929791271347,0.8192599620493358,7,,,,,,
spine,8,tie,99,0.4444444444444444,3.0,0.9390681003584229,0.4166666666666667,14.0,0.8640449438202247,0.46808510638297873,30.0,0.8425394548063128,0.4430654058313633,0.6,0.8130929791271347,0.8192599620493358,7,,,,,,
spine,8,excl_base,99,0.4444444444444444,3.0,0.9390681003584229,0.43478260869565216,13.0,0.8640449438202247,0.43478260869565216,29.0,0.8425394548063128,0.4380032206119162,0.6,0.8130929791271347,0.8192599620493358,5,,,,,,
spine,8,excl_tie,99,0.4444444444444444,3.0,0.9390681003584229,0.4166666666666667,14.0,0.8640449438202247,0.43478260869565216,29.0,0.8425394548063128,0.43196457326892107,0.6,0.8130929791271347,0.8192599620493358,6,,,,,,
spine,8,excl_inf_base,99,0.5,2.0,0.9390681003584229,0.5,10.0,0.8640449438202247,0.45454545454545453,27.0,0.8425394548063128,0.48484848484848486,0.6,0.8130929791271347,0.8192599620493358,0,,,,,,
spine,8,excl_inf_tie,99,0.5,2.0,0.9390681003584229,0.5,10.0,0.8640449438202247,0.45454545454545453,27.0,0.8425394548063128,0.48484848484848486,0.6,0.8130929791271347,0.8192599620493358,0,,,,,,
spine,9,base,99,0.6666666666666666,6.0,0.935483870967742,0.34782608695652173,13.0,0.8376404494382023,0.4888888888888889,28.0,0.8217360114777618,0.5011272141706925,0.5945945945945946,0.7993358633776091,0.7851043643263758,4,,,,,,
spine,9,tie,99,0.7272727272727273,5.0,0.935483870967742,0.34782608695652173,13.0,0.8376404494382023,0.4782608695652174,29.0,0.8217360114777618,0.5177865612648221,0.5866666666666667,0.7945920303605313,0.7851043643263758,3,,,,,,
spine,9,excl_base,99,0.7272727272727273,5.0,0.935483870967742,0.36363636363636365,12.0,0.8376404494382023,0.46511627906976744,26.0,0.8217360114777618,0.5186751233262861,0.5945945945945946,0.7993358633776091,0.7851043643263758,0,,,,,,
spine,9,excl_tie,99,0.7272727272727273,5.0,0.935483870967742,0.36363636363636365,12.0,0.8376404494382023,0.45454545454545453,27.0,0.8217360114777618,0.5151515151515151,0.5866666666666667,0.7945920303605313,0.7851043643263758,0,,,,,,
spine,9,excl_inf_base,99,0.7272727272727273,5.0,0.935483870967742,0.36363636363636365,12.0,0.8376404494382023,0.46511627906976744,26.0,0.8217360114777618,0.5186751233262861,0.5945945945945946,0.7993358633776091,0.7851043643263758,0,,,,,,
spine,9,excl_inf_tie,99,0.7272727272727273,5.0,0.935483870967742,0.36363636363636365,12.0,0.8376404494382023,0.45454545454545453,27.0,0.8217360114777618,0.5151515151515151,0.5866666666666667,0.7945920303605313,0.7851043643263758,0,,,,,,
spine,10,base,99,0.5,6.0,0.9516129032258065,0.5454545454545454,12.0,0.9011235955056179,0.4864864864864865,20.0,0.7618364418938307,0.5106470106470106,0.625,0.8135673624288425,0.8192599620493358,4,,,,,,
spine,10,tie,99,0.4,4.0,0.9516129032258065,0.5454545454545454,12.0,0.9011235955056179,0.4864864864864865,20.0,0.7618364418938307,0.4773136773136773,0.6129032258064516,0.8121442125237192,0.8192599620493358,4,,,,,,
spine,10,excl_base,99,0.5,6.0,0.9516129032258065,0.5714285714285714,11.0,0.9011235955056179,0.5,19.0,0.7618364418938307,0.5238095238095238,0.625,0.8135673624288425,0.8192599620493358,2,,,,,,
spine,10,excl_tie,99,0.4,4.0,0.9516129032258065,0.5714285714285714,11.0,0.9011235955056179,0.5,19.0,0.7618364418938307,0.4904761904761905,0.6129032258064516,0.8121442125237192,0.8192599620493358,2,,,,,,
spine,10,excl_inf_base,99,0.5,6.0,0.9516129032258065,0.6,10.0,0.9011235955056179,0.47058823529411764,17.0,0.7618364418938307,0.5235294117647059,0.625,0.8135673624288425,0.8192599620493358,0,,,,,,
spine,10,excl_inf_tie,99,0.4444444444444444,3.0,0.9516129032258065,0.6,10.0,0.9011235955056179,0.45714285714285713,18.0,0.7618364418938307,0.5005291005291005,0.6129032258064516,0.8121442125237192,0.8192599620493358,0,,,,,,
spine,11,base,99,0.7272727272727273,5.0,0.946236559139785,0.5,14.0,0.8685393258426967,0.37209302325581395,26.0,0.7363701578192252,0.533121916842847,0.5294117647058824,0.7504743833017078,0.7675521821631879,8,,,,,,
spine,11,tie,99,0.7272727272727273,5.0,0.946236559139785,0.5217391304347826,13.0,0.8685393258426967,0.37209302325581395,26.0,0.7363701578192252,0.5403682936544413,0.5294117647058824,0.7504743833017078,0.7675521821631879,7,,,,,,
spine,11,excl_base,99,0.7272727272727273,5.0,0.946236559139785,0.5,10.0,0.8685393258426967,0.35,23.0,0.7363701578192252,0.5257575757575758,0.5294117647058824,0.7504743833017078,0.7675521821631879,1,,,,,,
spine,11,excl_tie,99,0.7272727272727273,5.0,0.946236559139785,0.5,10.0,0.8685393258426967,0.35,23.0,0.7363701578192252,0.5257575757575758,0.5294117647058824,0.7504743833017078,0.7675521821631879,1,,,,,,
spine,11,excl_inf_base,99,0.7272727272727273,5.0,0.946236559139785,0.5263157894736842,9.0,0.8685393258426967,0.35,23.0,0.7363701578192252,0.5345295055821372,0.5294117647058824,0.7504743833017078,0.7675521821631879,0,,,,,,
spine,11,excl_inf_tie,99,0.7272727272727273,5.0,0.946236559139785,0.5263157894736842,9.0,0.8685393258426967,0.35,23.0,0.7363701578192252,0.5345295055821372,0.5294117647058824,0.7504743833017078,0.7675521821631879,0,,,,,,
spine,12,base,99,0.6153846153846154,7.0,0.9112903225806452,0.4,10.0,0.8646067415730337,0.5116279069767442,26.0,0.8540172166427547,0.5090041741204532,0.5970149253731343,0.8192599620493358,0.8353889943074003,6,,,,,,
spine,12,tie,99,0.6666666666666666,6.0,0.9112903225806452,0.45454545454545453,12.0,0.8646067415730337,0.5116279069767442,26.0,0.8540172166427547,0.5442800093962884,0.6086956521739131,0.821157495256167,0.8353889943074003,5,,,,,,
spine,12,excl_base,99,0.6666666666666666,6.0,0.9112903225806452,0.47058823529411764,7.0,0.8646067415730337,0.47619047619047616,25.0,0.8540172166427547,0.5378151260504201,0.5970149253731343,0.8192599620493358,0.8353889943074003,1,,,,,,
spine,12,excl_tie,99,0.6666666666666666,6.0,0.9112903225806452,0.5263157894736842,9.0,0.8646067415730337,0.47619047619047616,25.0,0.8540172166427547,0.556390977443609,0.6086956521739131,0.821157495256167,0.8353889943074003,1,,,,,,
spine,12,excl_inf_base,99,0.6666666666666666,6.0,0.9112903225806452,0.5,6.0,0.8646067415730337,0.4878048780487805,24.0,0.8540172166427547,0.551490514905149,0.5970149253731343,0.8192599620493358,0.8353889943074003,0,,,,,,
spine,12,excl_inf_tie,99,0.7272727272727273,5.0,0.9112903225806452,0.5555555555555556,8.0,0.8646067415730337,0.47619047619047616,25.0,0.8540172166427547,0.5863395863395864,0.6086956521739131,0.821157495256167,0.8353889943074003,0,,,,,,
spine,13,base,99,0.6666666666666666,9.0,0.9498207885304659,0.35714285714285715,18.0,0.847191011235955,0.46511627906976744,26.0,0.8084648493543759,0.4963086009597637,0.5945945945945946,0.7898481973434535,0.7860531309297912,9,,,,,,
spine,13,tie,99,0.6666666666666666,9.0,0.9498207885304659,0.35714285714285715,18.0,0.847191011235955,0.46511627906976744,26.0,0.8084648493543759,0.4963086009597637,0.5945945945945946,0.7898481973434535,0.7860531309297912,9,,,,,,
spine,13,excl_base,99,0.7142857142857143,8.0,0.9498207885304659,0.4,15.0,0.847191011235955,0.47619047619047616,25.0,0.8084648493543759,0.5301587301587302,0.5945945945945946,0.7898481973434535,0.7860531309297912,4,,,,,,
spine,13,excl_tie,99,0.7692307692307693,7.0,0.9498207885304659,0.4166666666666667,14.0,0.847191011235955,0.43902439024390244,24.0,0.8084648493543759,0.5416406087137794,0.5945945945945946,0.7898481973434535,0.7860531309297912,1,,,,,,
spine,13,excl_inf_base,99,0.8333333333333334,6.0,0.9498207885304659,0.43478260869565216,13.0,0.847191011235955,0.43902439024390244,24.0,0.8084648493543759,0.569046777424296,0.5945945945945946,0.7898481973434535,0.7860531309297912,0,,,,,,
spine,13,excl_inf_tie,99,0.8333333333333334,6.0,0.9498207885304659,0.43478260869565216,13.0,0.847191011235955,0.43902439024390244,24.0,0.8084648493543759,0.569046777424296,0.5945945945945946,0.7898481973434535,0.7860531309297912,0,,,,,,
spine,14,base,99,0.7692307692307693,7.0,0.9175627240143369,0.4375,22.0,0.8792134831460674,0.4090909090909091,27.0,0.8324964131994261,0.5386072261072261,0.6233766233766234,0.8197343453510436,0.823529411764706,9,,,,,,
spine,14,tie,99,0.7692307692307693,7.0,0.9175627240143369,0.45161290322580644,21.0,0.8792134831460674,0.4090909090909091,27.0,0.8324964131994261,0.543311527182495,0.6052631578947368,0.8111954459203036,0.823529411764706,9,,,,,,
spine,14,excl_base,99,0.7692307692307693,7.0,0.9175627240143369,0.5185185185185185,17.0,0.8792134831460674,0.3902439024390244,24.0,0.8324964131994261,0.5593310633961041,0.6233766233766234,0.8197343453510436,0.823529411764706,1,,,,,,
spine,14,excl_tie,99,0.7692307692307693,7.0,0.9175627240143369,0.5384615384615384,16.0,0.8792134831460674,0.3902439024390244,24.0,0.8324964131994261,0.5659787367104441,0.6052631578947368,0.8111954459203036,0.823529411764706,1,,,,,,
spine,14,excl_inf_base,99,0.8333333333333334,6.0,0.9175627240143369,0.5185185185185185,17.0,0.8792134831460674,0.4,23.0,0.8324964131994261,0.5839506172839507,0.6233766233766234,0.8197343453510436,0.823529411764706,0,,,,,,
spine,14,excl_inf_tie,99,0.8333333333333334,6.0,0.9175627240143369,0.5384615384615384,16.0,0.8792134831460674,0.4,23.0,0.8324964131994261,0.5905982905982906,0.6052631578947368,0.8111954459203036,0.823529411764706,0,,,,,,
spine,15,base,99,0.5714285714285714,8.0,0.942652329749104,0.46153846153846156,16.0,0.8713483146067416,0.43902439024390244,24.0,0.7977044476327116,0.49066380773697843,0.5915492957746479,0.7855787476280834,0.7870018975332068,7,,,,,,
spine,15,tie,99,0.5714285714285714,8.0,0.942652329749104,0.46153846153846156,16.0,0.8713483146067416,0.43902439024390244,24.0,0.7977044476327116,0.49066380773697843,0.5915492957746479,0.7855787476280834,0.7870018975332068,7,,,,,,
spine,15,excl_base,99,0.6153846153846154,7.0,0.942652329749104,0.4166666666666667,14.0,0.8713483146067416,0.4,23.0,0.7977044476327116,0.47735042735042743,0.5915492957746479,0.7855787476280834,0.7870018975332068,3,,,,,,
spine,15,excl_tie,99,0.6153846153846154,7.0,0.942652329749104,0.4166666666666667,14.0,0.8713483146067416,0.4,23.0,0.7977044476327116,0.47735042735042743,0.5915492957746479,0.7855787476280834,0.7870018975332068,3,,,,,,
spine,15,excl_inf_base,99,0.6153846153846154,7.0,0.942652329749104,0.45454545454545453,12.0,0.8713483146067416,0.42105263157894735,21.0,0.7977044476327116,0.4969942338363391,0.5915492957746479,0.7855787476280834,0.7870018975332068,0,,,,,,
spine,15,excl_inf_tie,99,0.6153846153846154,7.0,0.942652329749104,0.45454545454545453,12.0,0.8713483146067416,0.42105263157894735,21.0,0.7977044476327116,0.4969942338363391,0.5915492957746479,0.7855787476280834,0.7870018975332068,0,,,,,,
spine,16,base,99,0.6666666666666666,6.0,0.9453405017921147,0.5,14.0,0.8595505617977528,0.47368421052631576,21.0,0.7916068866571019,0.546783625730994,0.6031746031746031,0.7969639468690701,0.7979127134724857,8,,,,,,
spine,16,tie,99,0.7272727272727273,5.0,0.9453405017921147,0.46153846153846156,16.0,0.8595505617977528,0.47368421052631576,21.0,0.7916068866571019,0.5541651331125015,0.5625,0.784629981024668,0.7979127134724857,8,,,,,,
spine,16,excl_base,99,0.6666666666666666,6.0,0.9453405017921147,0.5217391304347826,13.0,0.8595505617977528,0.4864864864864865,20.0,0.7916068866571019,0.5582974278626452,0.6031746031746031,0.7969639468690701,0.7979127134724857,6,,,,,,
spine,16,excl_tie,99,0.7272727272727273,5.0,0.9453405017921147,0.48,15.0,0.8595505617977528,0.4444444444444444,19.0,0.7916068866571019,0.5505723905723906,0.5625,0.784629981024668,0.7979127134724857,5,,,,,,
spine,16,excl_inf_base,99,0.7272727272727273,5.0,0.9453405017921147,0.6,10.0,0.8595505617977528,0.47058823529411764,17.0,0.7916068866571019,0.5992869875222816,0.6031746031746031,0.7969639468690701,0.7979127134724857,0,,,,,,
spine,16,excl_inf_tie,99,0.8,4.0,0.9453405017921147,0.5454545454545454,12.0,0.8595505617977528,0.47058823529411764,17.0,0.7916068866571019,0.6053475935828877,0.5625,0.784629981024668,0.7979127134724857,0,,,,,,
spine,17,base,99,0.6666666666666666,9.0,0.917562724014337,0.3448275862068966,19.0,0.8584269662921348,0.43902439024390244,24.0,0.7844332855093257,0.4835062143724886,0.6052631578947368,0.8021821631878558,0.8012333965844403,6,,,,,,
spine,17,tie,99,0.6666666666666666,9.0,0.917562724014337,0.35714285714285715,18.0,0.8584269662921348,0.43902439024390244,24.0,0.7844332855093257,0.4876113046844754,0.6133333333333333,0.8045540796963947,0.8012333965844403,6,,,,,,
spine,17,excl_base,99,0.6666666666666666,9.0,0.917562724014337,0.38461538461538464,16.0,0.8584269662921348,0.41025641025641024,22.0,0.7844332855093257,0.4871794871794872,0.6052631578947368,0.8021821631878558,0.8012333965844403,1,,,,,,
spine,17,excl_tie,99,0.6666666666666666,9.0,0.917562724014337,0.4,15.0,0.8584269662921348,0.41025641025641024,22.0,0.7844332855093257,0.49230769230769234,0.6133333333333333,0.8045540796963947,0.8012333965844403,1,,,,,,
spine,17,excl_inf_base,99,0.6666666666666666,9.0,0.917562724014337,0.4,15.0,0.8584269662921348,0.42105263157894735,21.0,0.7844332855093257,0.495906432748538,0.6052631578947368,0.8021821631878558,0.8012333965844403,0,,,,,,
spine,17,excl_inf_tie,99,0.6666666666666666,9.0,0.917562724014337,0.4166666666666667,14.0,0.8584269662921348,0.42105263157894735,21.0,0.7844332855093257,0.5014619883040935,0.6133333333333333,0.8045540796963947,0.8012333965844403,0,,,,,,
spine,18,base,99,0.8333333333333334,6.0,0.9408602150537634,0.4666666666666667,20.0,0.8640449438202247,0.5,23.0,0.7862266857962696,0.6,0.5675675675675675,0.7846299810246679,0.7903225806451613,6,,,,,,
spine,18,tie,99,0.8333333333333334,6.0,0.9408602150537634,0.45161290322580644,21.0,0.8640449438202247,0.46153846153846156,22.0,0.7862266857962696,0.5821615660325338,0.5405405405405406,0.7741935483870968,0.7903225806451613,6,,,,,,
spine,18,excl_base,99,0.8333333333333334,6.0,0.9408602150537634,0.42857142857142855,18.0,0.8640449438202247,0.47368421052631576,21.0,0.7862266857962696,0.5785296574770259,0.5675675675675675,0.7846299810246679,0.7903225806451613,2,,,,,,
spine,18,excl_tie,99,0.8333333333333334,6.0,0.9408602150537634,0.4666666666666667,20.0,0.8640449438202247,0.3888888888888889,19.0,0.7862266857962696,0.562962962962963,0.5405405405405406,0.7741935483870968,0.7903225806451613,2,,,,,,
spine,18,excl_inf_base,99,0.8333333333333334,6.0,0.9408602150537634,0.4444444444444444,17.0,0.8640449438202247,0.4864864864864865,20.0,0.7862266857962696,0.588088088088088,0.5675675675675675,0.7846299810246679,0.7903225806451613,0,,,,,,
spine,18,excl_inf_tie,99,0.8333333333333334,6.0,0.9408602150537634,0.4827586206896552,19.0,0.8640449438202247,0.4,18.0,0.7862266857962696,0.5720306513409962,0.5405405405405406,0.7741935483870968,0.7903225806451613,0,,,,,,
spine,19,base,99,0.5454545454545454,5.0,0.913978494623656,0.43478260869565216,13.0,0.8797752808988765,0.43902439024390244,24.0,0.7934002869440459,0.47308718146469997,0.5074626865671642,0.7632827324478179,0.7979127134724858,5,,,,,,
spine,19,tie,99,0.5454545454545454,5.0,0.913978494623656,0.45454545454545453,12.0,0.8797752808988765,0.45,23.0,0.7934002869440459,0.48333333333333334,0.49230769230769234,0.7637571157495257,0.7979127134724858,5,,,,,,
spine,19,excl_base,99,0.5454545454545454,5.0,0.913978494623656,0.45454545454545453,12.0,0.8797752808988765,0.41025641025641024,22.0,0.7934002869440459,0.47008547008547,0.5074626865671642,0.7632827324478179,0.7979127134724858,2,,,,,,
spine,19,excl_tie,99,0.5454545454545454,5.0,0.913978494623656,0.47619047619047616,11.0,0.8797752808988765,0.42105263157894735,21.0,0.7934002869440459,0.480899217741323,0.49230769230769234,0.7637571157495257,0.7979127134724858,2,,,,,,
spine,19,excl_inf_base,99,0.6,4.0,0.913978494623656,0.47619047619047616,11.0,0.8797752808988765,0.42105263157894735,21.0,0.7934002869440459,0.4990810359231412,0.5074626865671642,0.7632827324478179,0.7979127134724858,0,,,,,,
spine,19,excl_inf_tie,99,0.6,4.0,0.913978494623656,0.5,10.0,0.8797752808988765,0.43243243243243246,20.0,0.7934002869440459,0.5108108108108108,0.49230769230769234,0.7637571157495257,0.7979127134724858,0,,,,,,
hip,0,base,150,,,,,,,,,,0.46518987341772156,0.5348837209302325,0.7829492056388454,0.7775788767061982,3,0.43037974683544306,43.0,0.7344054580896686,0.5,5.0,0.9290709290709291
hip,0,tie,150,,,,,,,,,,0.49067599067599066,0.5,0.7744461848288208,0.7775788767061982,3,0.4358974358974359,42.0,0.7344054580896686,0.5454545454545454,4.0,0.9290709290709291
hip,0,excl_base,150,,,,,,,,,,0.46518987341772156,0.5348837209302325,0.7829492056388454,0.7775788767061982,3,0.43037974683544306,43.0,0.7344054580896686,0.5,5.0,0.9290709290709291
hip,0,excl_tie,150,,,,,,,,,,0.49067599067599066,0.5,0.7744461848288208,0.7775788767061982,3,0.4358974358974359,42.0,0.7344054580896686,0.5454545454545454,4.0,0.9290709290709291
hip,0,excl_inf_base,150,,,,,,,,,,0.4605263157894737,0.5348837209302325,0.7829492056388454,0.7775788767061982,0,0.42105263157894735,40.0,0.7344054580896686,0.5,5.0,0.9290709290709291
hip,0,excl_inf_tie,150,,,,,,,,,,0.4860606060606061,0.5,0.7744461848288208,0.7775788767061982,0,0.4266666666666667,39.0,0.7344054580896686,0.5454545454545454,4.0,0.9290709290709291
hip,1,base,150,,,,,,,,,,0.4,0.5591397849462365,0.7822779145222646,0.7751174759454016,5,0.5,44.0,0.7367202729044834,0.3,13.0,0.8876123876123876
hip,1,tie,150,,,,,,,,,,0.4296351451973195,0.5393258426966292,0.7753412396509286,0.7751174759454016,5,0.5063291139240507,43.0,0.7367202729044834,0.35294117647058826,10.0,0.8876123876123876
hip,1,excl_base,150,,,,,,,,,,0.4,0.5591397849462365,0.7822779145222646,0.7751174759454016,5,0.5,44.0,0.7367202729044834,0.3,13.0,0.8876123876123876
hip,1,excl_tie,150,,,,,,,,,,0.4296351451973195,0.5393258426966292,0.7753412396509286,0.7751174759454016,5,0.5063291139240507,43.0,0.7367202729044834,0.35294117647058826,10.0,0.8876123876123876
hip,1,excl_inf_base,150,,,,,,,,,,0.2893217893217893,0.5591397849462365,0.7822779145222646,0.7751174759454016,0,0.4675324675324675,41.0,0.7367202729044834,0.1111111111111111,11.0,0.8876123876123876
hip,1,excl_inf_tie,150,,,,,,,,,,0.30350877192982456,0.5393258426966292,0.7753412396509286,0.7751174759454016,0,0.47368421052631576,40.0,0.7367202729044834,0.13333333333333333,8.0,0.8876123876123876
hip,2,base,150,,,,,,,,,,0.40635564570655847,0.5416666666666666,0.7654956366077422,0.767061982546431,6,0.45977011494252873,51.0,0.7105263157894737,0.35294117647058826,10.0,0.906093906093906
hip,2,tie,150,,,,,,,,,,0.40902872777017785,0.5473684210526316,0.767061982546431,0.767061982546431,6,0.46511627906976744,50.0,0.7105263157894737,0.35294117647058826,10.0,0.906093906093906
hip,2,excl_base,150,,,,,,,,,,0.42093023255813955,0.5416666666666666,0.7654956366077422,0.767061982546431,3,0.4418604651162791,50.0,0.7105263157894737,0.4,8.0,0.906093906093906
hip,2,excl_tie,150,,,,,,,,,,0.42352941176470593,0.5473684210526316,0.767061982546431,0.767061982546431,3,0.4470588235294118,49.0,0.7105263157894737,0.4,8.0,0.906093906093906
hip,2,excl_inf_base,150,,,,,,,,,,0.41686746987951806,0.5416666666666666,0.7654956366077422,0.767061982546431,0,0.43373493975903615,47.0,0.7105263157894737,0.4,8.0,0.906093906093906
hip,2,excl_inf_tie,150,,,,,,,,,,0.41951219512195126,0.5473684210526316,0.767061982546431,0.767061982546431,0,0.43902439024390244,46.0,0.7105263157894737,0.4,8.0,0.906093906093906
hip,3,base,150,,,,,,,,,,0.4542986425339367,0.5434782608695652,0.7901096442157082,0.79145222644887,4,0.4470588235294118,49.0,0.7351364522417154,0.46153846153846156,6.0,0.8721278721278721
hip,3,tie,150,,,,,,,,,,0.46247654784240155,0.5617977528089888,0.797717610203625,0.79145222644887,4,0.4634146341463415,46.0,0.7351364522417154,0.46153846153846156,6.0,0.8721278721278721
hip,3,excl_base,150,,,,,,,,,,0.4542986425339367,0.5434782608695652,0.7901096442157082,0.79145222644887,4,0.4470588235294118,49.0,0.7351364522417154,0.46153846153846156,6.0,0.8721278721278721
hip,3,excl_tie,150,,,,,,,,,,0.46247654784240155,0.5617977528089888,0.797717610203625,0.79145222644887,4,0.4634146341463415,46.0,0.7351364522417154,0.46153846153846156,6.0,0.8721278721278721
hip,3,excl_inf_base,150,,,,,,,,,,0.41073384446878425,0.5434782608695652,0.7901096442157082,0.79145222644887,0,0.4578313253012048,47.0,0.7351364522417154,0.36363636363636365,4.0,0.8721278721278721
hip,3,excl_inf_tie,150,,,,,,,,,,0.3345679012345679,0.5617977528089888,0.797717610203625,0.79145222644887,0,0.4691358024691358,45.0,0.7351364522417154,0.2,3.0,0.8721278721278721
hip,4,base,150,,,,,,,,,,0.4625,0.5333333333333333,0.7735511300067129,0.7847393152830612,4,0.425,44.0,0.7094298245614036,0.5,9.0,0.9230769230769231
hip,4,tie,150,,,,,,,,,,0.4982142857142857,0.5,0.7639292906690536,0.7847393152830612,4,0.425,44.0,0.7094298245614036,0.5714285714285714,7.0,0.9230769230769231
hip,4,excl_base,150,,,,,,,,,,0.4625,0.5333333333333333,0.7735511300067129,0.7847393152830612,4,0.425,44.0,0.7094298245614036,0.5,9.0,0.9230769230769231
hip,4,excl_tie,150,,,,,,,,,,0.4982142857142857,0.5,0.7639292906690536,0.7847393152830612,4,0.425,44.0,0.7094298245614036,0.5714285714285714,7.0,0.9230769230769231
hip,4,excl_inf_base,150,,,,,,,,,,0.4473684210526316,0.5333333333333333,0.7735511300067129,0.7847393152830612,0,0.39473684210526316,40.0,0.7094298245614036,0.5,9.0,0.9230769230769231
hip,4,excl_inf_tie,150,,,,,,,,,,0.358974358974359,0.5,0.7639292906690536,0.7847393152830612,0,0.38461538461538464,42.0,0.7094298245614036,0.3333333333333333,5.0,0.9230769230769231
hip,5,base,150,,,,,,,,,,0.5451923076923078,0.5517241379310345,0.7863056612217497,0.7860818975162228,4,0.475,44.0,0.7046783625730995,0.6153846153846154,6.0,0.9120879120879121
hip,5,tie,150,,,,,,,,,,0.5481986368062317,0.5581395348837209,0.7883195345714925,0.7860818975162228,4,0.4810126582278481,43.0,0.7046783625730995,0.6153846153846154,6.0,0.9120879120879121
hip,5,excl_base,150,,,,,,,,,,0.5355404089581305,0.5517241379310345,0.7863056612217497,0.7860818975162228,3,0.45569620253164556,43.0,0.7046783625730995,0.6153846153846154,6.0,0.9120879120879121
hip,5,excl_tie,150,,,,,,,,,,0.5284715284715285,0.5581395348837209,0.7883195345714925,0.7860818975162228,2,0.44155844155844154,41.0,0.7046783625730995,0.6153846153846154,6.0,0.9120879120879121
hip,5,excl_inf_base,150,,,,,,,,,,0.5182186234817814,0.5517241379310345,0.7863056612217497,0.7860818975162228,0,0.42105263157894735,40.0,0.7046783625730995,0.6153846153846154,6.0,0.9120879120879121
hip,5,excl_inf_tie,150,,,,,,,,,,0.5210256410256411,0.5581395348837209,0.7883195345714925,0.7860818975162228,0,0.4266666666666667,39.0,0.7046783625730995,0.6153846153846154,6.0,0.9120879120879121
hip,6,base,119,,,,,,,,,,0.47186147186147187,0.64,0.8010204081632653,0.7870748299319728,3,0.5151515151515151,34.0,0.7189295977011495,0.42857142857142855,9.0,0.8666666666666666
hip,6,tie,119,,,,,,,,,,0.47186147186147187,0.64,0.8010204081632653,0.7870748299319728,3,0.5151515151515151,34.0,0.7189295977011495,0.42857142857142855,9.0,0.8666666666666666
hip,6,excl_base,119,,,,,,,,,,0.47186147186147187,0.64,0.8010204081632653,0.7870748299319728,3,0.5151515151515151,34.0,0.7189295977011495,0.42857142857142855,9.0,0.8666666666666666
hip,6,excl_tie,119,,,,,,,,,,0.47186147186147187,0.64,0.8010204081632653,0.7870748299319728,3,0.5151515151515151,34.0,0.7189295977011495,0.42857142857142855,9.0,0.8666666666666666
hip,6,excl_inf_base,119,,,,,,,,,,0.45238095238095233,0.64,0.8010204081632653,0.7870748299319728,0,0.47619047619047616,31.0,0.7189295977011495,0.42857142857142855,9.0,0.8666666666666666
hip,6,excl_inf_tie,119,,,,,,,,,,0.45238095238095233,0.64,0.8010204081632653,0.7870748299319728,0,0.47619047619047616,31.0,0.7189295977011495,0.42857142857142855,9.0,0.8666666666666666
hip,7,base,150,,,,,,,,,,0.4833887043189369,0.5,0.7699709107182815,0.7827254419333184,2,0.3953488372093023,50.0,0.7235623781676412,0.5714285714285714,7.0,0.9180819180819181
hip,7,tie,150,,,,,,,,,,0.4833887043189369,0.5,0.7699709107182815,0.7827254419333184,2,0.3953488372093023,50.0,0.7235623781676412,0.5714285714285714,7.0,0.9180819180819181
hip,7,excl_base,150,,,,,,,,,,0.4833887043189369,0.5,0.7699709107182815,0.7827254419333184,2,0.3953488372093023,50.0,0.7235623781676412,0.5714285714285714,7.0,0.9180819180819181
hip,7,excl_tie,150,,,,,,,,,,0.47394957983193275,0.5,0.7699709107182815,0.7827254419333184,1,0.3764705882352941,49.0,0.7235623781676412,0.5714285714285714,7.0,0.9180819180819181
hip,7,excl_inf_base,150,,,,,,,,,,0.47619047619047616,0.5,0.7699709107182815,0.7827254419333184,0,0.38095238095238093,48.0,0.7235623781676412,0.5714285714285714,7.0,0.9180819180819181
hip,7,excl_inf_tie,150,,,,,,,,,,0.47619047619047616,0.5,0.7699709107182815,0.7827254419333184,0,0.38095238095238093,48.0,0.7235623781676412,0.5714285714285714,7.0,0.9180819180819181
hip,8,base,150,,,,,,,,,,0.3779342723004695,0.525,0.7670619825464309,0.7733273663011859,1,0.4225352112676056,35.0,0.7172270955165692,0.3333333333333333,5.0,0.9035964035964036
hip,8,tie,150,,,,,,,,,,0.3779342723004695,0.525,0.7670619825464309,0.7733273663011859,1,0.4225352112676056,35.0,0.7172270955165692,0.3333333333333333,5.0,0.9035964035964036
hip,8,excl_base,150,,,,,,,,,,0.3779342723004695,0.525,0.7670619825464309,0.7733273663011859,1,0.4225352112676056,35.0,0.7172270955165692,0.3333333333333333,5.0,0.9035964035964036
hip,8,excl_tie,150,,,,,,,,,,0.3779342723004695,0.525,0.7670619825464309,0.7733273663011859,1,0.4225352112676056,35.0,0.7172270955165692,0.3333333333333333,5.0,0.9035964035964036
hip,8,excl_inf_base,150,,,,,,,,,,0.38095238095238093,0.525,0.7670619825464309,0.7733273663011859,0,0.42857142857142855,34.0,0.7172270955165692,0.3333333333333333,5.0,0.9035964035964036
hip,8,excl_inf_tie,150,,,,,,,,,,0.38095238095238093,0.525,0.7670619825464309,0.7733273663011859,0,0.42857142857142855,34.0,0.7172270955165692,0.3333333333333333,5.0,0.9035964035964036
hip,9,base,150,,,,,,,,,,0.4992248062015504,0.5161290322580645,0.7543074513313941,0.7592302528529873,6,0.46511627906976744,50.0,0.7285575048732943,0.5333333333333333,8.0,0.9040959040959041
hip,9,tie,150,,,,,,,,,,0.4992248062015504,0.5161290322580645,0.7543074513313941,0.7592302528529873,6,0.46511627906976744,50.0,0.7285575048732943,0.5333333333333333,8.0,0.9040959040959041
hip,9,excl_base,150,,,,,,,,,,0.446843853820598,0.5161290322580645,0.7543074513313941,0.7592302528529873,5,0.46511627906976744,50.0,0.7285575048732943,0.42857142857142855,7.0,0.9040959040959041
hip,9,excl_tie,150,,,,,,,,,,0.446843853820598,0.5161290322580645,0.7543074513313941,0.7592302528529873,5,0.46511627906976744,50.0,0.7285575048732943,0.42857142857142855,7.0,0.9040959040959041
hip,9,excl_inf_base,150,,,,,,,,,,0.45028142589118203,0.5161290322580645,0.7543074513313941,0.7592302528529873,0,0.43902439024390244,46.0,0.7285575048732943,0.46153846153846156,6.0,0.9040959040959041
hip,9,excl_inf_tie,150,,,,,,,,,,0.45028142589118203,0.5161290322580645,0.7543074513313941,0.7592302528529873,0,0.43902439024390244,46.0,0.7285575048732943,0.46153846153846156,6.0,0.9040959040959041
hip,10,base,150,,,,,,,,,,0.49247311827956985,0.54,0.7820541508167376,0.7833967330498993,6,0.45161290322580644,57.0,0.7272173489278753,0.5333333333333333,8.0,0.9315684315684316
hip,10,tie,150,,,,,,,,,,0.49247311827956985,0.54,0.7820541508167376,0.7833967330498993,6,0.45161290322580644,57.0,0.7272173489278753,0.5333333333333333,8.0,0.9315684315684316
hip,10,excl_base,150,,,,,,,,,,0.49247311827956985,0.54,0.7820541508167376,0.7833967330498993,6,0.45161290322580644,57.0,0.7272173489278753,0.5333333333333333,8.0,0.9315684315684316
hip,10,excl_tie,150,,,,,,,,,,0.49247311827956985,0.54,0.7820541508167376,0.7833967330498993,6,0.45161290322580644,57.0,0.7272173489278753,0.5333333333333333,8.0,0.9315684315684316
hip,10,excl_inf_base,150,,,,,,,,,,0.44425237683664653,0.54,0.7820541508167376,0.7833967330498993,0,0.42696629213483145,53.0,0.7272173489278753,0.46153846153846156,6.0,0.9315684315684316
hip,10,excl_inf_tie,150,,,,,,,,,,0.44425237683664653,0.54,0.7820541508167376,0.7833967330498993,0,0.42696629213483145,53.0,0.7272173489278753,0.46153846153846156,6.0,0.9315684315684316
hip,11,base,120,,,,,,,,,,0.44285714285714284,0.6172839506172839,0.8163474692202461,0.7934336525307797,3,0.4857142857142857,40.0,0.714074074074074,0.4,10.0,0.8886956521739131
hip,11,tie,120,,,,,,,,,,0.45714285714285713,0.625,0.8187414500683994,0.7934336525307797,3,0.4857142857142857,40.0,0.714074074074074,0.42857142857142855,9.0,0.8886956521739131
hip,11,excl_base,120,,,,,,,,,,0.45714285714285713,0.6172839506172839,0.8163474692202461,0.7934336525307797,2,0.4857142857142857,40.0,0.714074074074074,0.42857142857142855,9.0,0.8886956521739131
hip,11,excl_tie,120,,,,,,,,,,0.4736263736263736,0.625,0.8187414500683994,0.7934336525307797,2,0.4857142857142857,40.0,0.714074074074074,0.46153846153846156,8.0,0.8886956521739131
hip,11,excl_inf_base,120,,,,,,,,,,0.44957983193277307,0.6172839506172839,0.8163474692202461,0.7934336525307797,0,0.47058823529411764,38.0,0.714074074074074,0.42857142857142855,9.0,0.8886956521739131
hip,11,excl_inf_tie,120,,,,,,,,,,0.4660633484162896,0.625,0.8187414500683994,0.7934336525307797,0,0.47058823529411764,38.0,0.714074074074074,0.46153846153846156,8.0,0.8886956521739131
hip,12,base,150,,,,,,,,,,0.5064935064935064,0.5238095238095238,0.7708659655403893,0.766838218840904,5,0.44155844155844154,41.0,0.7285575048732943,0.5714285714285714,7.0,0.8791208791208791
hip,12,tie,150,,,,,,,,,,0.5284715284715285,0.5238095238095238,0.7708659655403893,0.766838218840904,4,0.44155844155844154,41.0,0.7285575048732943,0.6153846153846154,6.0,0.8791208791208791
hip,12,excl_base,150,,,,,,,,,,0.5284715284715285,0.5238095238095238,0.7708659655403893,0.766838218840904,4,0.44155844155844154,41.0,0.7285575048732943,0.6153846153846154,6.0,0.8791208791208791
hip,12,excl_tie,150,,,,,,,,,,0.5284715284715285,0.5238095238095238,0.7708659655403893,0.766838218840904,4,0.44155844155844154,41.0,0.7285575048732943,0.6153846153846154,6.0,0.8791208791208791
hip,12,excl_inf_base,150,,,,,,,,,,0.5131717597471022,0.5238095238095238,0.7708659655403893,0.766838218840904,0,0.410958904109589,37.0,0.7285575048732943,0.6153846153846154,6.0,0.8791208791208791
hip,12,excl_inf_tie,150,,,,,,,,,,0.5131717597471022,0.5238095238095238,0.7708659655403893,0.766838218840904,0,0.410958904109589,37.0,0.7285575048732943,0.6153846153846154,6.0,0.8791208791208791
hip,13,base,150,,,,,,,,,,0.39019607843137255,0.5434782608695652,0.7885432982770194,0.7979413739091519,3,0.4470588235294118,49.0,0.7663255360623782,0.3333333333333333,5.0,0.8711288711288712
hip,13,tie,150,,,,,,,,,,0.3983739837398374,0.5393258426966292,0.7898858805101813,0.7979413739091519,3,0.4634146341463415,46.0,0.7663255360623782,0.3333333333333333,5.0,0.8711288711288712
hip,13,excl_base,150,,,,,,,,,,0.39019607843137255,0.5434782608695652,0.7885432982770194,0.7979413739091519,3,0.4470588235294118,49.0,0.7663255360623782,0.3333333333333333,5.0,0.8711288711288712
hip,13,excl_tie,150,,,,,,,,,,0.3983739837398374,0.5393258426966292,0.7898858805101813,0.7979413739091519,3,0.4634146341463415,46.0,0.7663255360623782,0.3333333333333333,5.0,0.8711288711288712
hip,13,excl_inf_base,150,,,,,,,,,,0.3861788617886179,0.5434782608695652,0.7885432982770194,0.7979413739091519,0,0.43902439024390244,46.0,0.7663255360623782,0.3333333333333333,5.0,0.8711288711288712
hip,13,excl_inf_tie,150,,,,,,,,,,0.4193181818181818,0.5393258426966292,0.7898858805101813,0.7979413739091519,0,0.475,44.0,0.7663255360623782,0.36363636363636365,4.0,0.8711288711288712
hip,14,base,150,,,,,,,,,,0.4845679012345679,0.5934065934065934,0.8004027746699486,0.779592750055941,4,0.4691358024691358,45.0,0.7390350877192983,0.5,9.0,0.8706293706293706
hip,14,tie,150,,,,,,,,,,0.4845679012345679,0.5934065934065934,0.8004027746699486,0.779592750055941,4,0.4691358024691358,45.0,0.7390350877192983,0.5,9.0,0.8706293706293706
hip,14,excl_base,150,,,,,,,,,,0.42500000000000004,0.5934065934065934,0.8004027746699486,0.779592750055941,2,0.45,44.0,0.7390350877192983,0.4,8.0,0.8706293706293706
hip,14,excl_tie,150,,,,,,,,,,0.42500000000000004,0.5934065934065934,0.8004027746699486,0.779592750055941,2,0.45,44.0,0.7390350877192983,0.4,8.0,0.8706293706293706
hip,14,excl_inf_base,150,,,,,,,,,,0.4307692307692308,0.5934065934065934,0.8004027746699486,0.779592750055941,0,0.46153846153846156,42.0,0.7390350877192983,0.4,8.0,0.8706293706293706
hip,14,excl_inf_tie,150,,,,,,,,,,0.4307692307692308,0.5934065934065934,0.8004027746699486,0.779592750055941,0,0.46153846153846156,42.0,0.7390350877192983,0.4,8.0,0.8706293706293706
hip,15,base,150,,,,,,,,,,0.6394957983193277,0.6304347826086957,0.8362049675542627,0.8080107406578652,5,0.5647058823529412,49.0,0.7970272904483431,0.7142857142857143,7.0,0.9135864135864135
hip,15,tie,150,,,,,,,,,,0.6394957983193277,0.6304347826086957,0.8362049675542627,0.8080107406578652,5,0.5647058823529412,49.0,0.7970272904483431,0.7142857142857143,7.0,0.9135864135864135
hip,15,excl_base,150,,,,,,,,,,0.6309523809523809,0.6304347826086957,0.8362049675542627,0.8080107406578652,4,0.5476190476190477,48.0,0.7970272904483431,0.7142857142857143,7.0,0.9135864135864135
hip,15,excl_tie,150,,,,,,,,,,0.5900452488687783,0.6304347826086957,0.8362049675542627,0.8080107406578652,4,0.5647058823529412,49.0,0.7970272904483431,0.6153846153846154,6.0,0.9135864135864135
hip,15,excl_inf_base,150,,,,,,,,,,0.5792972459639126,0.6304347826086957,0.8362049675542627,0.8080107406578652,0,0.5432098765432098,45.0,0.7970272904483431,0.6153846153846154,6.0,0.9135864135864135
hip,15,excl_inf_tie,150,,,,,,,,,,0.5304878048780488,0.6304347826086957,0.8362049675542627,0.8080107406578652,0,0.5609756097560976,46.0,0.7970272904483431,0.5,5.0,0.9135864135864135
hip,16,base,120,,,,,,,,,,0.4928571428571429,0.5405405405405406,0.7709314969191736,0.7702065965929684,2,0.4857142857142857,41.0,0.7514209928003032,0.5,4.0,0.9019396551724138
hip,16,tie,120,,,,,,,,,,0.4818840579710145,0.5205479452054794,0.7647698441464299,0.7702065965929684,2,0.463768115942029,40.0,0.7514209928003032,0.5,4.0,0.9019396551724138
hip,16,excl_base,120,,,,,,,,,,0.4818840579710145,0.5405405405405406,0.7709314969191736,0.7702065965929684,1,0.463768115942029,40.0,0.7514209928003032,0.5,4.0,0.9019396551724138
hip,16,excl_tie,120,,,,,,,,,,0.47058823529411764,0.5205479452054794,0.7647698441464299,0.7702065965929684,1,0.4411764705882353,39.0,0.7514209928003032,0.5,4.0,0.9019396551724138
hip,16,excl_inf_base,120,,,,,,,,,,0.3747412008281573,0.5405405405405406,0.7709314969191736,0.7702065965929684,0,0.463768115942029,40.0,0.7514209928003032,0.2857142857142857,3.0,0.9019396551724138
hip,16,excl_inf_tie,120,,,,,,,,,,0.3634453781512605,0.5205479452054794,0.7647698441464299,0.7702065965929684,0,0.4411764705882353,39.0,0.7514209928003032,0.2857142857142857,3.0,0.9019396551724138
hip,17,base,150,,,,,,,,,,0.48888888888888893,0.5252525252525253,0.7688520921906467,0.7804878048780487,7,0.4222222222222222,54.0,0.7252680311890839,0.5555555555555556,11.0,0.916083916083916
hip,17,tie,150,,,,,,,,,,0.48888888888888893,0.5252525252525253,0.7688520921906467,0.7804878048780487,7,0.4222222222222222,54.0,0.7252680311890839,0.5555555555555556,11.0,0.916083916083916
hip,17,excl_base,150,,,,,,,,,,0.49368686868686873,0.5252525252525253,0.7688520921906467,0.7804878048780487,5,0.4318181818181818,52.0,0.7252680311890839,0.5555555555555556,11.0,0.916083916083916
hip,17,excl_tie,150,,,,,,,,,,0.49368686868686873,0.5252525252525253,0.7688520921906467,0.7804878048780487,5,0.4318181818181818,52.0,0.7252680311890839,0.5555555555555556,11.0,0.916083916083916
hip,17,excl_inf_base,150,,,,,,,,,,0.4964985994397759,0.5252525252525253,0.7688520921906467,0.7804878048780487,0,0.40476190476190477,48.0,0.7252680311890839,0.5882352941176471,10.0,0.916083916083916
hip,17,excl_inf_tie,150,,,,,,,,,,0.4964985994397759,0.5252525252525253,0.7688520921906467,0.7804878048780487,0,0.40476190476190477,48.0,0.7252680311890839,0.5882352941176471,10.0,0.916083916083916
hip,18,base,150,,,,,,,,,,0.5650406504065041,0.5494505494505495,0.7925710449765049,0.797941373909152,4,0.4634146341463415,46.0,0.7616959064327485,0.6666666666666666,8.0,0.9310689310689311
hip,18,tie,150,,,,,,,,,,0.5708333333333333,0.5617977528089888,0.7957037368538823,0.797941373909152,4,0.475,44.0,0.7616959064327485,0.6666666666666666,8.0,0.9310689310689311
hip,18,excl_base,150,,,,,,,,,,0.5358649789029536,0.5494505494505495,0.7925710449765049,0.797941373909152,1,0.4050632911392405,43.0,0.7616959064327485,0.6666666666666666,8.0,0.9310689310689311
hip,18,excl_tie,150,,,,,,,,,,0.5411255411255411,0.5617977528089888,0.7957037368538823,0.797941373909152,1,0.4155844155844156,41.0,0.7616959064327485,0.6666666666666666,8.0,0.9310689310689311
hip,18,excl_inf_base,150,,,,,,,,,,0.5384615384615384,0.5494505494505495,0.7925710449765049,0.797941373909152,0,0.41025641025641024,42.0,0.7616959064327485,0.6666666666666666,8.0,0.9310689310689311
hip,18,excl_inf_tie,150,,,,,,,,,,0.5438596491228069,0.5617977528089888,0.7957037368538823,0.797941373909152,0,0.42105263157894735,40.0,0.7616959064327485,0.6666666666666666,8.0,0.9310689310689311
hip,19,base,120,,,,,,,,,,0.4907407407407407,0.6101694915254238,0.7721273291925466,0.7562111801242236,1,0.48148148148148145,26.0,0.7465062111801242,0.5,6.0,0.989406779661017
hip,19,tie,120,,,,,,,,,,0.4907407407407407,0.6101694915254238,0.7721273291925466,0.7562111801242236,1,0.48148148148148145,26.0,0.7465062111801242,0.5,6.0,0.989406779661017
hip,19,excl_base,120,,,,,,,,,,0.4907407407407407,0.6101694915254238,0.7721273291925466,0.7562111801242236,1,0.48148148148148145,26.0,0.7465062111801242,0.5,6.0,0.989406779661017
hip,19,excl_tie,120,,,,,,,,,,0.5264550264550264,0.6101694915254238,0.7721273291925466,0.7562111801242236,0,0.48148148148148145,26.0,0.7465062111801242,0.5714285714285714,5.0,0.989406779661017
hip,19,excl_inf_base,120,,,,,,,,,,0.5264550264550264,0.6101694915254238,0.7721273291925466,0.7562111801242236,0,0.48148148148148145,26.0,0.7465062111801242,0.5714285714285714,5.0,0.989406779661017
hip,19,excl_inf_tie,120,,,,,,,,,,0.5264550264550264,0.6101694915254238,0.7721273291925466,0.7562111801242236,0,0.48148148148148145,26.0,0.7465062111801242,0.5714285714285714,5.0,0.989406779661017
