path,rows,cols,side_detected,side_score,side_ref,side_ref_source,side_from_name,scan_length_mm,edge_distance_mm,bone_area_ratio,study_uid,error
/DS/own_dataset/Исследования/1.2.840.113619.2.110.512719.20250403090444/series_004_3_CR/DXA/CR DXA/CR000001.dcm,235,280,right,0.441,,,,246.75,0.0,0.2114,1.2.643.5.1.13.13.12.2.77.8252.08110703091310150605090907130304,
/DS/own_dataset/Исследования/1.2.840.113619.2.110.512719.20250403090444/series_004_3_CR/DXA/CR DXA/CR000002.dcm,263,280,left,-0.6832,,,,276.15,0.0,0.2206,1.2.643.5.1.13.13.12.2.77.8252.08110703091310150605090907130304,
/DS/own_dataset/Исследования/1.2.840.113619.2.110.512719.20250403090444/series_004_3_CR/DXA/CR DXA/CR000003.dcm,263,280,left,-0.6832,,,,276.15,0.0,0.2206,1.2.643.5.1.13.13.12.2.77.8252.08110703091310150605090907130304,
/DS/own_dataset/Исследования/1.2.840.113619.2.110.512719.20250403090444/series_004_3_CR/DXA/CR DXA/CR000004.dcm,235,280,right,0.441,,,,246.75,0.0,0.2114,1.2.643.5.1.13.13.12.2.77.8252.08110703091310150605090907130304,
/DS/own_dataset/Исследования/1.2.840.113619.2.110.512719.20250403092052/series_003_3_CR/DXA/CR DXA/CR000000.dcm,235,280,right,0.4969,,,,246.75,0.0,0.1724,1.2.643.5.1.13.13.12.2.77.8252.06000805130607060714150602050114,
/DS/own_dataset/Исследования/1.2.840.113619.2.110.512719.20250403092052/series_003_3_CR/DXA/CR DXA/CR000002.dcm,263,280,left,-0.1079,,,,276.15,0.0,0.1784,1.2.643.5.1.13.13.12.2.77.8252.06000805130607060714150602050114,
/DS/own_dataset/Исследования/1.2.840.113619.2.110.512719.20250403092052/series_003_3_CR/DXA/CR DXA/CR000003.dcm,263,280,left,-0.1079,,,,276.15,0.0,0.1784,1.2.643.5.1.13.13.12.2.77.8252.06000805130607060714150602050114,
/DS/own_dataset/Исследования/1.2.840.113619.2.110.512719.20250403092052/series_003_3_CR/DXA/CR DXA/CR000004.dcm,235,280,right,0.4969,,,,246.75,0.0,0.1724,1.2.643.5.1.13.13.12.2.77.8252.06000805130607060714150602050114,
/DS/own_dataset/Исследования/1.2.840.113619.2.110.512719.20250407113211/series_001_2_CR/DXA/CR DXA/CR000000.dcm,263,280,left,-0.4112,,,,276.15,0.0,0.2317,1.2.643.5.1.13.13.12.2.77.8252.02060902040212120608040605100100,
/DS/own_dataset/Исследования/1.2.840.113619.2.110.512719.20250407113211/series_001_2_CR/DXA/CR DXA/CR000001.dcm,265,280,right,0.4227,,,,278.25,0.0,0.2309,1.2.643.5.1.13.13.12.2.77.8252.02060902040212120608040605100100,
/DS/own_dataset/Исследования/1.2.840.113619.2.110.512719.20250407113211/series_001_2_CR/DXA/CR DXA/CR000002.dcm,263,280,left,-0.4112,,,,276.15,0.0,0.2317,1.2.643.5.1.13.13.12.2.77.8252.02060902040212120608040605100100,
/DS/own_dataset/Исследования/1.2.840.113619.2.110.512719.20250407113211/series_001_2_CR/DXA/CR DXA/CR000005.dcm,265,280,right,0.4227,,,,278.25,0.0,0.2309,1.2.643.5.1.13.13.12.2.77.8252.02060902040212120608040605100100,
/DS/own_dataset/Исследования/2.25.10245777060263212829333021434108890537/series_003_2_CR/A2504412435 DXA/CR DXA/CR000000.dcm,291,280,right,1.0807,,,,305.55,0.0,0.2095,1.2.643.5.1.13.13.12.2.77.8252.13060115000811100715140205030915,
/DS/own_dataset/Исследования/2.25.10245777060263212829333021434108890537/series_003_2_CR/A2504412435 DXA/CR DXA/CR000002.dcm,292,280,left,-1.1061,,,,306.6,0.0,0.2104,1.2.643.5.1.13.13.12.2.77.8252.13060115000811100715140205030915,
/DS/own_dataset/Исследования/2.25.102755089973625799055786462646268820450/series_002_2_CR/A2504257770 DXA/CR DXA/CR000000.dcm,235,280,left,-0.25,,,,246.75,0.0,0.1933,1.2.643.5.1.13.13.12.2.77.8252.05091110020805070808081311010412,
/DS/own_dataset/Исследования/2.25.102755089973625799055786462646268820450/series_002_2_CR/A2504257770 DXA/CR DXA/CR000002.dcm,261,280,right,0.3327,,,,274.05,0.0,0.2184,1.2.643.5.1.13.13.12.2.77.8252.05091110020805070808081311010412,
/DS/own_dataset/Исследования/2.25.102755089973625799055786462646268820450/series_002_2_CR/A2504257770 DXA/CR DXA/CR000003.dcm,261,280,right,0.3327,,,,274.05,0.0,0.2184,1.2.643.5.1.13.13.12.2.77.8252.05091110020805070808081311010412,
/DS/own_dataset/Исследования/2.25.102755089973625799055786462646268820450/series_002_2_CR/A2504257770 DXA/CR DXA/CR000005.dcm,235,280,left,-0.25,,,,246.75,0.0,0.1933,1.2.643.5.1.13.13.12.2.77.8252.05091110020805070808081311010412,
/DS/own_dataset/Исследования/2.25.102965897799404973225419898683246248872/series_001_2_CR/A250726353 DXA/CR DXA/CR000000.dcm,235,280,left,-0.3416,,,,246.75,0.0,0.2051,1.2.643.5.1.13.13.12.2.77.8252.02150001030902110114090106081007,
/DS/own_dataset/Исследования/2.25.102965897799404973225419898683246248872/series_001_2_CR/A250726353 DXA/CR DXA/CR000002.dcm,263,280,right,0.4455,,,,276.15,0.0,0.2336,1.2.643.5.1.13.13.12.2.77.8252.02150001030902110114090106081007,
/DS/own_dataset/Исследования/2.25.103868781101960771917584077315578649178/series_001_3_CR/A2507485409 DXA/CR DXA/CR000000.dcm,322,280,left,-0.529,,,,338.1,0.0,0.2114,1.2.643.5.1.13.13.12.2.77.8252.01081208070113050704060608151002,
/DS/own_dataset/Исследования/2.25.103868781101960771917584077315578649178/series_001_3_CR/A2507485409 DXA/CR DXA/CR000001.dcm,320,280,right,0.4122,,,,336.0,0.0,0.1968,1.2.643.5.1.13.13.12.2.77.8252.01081208070113050704060608151002,
/DS/own_dataset/Исследования/2.25.105033841136787477881326326053319223817/series_001_2_CR/A250790559 DXA/CR DXA/CR000002.dcm,265,280,left,-0.444,,,,278.25,0.0,0.2404,1.2.643.5.1.13.13.12.2.77.8252.07010502020008121005080211011503,
/DS/own_dataset/Исследования/2.25.105033841136787477881326326053319223817/series_001_2_CR/A250790559 DXA/CR DXA/CR000003.dcm,237,280,right,0.5114,,,,248.85,0.0,0.1996,1.2.643.5.1.13.13.12.2.77.8252.07010502020008121005080211011503,
/DS/own_dataset/Исследования/2.25.105033841136787477881326326053319223817/series_001_2_CR/A250790559 DXA/CR DXA/CR000004.dcm,237,280,right,0.5114,,,,248.85,0.0,0.1996,1.2.643.5.1.13.13.12.2.77.8252.07010502020008121005080211011503,
/DS/own_dataset/Исследования/2.25.105033841136787477881326326053319223817/series_001_2_CR/A250790559 DXA/CR DXA/CR000005.dcm,265,280,left,-0.444,,,,278.25,0.0,0.2404,1.2.643.5.1.13.13.12.2.77.8252.07010502020008121005080211011503,
/DS/own_dataset/Исследования/2.25.11175860580562939441493697221497597640/series_003_2_CR/A2507431060 DXA/CR DXA/CR000000.dcm,348,280,right,0.8802,,,,365.4,0.0,0.2308,1.2.643.5.1.13.13.12.2.77.8252.01021511080002000006040601030906,
/DS/own_dataset/Исследования/2.25.11175860580562939441493697221497597640/series_003_2_CR/A2507431060 DXA/CR DXA/CR000002.dcm,291,280,left,-0.4724,,,,305.55,0.0,0.2161,1.2.643.5.1.13.13.12.2.77.8252.01021511080002000006040601030906,
/DS/own_dataset/Исследования/2.25.11175860580562939441493697221497597640/series_003_2_CR/A2507431060 DXA/CR DXA/CR000003.dcm,291,280,left,-0.4724,,,,305.55,0.0,0.2161,1.2.643.5.1.13.13.12.2.77.8252.01021511080002000006040601030906,
/DS/own_dataset/Исследования/2.25.11175860580562939441493697221497597640/series_003_2_CR/A2507431060 DXA/CR DXA/CR000005.dcm,348,280,right,0.8802,,,,365.4,0.0,0.2308,1.2.643.5.1.13.13.12.2.77.8252.01021511080002000006040601030906,
/DS/own_dataset/Исследования/2.25.114887542067602662452692698814728642117/series_001_2_CR/A2504131887 DXA/CR DXA/CR000000.dcm,320,280,right,0.7544,,,,336.0,0.0,0.2336,1.2.643.5.1.13.13.12.2.77.8252.12090510061110050103011205010113,
/DS/own_dataset/Исследования/2.25.114887542067602662452692698814728642117/series_001_2_CR/A2504131887 DXA/CR DXA/CR000001.dcm,320,280,left,-0.2601,,,,336.0,0.0,0.2159,1.2.643.5.1.13.13.12.2.77.8252.12090510061110050103011205010113,
/DS/own_dataset/Исследования/2.25.114887542067602662452692698814728642117/series_001_2_CR/A2504131887 DXA/CR DXA/CR000002.dcm,320,280,left,-0.2601,,,,336.0,0.0,0.2159,1.2.643.5.1.13.13.12.2.77.8252.12090510061110050103011205010113,
/DS/own_dataset/Исследования/2.25.114887542067602662452692698814728642117/series_001_2_CR/A2504131887 DXA/CR DXA/CR000003.dcm,320,280,right,0.7544,,,,336.0,0.0,0.2336,1.2.643.5.1.13.13.12.2.77.8252.12090510061110050103011205010113,
/DS/own_dataset/Исследования/2.25.114887542067602662452692698814728642117/series_001_2_CR/A2504131887 DXA/CR DXA/CR000005.dcm,320,280,right,0.7544,,,,336.0,0.0,0.2336,1.2.643.5.1.13.13.12.2.77.8252.12090510061110050103011205010113,
/DS/own_dataset/Исследования/2.25.114887542067602662452692698814728642117/series_001_2_CR/A2504131887 DXA/CR DXA/CR000006.dcm,320,280,left,-0.2601,,,,336.0,0.0,0.2159,1.2.643.5.1.13.13.12.2.77.8252.12090510061110050103011205010113,
/DS/own_dataset/Исследования/2.25.114887542067602662452692698814728642117/series_001_2_CR/A2504131887 DXA/CR DXA/CR000008.dcm,320,280,right,0.7544,,,,336.0,0.0,0.2336,1.2.643.5.1.13.13.12.2.77.8252.12090510061110050103011205010113,
/DS/own_dataset/Исследования/2.25.114887542067602662452692698814728642117/series_001_2_CR/A2504131887 DXA/CR DXA/CR000009.dcm,320,280,left,-0.2601,,,,336.0,0.0,0.2159,1.2.643.5.1.13.13.12.2.77.8252.12090510061110050103011205010113,
/DS/own_dataset/Исследования/2.25.116822802042655971810859435524105064465/series_003_2_CR/A2507273296 DXA/CR DXA/CR000000.dcm,235,280,right,0.8748,,,,246.75,0.0,0.1881,1.2.643.5.1.13.13.12.2.77.8252.09001101031503060803041311070312,
/DS/own_dataset/Исследования/2.25.116822802042655971810859435524105064465/series_003_2_CR/A2507273296 DXA/CR DXA/CR000001.dcm,235,280,left,-1.3074,,,,246.75,0.0,0.173,1.2.643.5.1.13.13.12.2.77.8252.09001101031503060803041311070312,
/DS/own_dataset/Исследования/2.25.122446767306607067205618235949445789306/series_001_2_CR/A2504255080 DXA/CR DXA/CR000000.dcm,207,280,right,0.3858,,,,217.35,0.0,0.1895,1.2.643.5.1.13.13.12.2.77.8252.00101409100812000205071213151011,
/DS/own_dataset/Исследования/2.25.122446767306607067205618235949445789306/series_001_2_CR/A2504255080 DXA/CR DXA/CR000001.dcm,235,280,left,-0.3337,,,,246.75,0.0,0.1981,1.2.643.5.1.13.13.12.2.77.8252.00101409100812000205071213151011,
/DS/own_dataset/Исследования/2.25.122446767306607067205618235949445789306/series_001_2_CR/A2504255080 DXA/CR DXA/CR000003.dcm,207,280,right,0.3858,,,,217.35,0.0,0.1895,1.2.643.5.1.13.13.12.2.77.8252.00101409100812000205071213151011,
/DS/own_dataset/Исследования/2.25.122446767306607067205618235949445789306/series_001_2_CR/A2504255080 DXA/CR DXA/CR000004.dcm,235,280,left,-0.3337,,,,246.75,0.0,0.1981,1.2.643.5.1.13.13.12.2.77.8252.00101409100812000205071213151011,
/DS/own_dataset/Исследования/2.25.124890633326693921702195356152595253940/series_002_2_CR/A2504263153 DXA/CR DXA/CR000001.dcm,261,280,left,-0.7852,,,,274.05,0.0,0.2155,1.2.643.5.1.13.13.12.2.77.8252.04120502090713030002100002030500,
/DS/own_dataset/Исследования/2.25.124890633326693921702195356152595253940/series_002_2_CR/A2504263153 DXA/CR DXA/CR000002.dcm,289,280,right,0.7742,,,,303.45,0.0,0.2503,1.2.643.5.1.13.13.12.2.77.8252.04120502090713030002100002030500,
/DS/own_dataset/Исследования/2.25.126293418391331346694592071563510265596/series_002_3_CR/A2507250865 DXA/CR DXA/CR000000.dcm,291,280,right,0.5737,,,,305.55,0.0,0.2053,1.2.643.5.1.13.13.12.2.77.8252.06000203070703071315151100081515,
/DS/own_dataset/Исследования/2.25.126293418391331346694592071563510265596/series_002_3_CR/A2507250865 DXA/CR DXA/CR000002.dcm,209,280,left,-1.0637,,,,219.45,0.0,0.2526,1.2.643.5.1.13.13.12.2.77.8252.06000203070703071315151100081515,
/DS/own_dataset/Исследования/2.25.127126130998341190348103034690069487890/series_002_2_CR/A250428736 DXA/CR DXA/CR000001.dcm,315,280,left,-0.9829,,,,330.75,0.0,0.2827,1.2.643.5.1.13.13.12.2.77.8252.01100712050309061210070903020211,
/DS/own_dataset/Исследования/2.25.127126130998341190348103034690069487890/series_002_2_CR/A250428736 DXA/CR DXA/CR000002.dcm,315,280,left,-0.9829,,,,330.75,0.0,0.2827,1.2.643.5.1.13.13.12.2.77.8252.01100712050309061210070903020211,
/DS/own_dataset/Исследования/2.25.127126130998341190348103034690069487890/series_002_2_CR/A250428736 DXA/CR DXA/CR000003.dcm,206,280,right,1.1617,,,,216.3,0.0,0.2226,1.2.643.5.1.13.13.12.2.77.8252.01100712050309061210070903020211,
/DS/own_dataset/Исследования/2.25.127126130998341190348103034690069487890/series_002_2_CR/A250428736 DXA/CR DXA/CR000005.dcm,206,280,right,1.1617,,,,216.3,0.0,0.2226,1.2.643.5.1.13.13.12.2.77.8252.01100712050309061210070903020211,
/DS/own_dataset/Исследования/2.25.12798473087614376830819854616447908612/series_002_2_CR/A2507538847 DXA/CR DXA/CR000001.dcm,401,248,left,-1.0478,,,,421.05,0.0,0.2139,1.2.643.5.1.13.13.12.2.77.8252.09130409131001141403120204031509,
/DS/own_dataset/Исследования/2.25.12798473087614376830819854616447908612/series_002_2_CR/A2507538847 DXA/CR DXA/CR000002.dcm,405,248,right,0.4129,,,,425.25,0.0,0.216,1.2.643.5.1.13.13.12.2.77.8252.09130409131001141403120204031509,
/DS/own_dataset/Исследования/2.25.128990540359421489042453547244535073735/series_002_2_CR/A2507388698 DXA/CR DXA/CR000000.dcm,266,280,left,-0.7859,,,,279.3,0.0,0.2414,1.2.643.5.1.13.13.12.2.77.8252.10140103050104100015110907140800,
/DS/own_dataset/Исследования/2.25.128990540359421489042453547244535073735/series_002_2_CR/A2507388698 DXA/CR DXA/CR000002.dcm,266,280,left,-0.7859,,,,279.3,0.0,0.2414,1.2.643.5.1.13.13.12.2.77.8252.10140103050104100015110907140800,
/DS/own_dataset/Исследования/2.25.128990540359421489042453547244535073735/series_002_2_CR/A2507388698 DXA/CR DXA/CR000003.dcm,268,280,right,0.9585,,,,281.4,0.0,0.2303,1.2.643.5.1.13.13.12.2.77.8252.10140103050104100015110907140800,
/DS/own_dataset/Исследования/2.25.128990540359421489042453547244535073735/series_002_2_CR/A2507388698 DXA/CR DXA/CR000005.dcm,268,280,right,0.9585,,,,281.4,0.0,0.2303,1.2.643.5.1.13.13.12.2.77.8252.10140103050104100015110907140800,
/DS/own_dataset/Исследования/2.25.129239680100193368599713239115902740628/series_003_3_CR/A250757345 DXA/CR DXA/CR000000.dcm,320,280,left,-0.5839,,,,336.0,0.0,0.2101,1.2.643.5.1.13.13.12.2.77.8252.08111201111203050510020404121406,
/DS/own_dataset/Исследования/2.25.13069823278093578548407087310307113784/series_003_2_CR/A2507242667 DXA/CR DXA/CR000000.dcm,206,280,left,-0.418,,,,216.3,0.0,0.2384,1.2.643.5.1.13.13.12.2.77.8252.01101508090608101115020806060015,
/DS/own_dataset/Исследования/2.25.13069823278093578548407087310307113784/series_003_2_CR/A2507242667 DXA/CR DXA/CR000002.dcm,180,280,right,0.7408,,,,189.0,0.0,0.2375,1.2.643.5.1.13.13.12.2.77.8252.01101508090608101115020806060015,
/DS/own_dataset/Исследования/2.25.132083163398091874662674590622589534350/series_003_2_CR/A2507386583 DXA Exam/CR DXA Images/CR000000.dcm,346,280,left,-1.0907,,,,363.3,0.0,0.2806,1.2.643.5.1.13.13.12.2.77.8252.00030206020209110205100406021412,
/DS/own_dataset/Исследования/2.25.132083163398091874662674590622589534350/series_003_2_CR/A2507386583 DXA Exam/CR DXA Images/CR000002.dcm,346,280,right,1.1653,,,,363.3,0.0,0.2891,1.2.643.5.1.13.13.12.2.77.8252.00030206020209110205100406021412,
/DS/own_dataset/Исследования/2.25.132272637351979990811754009849547633391/series_003_3_CR/A2504141080 DXA/CR DXA/CR000000.dcm,261,280,left,-0.8423,,,,274.05,0.0,0.2099,1.2.643.5.1.13.13.12.2.77.8252.07060700030806121503030014110206,
/DS/own_dataset/Исследования/2.25.132272637351979990811754009849547633391/series_003_3_CR/A2504141080 DXA/CR DXA/CR000001.dcm,261,280,right,1.0289,,,,274.05,0.0,0.1909,1.2.643.5.1.13.13.12.2.77.8252.07060700030806121503030014110206,
/DS/own_dataset/Исследования/2.25.13325817932854000792938662637654885530/series_002_2_CR/A2507365486 DXA/CR DXA/CR000001.dcm,235,280,left,-0.132,,,,246.75,0.0,0.2302,1.2.643.5.1.13.13.12.2.77.8252.01011312130808040910091102031113,
/DS/own_dataset/Исследования/2.25.13325817932854000792938662637654885530/series_002_2_CR/A2507365486 DXA/CR DXA/CR000002.dcm,235,280,left,-0.132,,,,246.75,0.0,0.2302,1.2.643.5.1.13.13.12.2.77.8252.01011312130808040910091102031113,
/DS/own_dataset/Исследования/2.25.13325817932854000792938662637654885530/series_002_2_CR/A2507365486 DXA/CR DXA/CR000003.dcm,235,280,left,-0.132,,,,246.75,0.0,0.2302,1.2.643.5.1.13.13.12.2.77.8252.01011312130808040910091102031113,
/DS/own_dataset/Исследования/2.25.13325817932854000792938662637654885530/series_002_2_CR/A2507365486 DXA/CR DXA/CR000004.dcm,235,280,left,-0.132,,,,246.75,0.0,0.2302,1.2.643.5.1.13.13.12.2.77.8252.01011312130808040910091102031113,
/DS/own_dataset/Исследования/2.25.13325817932854000792938662637654885530/series_002_2_CR/A2507365486 DXA/CR DXA/CR000005.dcm,233,280,right,0.3345,,,,244.65,0.0,0.246,1.2.643.5.1.13.13.12.2.77.8252.01011312130808040910091102031113,
/DS/own_dataset/Исследования/2.25.13325817932854000792938662637654885530/series_002_2_CR/A2507365486 DXA/CR DXA/CR000006.dcm,233,280,right,0.3345,,,,244.65,0.0,0.246,1.2.643.5.1.13.13.12.2.77.8252.01011312130808040910091102031113,
/DS/own_dataset/Исследования/2.25.13325817932854000792938662637654885530/series_002_2_CR/A2507365486 DXA/CR DXA/CR000007.dcm,235,280,left,-0.132,,,,246.75,0.0,0.2302,1.2.643.5.1.13.13.12.2.77.8252.01011312130808040910091102031113,
/DS/own_dataset/Исследования/2.25.13325817932854000792938662637654885530/series_002_2_CR/A2507365486 DXA/CR DXA/CR000008.dcm,233,280,right,0.3345,,,,244.65,0.0,0.246,1.2.643.5.1.13.13.12.2.77.8252.01011312130808040910091102031113,
/DS/own_dataset/Исследования/2.25.13325817932854000792938662637654885530/series_002_2_CR/A2507365486 DXA/CR DXA/CR000009.dcm,233,280,right,0.3345,,,,244.65,0.0,0.246,1.2.643.5.1.13.13.12.2.77.8252.01011312130808040910091102031113,
/DS/own_dataset/Исследования/2.25.13325817932854000792938662637654885530/series_002_2_CR/A2507365486 DXA/CR DXA/CR000011.dcm,233,280,right,0.3345,,,,244.65,0.0,0.246,1.2.643.5.1.13.13.12.2.77.8252.01011312130808040910091102031113,
/DS/own_dataset/Исследования/2.25.134456506307367483341018281460841912845/series_002_2_CR/A2507120612 DXA/CR DXA/CR000000.dcm,292,280,left,-0.3245,,,,306.6,0.0,0.2429,1.2.643.5.1.13.13.12.2.77.8252.14001106061015010402061009020003,
/DS/own_dataset/Исследования/2.25.134456506307367483341018281460841912845/series_002_2_CR/A2507120612 DXA/CR DXA/CR000002.dcm,291,280,right,0.3894,,,,305.55,0.0,0.2188,1.2.643.5.1.13.13.12.2.77.8252.14001106061015010402061009020003,
/DS/own_dataset/Исследования/2.25.135241889065705954191821710363605596815/series_003_3_CR/A250715060 DXA/CR DXA/CR000000.dcm,263,280,left,-0.5567,,,,276.15,0.0,0.2552,1.2.643.5.1.13.13.12.2.77.8252.02111204140006020215081404050209,
/DS/own_dataset/Исследования/2.25.137344827330550141320158285144101816664/series_003_3_CR/A2507146630 DXA/CR DXA/CR000001.dcm,263,280,left,-0.269,,,,276.15,0.0,0.1886,1.2.643.5.1.13.13.12.2.77.8252.07080911030405120513131308130103,
/DS/own_dataset/Исследования/2.25.137344827330550141320158285144101816664/series_003_3_CR/A2507146630 DXA/CR DXA/CR000002.dcm,235,280,right,0.5004,,,,246.75,0.0,0.2051,1.2.643.5.1.13.13.12.2.77.8252.07080911030405120513131308130103,
/DS/own_dataset/Исследования/2.25.13983650679559142983913935144968795415/series_003_2_CR/A2504335111 DXA/CR DXA/CR000001.dcm,289,280,right,0.2956,,,,303.45,0.0,0.2008,1.2.643.5.1.13.13.12.2.77.8252.04111012020210100809111310020901,
/DS/own_dataset/Исследования/2.25.13983650679559142983913935144968795415/series_003_2_CR/A2504335111 DXA/CR DXA/CR000002.dcm,289,280,left,-0.419,,,,303.45,0.0,0.1942,1.2.643.5.1.13.13.12.2.77.8252.04111012020210100809111310020901,
/DS/own_dataset/Исследования/2.25.13983650679559142983913935144968795415/series_003_2_CR/A2504335111 DXA/CR DXA/CR000004.dcm,289,280,left,-0.419,,,,303.45,0.0,0.1942,1.2.643.5.1.13.13.12.2.77.8252.04111012020210100809111310020901,
/DS/own_dataset/Исследования/2.25.13983650679559142983913935144968795415/series_003_2_CR/A2504335111 DXA/CR DXA/CR000005.dcm,289,280,right,0.2956,,,,303.45,0.0,0.2008,1.2.643.5.1.13.13.12.2.77.8252.04111012020210100809111310020901,
/DS/own_dataset/Исследования/2.25.144941557565802351596730914409170713112/series_001_2_CR/A250728979 DXA/CR DXA/CR000000.dcm,268,280,left,-0.4169,,,,281.4,0.0,0.2264,1.2.643.5.1.13.13.12.2.77.8252.06041008131200110706010301000604,
/DS/own_dataset/Исследования/2.25.144941557565802351596730914409170713112/series_001_2_CR/A250728979 DXA/CR DXA/CR000001.dcm,268,280,left,-0.4169,,,,281.4,0.0,0.2264,1.2.643.5.1.13.13.12.2.77.8252.06041008131200110706010301000604,
/DS/own_dataset/Исследования/2.25.144941557565802351596730914409170713112/series_001_2_CR/A250728979 DXA/CR DXA/CR000002.dcm,268,280,right,0.304,,,,281.4,0.0,0.2161,1.2.643.5.1.13.13.12.2.77.8252.06041008131200110706010301000604,
/DS/own_dataset/Исследования/2.25.144941557565802351596730914409170713112/series_001_2_CR/A250728979 DXA/CR DXA/CR000003.dcm,268,280,right,0.304,,,,281.4,0.0,0.2161,1.2.643.5.1.13.13.12.2.77.8252.06041008131200110706010301000604,
/DS/own_dataset/Исследования/2.25.144941557565802351596730914409170713112/series_001_2_CR/A250728979 DXA/CR DXA/CR000004.dcm,268,280,right,0.304,,,,281.4,0.0,0.2161,1.2.643.5.1.13.13.12.2.77.8252.06041008131200110706010301000604,
/DS/own_dataset/Исследования/2.25.144941557565802351596730914409170713112/series_001_2_CR/A250728979 DXA/CR DXA/CR000005.dcm,268,280,right,0.304,,,,281.4,0.0,0.2161,1.2.643.5.1.13.13.12.2.77.8252.06041008131200110706010301000604,
/DS/own_dataset/Исследования/2.25.144941557565802351596730914409170713112/series_001_2_CR/A250728979 DXA/CR DXA/CR000007.dcm,268,280,left,-0.4169,,,,281.4,0.0,0.2264,1.2.643.5.1.13.13.12.2.77.8252.06041008131200110706010301000604,
/DS/own_dataset/Исследования/2.25.144941557565802351596730914409170713112/series_001_2_CR/A250728979 DXA/CR DXA/CR000010.dcm,268,280,left,-0.4169,,,,281.4,0.0,0.2264,1.2.643.5.1.13.13.12.2.77.8252.06041008131200110706010301000604,
/DS/own_dataset/Исследования/2.25.145848300160680194368420189079847088556/series_002_2_CR/A2504248615 DXA Exam/CR DXA Images/CR000000.dcm,346,280,right,0.5837,,,,363.3,0.0,0.22,1.2.643.5.1.13.13.12.2.77.8252.00020104100613061304040514090111,
/DS/own_dataset/Исследования/2.25.145848300160680194368420189079847088556/series_002_2_CR/A2504248615 DXA Exam/CR DXA Images/CR000001.dcm,344,280,left,-0.5528,,,,361.2,0.0,0.1883,1.2.643.5.1.13.13.12.2.77.8252.00020104100613061304040514090111,
/DS/own_dataset/Исследования/2.25.151186844055172005615813066162721550889/series_002_2_CR/A250436130 DXA/CR DXA/CR000001.dcm,289,280,left,-0.9621,,,,303.45,0.0,0.1841,1.2.643.5.1.13.13.12.2.77.8252.02060202021413001406000512080208,
/DS/own_dataset/Исследования/2.25.151186844055172005615813066162721550889/series_002_2_CR/A250436130 DXA/CR DXA/CR000002.dcm,261,280,right,0.7035,,,,274.05,0.0,0.1864,1.2.643.5.1.13.13.12.2.77.8252.02060202021413001406000512080208,
/DS/own_dataset/Исследования/2.25.156021661584944120526934974594604520993/series_003_2_CR/A2507142228 DXA/CR DXA/CR000001.dcm,261,280,left,-0.377,,,,274.05,0.0,0.2154,1.2.643.5.1.13.13.12.2.77.8252.07100203071411091300120005090303,
/DS/own_dataset/Исследования/2.25.156021661584944120526934974594604520993/series_003_2_CR/A2507142228 DXA/CR DXA/CR000002.dcm,261,280,left,-0.377,,,,274.05,0.0,0.2154,1.2.643.5.1.13.13.12.2.77.8252.07100203071411091300120005090303,
/DS/own_dataset/Исследования/2.25.156021661584944120526934974594604520993/series_003_2_CR/A2507142228 DXA/CR DXA/CR000003.dcm,261,280,right,0.172,,,,274.05,0.0,0.2111,1.2.643.5.1.13.13.12.2.77.8252.07100203071411091300120005090303,
/DS/own_dataset/Исследования/2.25.156021661584944120526934974594604520993/series_003_2_CR/A2507142228 DXA/CR DXA/CR000004.dcm,261,280,right,0.172,,,,274.05,0.0,0.2111,1.2.643.5.1.13.13.12.2.77.8252.07100203071411091300120005090303,
/DS/own_dataset/Исследования/2.25.156021661584944120526934974594604520993/series_003_2_CR/A2507142228 DXA/CR DXA/CR000005.dcm,261,280,right,0.172,,,,274.05,0.0,0.2111,1.2.643.5.1.13.13.12.2.77.8252.07100203071411091300120005090303,
/DS/own_dataset/Исследования/2.25.156021661584944120526934974594604520993/series_003_2_CR/A2507142228 DXA/CR DXA/CR000006.dcm,261,280,left,-0.377,,,,274.05,0.0,0.2154,1.2.643.5.1.13.13.12.2.77.8252.07100203071411091300120005090303,
/DS/own_dataset/Исследования/2.25.156021661584944120526934974594604520993/series_003_2_CR/A2507142228 DXA/CR DXA/CR000007.dcm,261,280,left,-0.377,,,,274.05,0.0,0.2154,1.2.643.5.1.13.13.12.2.77.8252.07100203071411091300120005090303,
/DS/own_dataset/Исследования/2.25.156021661584944120526934974594604520993/series_003_2_CR/A2507142228 DXA/CR DXA/CR000009.dcm,261,280,right,0.172,,,,274.05,0.0,0.2111,1.2.643.5.1.13.13.12.2.77.8252.07100203071411091300120005090303,
/DS/own_dataset/Исследования/2.25.156021661584944120526934974594604520993/series_003_2_CR/A2507142228 DXA/CR DXA/CR000010.dcm,261,280,right,0.172,,,,274.05,0.0,0.2111,1.2.643.5.1.13.13.12.2.77.8252.07100203071411091300120005090303,
/DS/own_dataset/Исследования/2.25.156375884487675936513403083218009333856/series_003_2_CR/A250727121 DXA/CR DXA/CR000000.dcm,291,280,left,-0.5023,,,,305.55,0.0,0.2511,1.2.643.5.1.13.13.12.2.77.8252.03010905090814080711141406121501,
/DS/own_dataset/Исследования/2.25.156375884487675936513403083218009333856/series_003_2_CR/A250727121 DXA/CR DXA/CR000002.dcm,291,280,left,-0.5023,,,,305.55,0.0,0.2511,1.2.643.5.1.13.13.12.2.77.8252.03010905090814080711141406121501,
/DS/own_dataset/Исследования/2.25.156375884487675936513403083218009333856/series_003_2_CR/A250727121 DXA/CR DXA/CR000004.dcm,291,280,right,1.0204,,,,305.55,0.0,0.2739,1.2.643.5.1.13.13.12.2.77.8252.03010905090814080711141406121501,
/DS/own_dataset/Исследования/2.25.156375884487675936513403083218009333856/series_003_2_CR/A250727121 DXA/CR DXA/CR000005.dcm,291,280,left,-0.5023,,,,305.55,0.0,0.2511,1.2.643.5.1.13.13.12.2.77.8252.03010905090814080711141406121501,
/DS/own_dataset/Исследования/2.25.156375884487675936513403083218009333856/series_003_2_CR/A250727121 DXA/CR DXA/CR000006.dcm,291,280,left,-0.5023,,,,305.55,0.0,0.2511,1.2.643.5.1.13.13.12.2.77.8252.03010905090814080711141406121501,
/DS/own_dataset/Исследования/2.25.156375884487675936513403083218009333856/series_003_2_CR/A250727121 DXA/CR DXA/CR000007.dcm,291,280,right,1.0204,,,,305.55,0.0,0.2739,1.2.643.5.1.13.13.12.2.77.8252.03010905090814080711141406121501,
/DS/own_dataset/Исследования/2.25.156375884487675936513403083218009333856/series_003_2_CR/A250727121 DXA/CR DXA/CR000008.dcm,291,280,right,1.0204,,,,305.55,0.0,0.2739,1.2.643.5.1.13.13.12.2.77.8252.03010905090814080711141406121501,
/DS/own_dataset/Исследования/2.25.156375884487675936513403083218009333856/series_003_2_CR/A250727121 DXA/CR DXA/CR000010.dcm,291,280,left,-0.5023,,,,305.55,0.0,0.2511,1.2.643.5.1.13.13.12.2.77.8252.03010905090814080711141406121501,
/DS/own_dataset/Исследования/2.25.156389075510671877606923458507011517218/series_001_2_CR/A2507389755 DXA/CR DXA/CR000000.dcm,292,280,right,0.8254,,,,306.6,0.0,0.2219,1.2.643.5.1.13.13.12.2.77.8252.14051001011001020103110813110612,
/DS/own_dataset/Исследования/2.25.156389075510671877606923458507011517218/series_001_2_CR/A2507389755 DXA/CR DXA/CR000001.dcm,292,280,left,-0.434,,,,306.6,0.0,0.2369,1.2.643.5.1.13.13.12.2.77.8252.14051001011001020103110813110612,
/DS/own_dataset/Исследования/2.25.156389075510671877606923458507011517218/series_001_2_CR/A2507389755 DXA/CR DXA/CR000004.dcm,292,280,left,-0.434,,,,306.6,0.0,0.2369,1.2.643.5.1.13.13.12.2.77.8252.14051001011001020103110813110612,
/DS/own_dataset/Исследования/2.25.156389075510671877606923458507011517218/series_001_2_CR/A2507389755 DXA/CR DXA/CR000005.dcm,292,280,right,0.8254,,,,306.6,0.0,0.2219,1.2.643.5.1.13.13.12.2.77.8252.14051001011001020103110813110612,
/DS/own_dataset/Исследования/2.25.157462338378550185821790046400986801350/series_001_2_CR/A2507498707 DXA/CR DXA/CR000001.dcm,235,280,right,0.436,,,,246.75,0.0,0.1811,1.2.643.5.1.13.13.12.2.77.8252.04090607151301101110121009081500,
/DS/own_dataset/Исследования/2.25.157462338378550185821790046400986801350/series_001_2_CR/A2507498707 DXA/CR DXA/CR000003.dcm,235,280,left,-0.4693,,,,246.75,0.0,0.186,1.2.643.5.1.13.13.12.2.77.8252.04090607151301101110121009081500,
/DS/own_dataset/Исследования/2.25.157462338378550185821790046400986801350/series_001_2_CR/A2507498707 DXA/CR DXA/CR000004.dcm,235,280,right,0.436,,,,246.75,0.0,0.1811,1.2.643.5.1.13.13.12.2.77.8252.04090607151301101110121009081500,
/DS/own_dataset/Исследования/2.25.157462338378550185821790046400986801350/series_001_2_CR/A2507498707 DXA/CR DXA/CR000005.dcm,235,280,left,-0.4693,,,,246.75,0.0,0.186,1.2.643.5.1.13.13.12.2.77.8252.04090607151301101110121009081500,
/DS/own_dataset/Исследования/2.25.158646777318759504110695916200521633609/series_003_6_CR/A2507266260 DXA/CR DXA/CR000000.dcm,291,280,right,0.6318,,,,305.55,0.0,0.2186,1.2.643.5.1.13.13.12.2.77.8252.10030514041010111403040803061004,
/DS/own_dataset/Исследования/2.25.158646777318759504110695916200521633609/series_003_6_CR/A2507266260 DXA/CR DXA/CR000003.dcm,289,280,left,-0.5258,,,,303.45,0.0,0.2113,1.2.643.5.1.13.13.12.2.77.8252.10030514041010111403040803061004,
/DS/own_dataset/Исследования/2.25.158646777318759504110695916200521633609/series_003_6_CR/A2507266260 DXA/CR DXA/CR000004.dcm,289,280,left,-0.5258,,,,303.45,0.0,0.2113,1.2.643.5.1.13.13.12.2.77.8252.10030514041010111403040803061004,
/DS/own_dataset/Исследования/2.25.158646777318759504110695916200521633609/series_003_6_CR/A2507266260 DXA/CR DXA/CR000005.dcm,291,280,right,0.6318,,,,305.55,0.0,0.2186,1.2.643.5.1.13.13.12.2.77.8252.10030514041010111403040803061004,
/DS/own_dataset/Исследования/2.25.158646777318759504110695916200521633609/series_003_6_CR/A2507266260 DXA/CR DXA/CR000006.dcm,291,280,right,0.6318,,,,305.55,0.0,0.2186,1.2.643.5.1.13.13.12.2.77.8252.10030514041010111403040803061004,
/DS/own_dataset/Исследования/2.25.158646777318759504110695916200521633609/series_003_6_CR/A2507266260 DXA/CR DXA/CR000007.dcm,289,280,left,-0.5258,,,,303.45,0.0,0.2113,1.2.643.5.1.13.13.12.2.77.8252.10030514041010111403040803061004,
/DS/own_dataset/Исследования/2.25.158646777318759504110695916200521633609/series_003_6_CR/A2507266260 DXA/CR DXA/CR000010.dcm,289,280,left,-0.5258,,,,303.45,0.0,0.2113,1.2.643.5.1.13.13.12.2.77.8252.10030514041010111403040803061004,
/DS/own_dataset/Исследования/2.25.158646777318759504110695916200521633609/series_004_2_CR/A2507266260 DXA/CR DXA/CR000001.dcm,291,280,right,0.6318,,,,305.55,0.0,0.2186,1.2.643.5.1.13.13.12.2.77.8252.10030514041010111403040803061004,
/DS/own_dataset/Исследования/2.25.158646777318759504110695916200521633609/series_004_2_CR/A2507266260 DXA/CR DXA/CR000003.dcm,289,280,left,-0.5258,,,,303.45,0.0,0.2113,1.2.643.5.1.13.13.12.2.77.8252.10030514041010111403040803061004,
/DS/own_dataset/Исследования/2.25.158646777318759504110695916200521633609/series_004_2_CR/A2507266260 DXA/CR DXA/CR000004.dcm,291,280,right,0.6318,,,,305.55,0.0,0.2186,1.2.643.5.1.13.13.12.2.77.8252.10030514041010111403040803061004,
/DS/own_dataset/Исследования/2.25.158646777318759504110695916200521633609/series_004_2_CR/A2507266260 DXA/CR DXA/CR000006.dcm,289,280,left,-0.5258,,,,303.45,0.0,0.2113,1.2.643.5.1.13.13.12.2.77.8252.10030514041010111403040803061004,
/DS/own_dataset/Исследования/2.25.158646777318759504110695916200521633609/series_004_2_CR/A2507266260 DXA/CR DXA/CR000007.dcm,291,280,right,0.6318,,,,305.55,0.0,0.2186,1.2.643.5.1.13.13.12.2.77.8252.10030514041010111403040803061004,
/DS/own_dataset/Исследования/2.25.158646777318759504110695916200521633609/series_004_2_CR/A2507266260 DXA/CR DXA/CR000009.dcm,289,280,left,-0.5258,,,,303.45,0.0,0.2113,1.2.643.5.1.13.13.12.2.77.8252.10030514041010111403040803061004,
/DS/own_dataset/Исследования/2.25.158646777318759504110695916200521633609/series_004_2_CR/A2507266260 DXA/CR DXA/CR000010.dcm,291,280,right,0.6318,,,,305.55,0.0,0.2186,1.2.643.5.1.13.13.12.2.77.8252.10030514041010111403040803061004,
/DS/own_dataset/Исследования/2.25.158646777318759504110695916200521633609/series_004_2_CR/A2507266260 DXA/CR DXA/CR000011.dcm,289,280,left,-0.5258,,,,303.45,0.0,0.2113,1.2.643.5.1.13.13.12.2.77.8252.10030514041010111403040803061004,
/DS/own_dataset/Исследования/2.25.158646777318759504110695916200521633609/series_004_2_CR/A2507266260 DXA/CR DXA/CR000014.dcm,289,280,left,-0.5258,,,,303.45,0.0,0.2113,1.2.643.5.1.13.13.12.2.77.8252.10030514041010111403040803061004,
/DS/own_dataset/Исследования/2.25.158646777318759504110695916200521633609/series_004_2_CR/A2507266260 DXA/CR DXA/CR000015.dcm,289,280,left,-0.5258,,,,303.45,0.0,0.2113,1.2.643.5.1.13.13.12.2.77.8252.10030514041010111403040803061004,
/DS/own_dataset/Исследования/2.25.158646777318759504110695916200521633609/series_004_2_CR/A2507266260 DXA/CR DXA/CR000016.dcm,291,280,right,0.6318,,,,305.55,0.0,0.2186,1.2.643.5.1.13.13.12.2.77.8252.10030514041010111403040803061004,
/DS/own_dataset/Исследования/2.25.158646777318759504110695916200521633609/series_004_2_CR/A2507266260 DXA/CR DXA/CR000017.dcm,291,280,right,0.6318,,,,305.55,0.0,0.2186,1.2.643.5.1.13.13.12.2.77.8252.10030514041010111403040803061004,
/DS/own_dataset/Исследования/2.25.164566280810634620154538016595892212884/series_001_2_CR/A2504291878 DXA Exam/CR DXA Images/CR000000.dcm,346,280,right,1.0634,,,,363.3,0.0,0.3934,1.2.643.5.1.13.13.12.2.77.8252.11031305020803120210110303010607,
/DS/own_dataset/Исследования/2.25.164566280810634620154538016595892212884/series_001_2_CR/A2504291878 DXA Exam/CR DXA Images/CR000002.dcm,346,280,left,-1.0882,,,,363.3,0.0,0.3804,1.2.643.5.1.13.13.12.2.77.8252.11031305020803120210110303010607,
/DS/own_dataset/Исследования/2.25.165091430504580219034019815337441064349/series_001_2_CR/A2504415443 DXA/CR DXA/CR000000.dcm,235,280,right,0.3781,,,,246.75,0.0,0.2089,1.2.643.5.1.13.13.12.2.77.8252.07040007120602101304050600010708,
/DS/own_dataset/Исследования/2.25.165091430504580219034019815337441064349/series_001_2_CR/A2504415443 DXA/CR DXA/CR000001.dcm,261,280,left,-1.0324,,,,274.05,0.0,0.2024,1.2.643.5.1.13.13.12.2.77.8252.07040007120602101304050600010708,
/DS/own_dataset/Исследования/2.25.165091430504580219034019815337441064349/series_001_2_CR/A2504415443 DXA/CR DXA/CR000004.dcm,235,280,right,0.3781,,,,246.75,0.0,0.2089,1.2.643.5.1.13.13.12.2.77.8252.07040007120602101304050600010708,
/DS/own_dataset/Исследования/2.25.165091430504580219034019815337441064349/series_001_2_CR/A2504415443 DXA/CR DXA/CR000005.dcm,261,280,left,-1.0324,,,,274.05,0.0,0.2024,1.2.643.5.1.13.13.12.2.77.8252.07040007120602101304050600010708,
/DS/own_dataset/Исследования/2.25.165355673991587715046346525964554729786/series_003_3_CR/A2506448267 DXA/CR DXA/CR000000.dcm,261,280,left,-0.3119,,,,274.05,0.0,0.1969,1.2.643.5.1.13.13.12.2.77.8252.12060501010302051215051203010600,
/DS/own_dataset/Исследования/2.25.167344201679287285499405412654740659745/series_003_2_CR/A2504249537 DXA/CR DXA/CR000000.dcm,265,280,right,0.2821,,,,278.25,0.0,0.2169,1.2.643.5.1.13.13.12.2.77.8252.11061310061408070513110011010800,
/DS/own_dataset/Исследования/2.25.167344201679287285499405412654740659745/series_003_2_CR/A2504249537 DXA/CR DXA/CR000001.dcm,263,280,left,-0.2459,,,,276.15,0.0,0.1983,1.2.643.5.1.13.13.12.2.77.8252.11061310061408070513110011010800,
/DS/own_dataset/Исследования/2.25.167344201679287285499405412654740659745/series_003_2_CR/A2504249537 DXA/CR DXA/CR000003.dcm,263,280,left,-0.2459,,,,276.15,0.0,0.1983,1.2.643.5.1.13.13.12.2.77.8252.11061310061408070513110011010800,
/DS/own_dataset/Исследования/2.25.167344201679287285499405412654740659745/series_003_2_CR/A2504249537 DXA/CR DXA/CR000005.dcm,265,280,right,0.2821,,,,278.25,0.0,0.2169,1.2.643.5.1.13.13.12.2.77.8252.11061310061408070513110011010800,
/DS/own_dataset/Исследования/2.25.16773626720107440979805052259711419763/series_004_2_CR/A2507537392 DXA/CR DXA/CR000001.dcm,261,280,right,0.4665,,,,274.05,0.0,0.2329,1.2.643.5.1.13.13.12.2.77.8252.09131109110213080611001502040813,
/DS/own_dataset/Исследования/2.25.16773626720107440979805052259711419763/series_004_2_CR/A2507537392 DXA/CR DXA/CR000002.dcm,261,280,right,0.4665,,,,274.05,0.0,0.2329,1.2.643.5.1.13.13.12.2.77.8252.09131109110213080611001502040813,
/DS/own_dataset/Исследования/2.25.16773626720107440979805052259711419763/series_004_2_CR/A2507537392 DXA/CR DXA/CR000004.dcm,261,280,left,-0.4052,,,,274.05,0.0,0.2137,1.2.643.5.1.13.13.12.2.77.8252.09131109110213080611001502040813,
/DS/own_dataset/Исследования/2.25.16773626720107440979805052259711419763/series_004_2_CR/A2507537392 DXA/CR DXA/CR000005.dcm,261,280,right,0.4665,,,,274.05,0.0,0.2329,1.2.643.5.1.13.13.12.2.77.8252.09131109110213080611001502040813,
/DS/own_dataset/Исследования/2.25.16773626720107440979805052259711419763/series_004_2_CR/A2507537392 DXA/CR DXA/CR000006.dcm,261,280,right,0.4665,,,,274.05,0.0,0.2329,1.2.643.5.1.13.13.12.2.77.8252.09131109110213080611001502040813,
/DS/own_dataset/Исследования/2.25.16773626720107440979805052259711419763/series_004_2_CR/A2507537392 DXA/CR DXA/CR000007.dcm,261,280,left,-0.4052,,,,274.05,0.0,0.2137,1.2.643.5.1.13.13.12.2.77.8252.09131109110213080611001502040813,
/DS/own_dataset/Исследования/2.25.16773626720107440979805052259711419763/series_004_2_CR/A2507537392 DXA/CR DXA/CR000008.dcm,261,280,left,-0.4052,,,,274.05,0.0,0.2137,1.2.643.5.1.13.13.12.2.77.8252.09131109110213080611001502040813,
/DS/own_dataset/Исследования/2.25.16773626720107440979805052259711419763/series_004_2_CR/A2507537392 DXA/CR DXA/CR000009.dcm,261,280,left,-0.4052,,,,274.05,0.0,0.2137,1.2.643.5.1.13.13.12.2.77.8252.09131109110213080611001502040813,
/DS/own_dataset/Исследования/2.25.16773626720107440979805052259711419763/series_004_2_CR/A2507537392 DXA/CR DXA/CR000010.dcm,261,280,right,0.4665,,,,274.05,0.0,0.2329,1.2.643.5.1.13.13.12.2.77.8252.09131109110213080611001502040813,
/DS/own_dataset/Исследования/2.25.168317503020329569414190677927680518621/series_004_2_CR/A2507557128 DXA/CR DXA/CR000000.dcm,261,280,left,-0.0858,,,,274.05,0.0,0.1947,1.2.643.5.1.13.13.12.2.77.8252.11120509060313030005050308070506,
/DS/own_dataset/Исследования/2.25.168317503020329569414190677927680518621/series_004_2_CR/A2507557128 DXA/CR DXA/CR000001.dcm,261,280,left,-0.0858,,,,274.05,0.0,0.1947,1.2.643.5.1.13.13.12.2.77.8252.11120509060313030005050308070506,
/DS/own_dataset/Исследования/2.25.168317503020329569414190677927680518621/series_004_2_CR/A2507557128 DXA/CR DXA/CR000002.dcm,261,280,left,-0.0858,,,,274.05,0.0,0.1947,1.2.643.5.1.13.13.12.2.77.8252.11120509060313030005050308070506,
/DS/own_dataset/Исследования/2.25.168317503020329569414190677927680518621/series_004_2_CR/A2507557128 DXA/CR DXA/CR000004.dcm,289,280,right,0.4031,,,,303.45,0.0,0.2046,1.2.643.5.1.13.13.12.2.77.8252.11120509060313030005050308070506,
/DS/own_dataset/Исследования/2.25.168317503020329569414190677927680518621/series_004_2_CR/A2507557128 DXA/CR DXA/CR000005.dcm,261,280,left,-0.0858,,,,274.05,0.0,0.1947,1.2.643.5.1.13.13.12.2.77.8252.11120509060313030005050308070506,
/DS/own_dataset/Исследования/2.25.168317503020329569414190677927680518621/series_004_2_CR/A2507557128 DXA/CR DXA/CR000007.dcm,289,280,right,0.4031,,,,303.45,0.0,0.2046,1.2.643.5.1.13.13.12.2.77.8252.11120509060313030005050308070506,
/DS/own_dataset/Исследования/2.25.168317503020329569414190677927680518621/series_004_2_CR/A2507557128 DXA/CR DXA/CR000008.dcm,289,280,right,0.4031,,,,303.45,0.0,0.2046,1.2.643.5.1.13.13.12.2.77.8252.11120509060313030005050308070506,
/DS/own_dataset/Исследования/2.25.168317503020329569414190677927680518621/series_004_2_CR/A2507557128 DXA/CR DXA/CR000010.dcm,261,280,left,-0.0858,,,,274.05,0.0,0.1947,1.2.643.5.1.13.13.12.2.77.8252.11120509060313030005050308070506,
/DS/own_dataset/Исследования/2.25.168317503020329569414190677927680518621/series_004_2_CR/A2507557128 DXA/CR DXA/CR000011.dcm,289,280,right,0.4031,,,,303.45,0.0,0.2046,1.2.643.5.1.13.13.12.2.77.8252.11120509060313030005050308070506,
/DS/own_dataset/Исследования/2.25.172445998420765569384934552191547932566/series_004_2_CR/A2507368766 DXA/CR DXA/CR000001.dcm,291,280,right,0.6492,,,,305.55,0.0,0.1758,1.2.643.5.1.13.13.12.2.77.8252.07141114011403010702060406101512,
/DS/own_dataset/Исследования/2.25.172445998420765569384934552191547932566/series_004_2_CR/A2507368766 DXA/CR DXA/CR000002.dcm,317,280,left,-0.5469,,,,332.85,0.0,0.206,1.2.643.5.1.13.13.12.2.77.8252.07141114011403010702060406101512,
/DS/own_dataset/Исследования/2.25.173731186748227489808861376513577450951/series_002_2_CR/A2507188958 DXA/CR DXA/CR000001.dcm,263,280,left,-0.7652,,,,276.15,0.0,0.1913,1.2.643.5.1.13.13.12.2.77.8252.02011400121411091003041007011307,
/DS/own_dataset/Исследования/2.25.173753313169335820519632380691065649420/series_003_2_CR/A2504265499 DXA/CR DXA/CR000000.dcm,207,280,right,0.3526,,,,217.35,0.0,0.2327,1.2.643.5.1.13.13.12.2.77.8252.09090912081008051408101503020807,
/DS/own_dataset/Исследования/2.25.173753313169335820519632380691065649420/series_003_2_CR/A2504265499 DXA/CR DXA/CR000001.dcm,207,280,right,0.3526,,,,217.35,0.0,0.2327,1.2.643.5.1.13.13.12.2.77.8252.09090912081008051408101503020807,
/DS/own_dataset/Исследования/2.25.173753313169335820519632380691065649420/series_003_2_CR/A2504265499 DXA/CR DXA/CR000003.dcm,237,280,left,-1.4757,,,,248.85,0.0,0.2224,1.2.643.5.1.13.13.12.2.77.8252.09090912081008051408101503020807,
/DS/own_dataset/Исследования/2.25.173753313169335820519632380691065649420/series_003_2_CR/A2504265499 DXA/CR DXA/CR000004.dcm,207,280,right,0.3526,,,,217.35,0.0,0.2327,1.2.643.5.1.13.13.12.2.77.8252.09090912081008051408101503020807,
/DS/own_dataset/Исследования/2.25.173753313169335820519632380691065649420/series_003_2_CR/A2504265499 DXA/CR DXA/CR000006.dcm,207,280,right,0.3526,,,,217.35,0.0,0.2327,1.2.643.5.1.13.13.12.2.77.8252.09090912081008051408101503020807,
/DS/own_dataset/Исследования/2.25.173753313169335820519632380691065649420/series_003_2_CR/A2504265499 DXA/CR DXA/CR000007.dcm,237,280,left,-1.4757,,,,248.85,0.0,0.2224,1.2.643.5.1.13.13.12.2.77.8252.09090912081008051408101503020807,
/DS/own_dataset/Исследования/2.25.173753313169335820519632380691065649420/series_003_2_CR/A2504265499 DXA/CR DXA/CR000009.dcm,237,280,left,-1.4757,,,,248.85,0.0,0.2224,1.2.643.5.1.13.13.12.2.77.8252.09090912081008051408101503020807,
/DS/own_dataset/Исследования/2.25.173753313169335820519632380691065649420/series_003_2_CR/A2504265499 DXA/CR DXA/CR000010.dcm,237,280,left,-1.4757,,,,248.85,0.0,0.2224,1.2.643.5.1.13.13.12.2.77.8252.09090912081008051408101503020807,
/DS/own_dataset/Исследования/2.25.175881661753775295785039265792986971602/series_003_2_CR/A2507266462 DXA/CR DXA/CR000000.dcm,235,280,right,0.5021,,,,246.75,0.0,0.1625,1.2.643.5.1.13.13.12.2.77.8252.01091501110815031100020500130014,
/DS/own_dataset/Исследования/2.25.175881661753775295785039265792986971602/series_003_2_CR/A2507266462 DXA/CR DXA/CR000002.dcm,233,280,left,-0.7455,,,,244.65,0.0,0.1809,1.2.643.5.1.13.13.12.2.77.8252.01091501110815031100020500130014,
/DS/own_dataset/Исследования/2.25.175881661753775295785039265792986971602/series_003_2_CR/A2507266462 DXA/CR DXA/CR000003.dcm,235,280,right,0.5021,,,,246.75,0.0,0.1625,1.2.643.5.1.13.13.12.2.77.8252.01091501110815031100020500130014,
/DS/own_dataset/Исследования/2.25.175903805423871105435148927871625232853/series_001_2_CR/A2507159447 DXA/CR DXA/CR000001.dcm,289,280,right,0.1284,,,,303.45,0.0,0.1947,1.2.643.5.1.13.13.12.2.77.8252.08010308000211020503020307091312,
/DS/own_dataset/Исследования/2.25.175903805423871105435148927871625232853/series_001_2_CR/A2507159447 DXA/CR DXA/CR000002.dcm,289,280,left,-0.4107,,,,303.45,0.0,0.2035,1.2.643.5.1.13.13.12.2.77.8252.08010308000211020503020307091312,
/DS/own_dataset/Исследования/2.25.17706555930735581384953296958427669848/series_004_3_CR/A2504146513 DXA/CR DXA/CR000000.dcm,261,280,left,-0.351,,,,274.05,0.0,0.222,1.2.643.5.1.13.13.12.2.77.8252.15150900091406150103131401151205,
/DS/own_dataset/Исследования/2.25.17706555930735581384953296958427669848/series_004_3_CR/A2504146513 DXA/CR DXA/CR000003.dcm,261,280,right,0.0514,,,,274.05,0.0,0.2188,1.2.643.5.1.13.13.12.2.77.8252.15150900091406150103131401151205,
/DS/own_dataset/Исследования/2.25.17706555930735581384953296958427669848/series_004_3_CR/A2504146513 DXA/CR DXA/CR000004.dcm,261,280,right,0.0514,,,,274.05,0.0,0.2188,1.2.643.5.1.13.13.12.2.77.8252.15150900091406150103131401151205,
/DS/own_dataset/Исследования/2.25.17706555930735581384953296958427669848/series_004_3_CR/A2504146513 DXA/CR DXA/CR000005.dcm,261,280,left,-0.351,,,,274.05,0.0,0.222,1.2.643.5.1.13.13.12.2.77.8252.15150900091406150103131401151205,
/DS/own_dataset/Исследования/2.25.177745077805190810016231350557005569203/series_002_2_CR/A2504273759 DXA/CR DXA/CR000000.dcm,233,280,left,-0.9955,,,,244.65,0.0,0.183,1.2.643.5.1.13.13.12.2.77.8252.11110412020614040803060513120911,
/DS/own_dataset/Исследования/2.25.177745077805190810016231350557005569203/series_002_2_CR/A2504273759 DXA/CR DXA/CR000003.dcm,233,280,left,-0.9955,,,,244.65,0.0,0.183,1.2.643.5.1.13.13.12.2.77.8252.11110412020614040803060513120911,
/DS/own_dataset/Исследования/2.25.177745077805190810016231350557005569203/series_002_2_CR/A2504273759 DXA/CR DXA/CR000004.dcm,233,280,right,0.8307,,,,244.65,0.0,0.1948,1.2.643.5.1.13.13.12.2.77.8252.11110412020614040803060513120911,
/DS/own_dataset/Исследования/2.25.177745077805190810016231350557005569203/series_002_2_CR/A2504273759 DXA/CR DXA/CR000005.dcm,233,280,right,0.8307,,,,244.65,0.0,0.1948,1.2.643.5.1.13.13.12.2.77.8252.11110412020614040803060513120911,
/DS/own_dataset/Исследования/2.25.181196659018348153828200695057897449628/series_004_2_CR/A2507370620 DXA/CR DXA/CR000000.dcm,291,280,left,-0.021,,,,305.55,0.0,0.2337,1.2.643.5.1.13.13.12.2.77.8252.04121102011402150303110508111305,
/DS/own_dataset/Исследования/2.25.181196659018348153828200695057897449628/series_004_2_CR/A2507370620 DXA/CR DXA/CR000001.dcm,265,280,right,0.3337,,,,278.25,0.0,0.2459,1.2.643.5.1.13.13.12.2.77.8252.04121102011402150303110508111305,
/DS/own_dataset/Исследования/2.25.181196659018348153828200695057897449628/series_004_2_CR/A2507370620 DXA/CR DXA/CR000004.dcm,265,280,right,0.3337,,,,278.25,0.0,0.2459,1.2.643.5.1.13.13.12.2.77.8252.04121102011402150303110508111305,
/DS/own_dataset/Исследования/2.25.181196659018348153828200695057897449628/series_004_2_CR/A2507370620 DXA/CR DXA/CR000005.dcm,265,280,right,0.3337,,,,278.25,0.0,0.2459,1.2.643.5.1.13.13.12.2.77.8252.04121102011402150303110508111305,
/DS/own_dataset/Исследования/2.25.181196659018348153828200695057897449628/series_004_2_CR/A2507370620 DXA/CR DXA/CR000006.dcm,291,280,left,-0.021,,,,305.55,0.0,0.2337,1.2.643.5.1.13.13.12.2.77.8252.04121102011402150303110508111305,
/DS/own_dataset/Исследования/2.25.181196659018348153828200695057897449628/series_004_2_CR/A2507370620 DXA/CR DXA/CR000007.dcm,291,280,left,-0.021,,,,305.55,0.0,0.2337,1.2.643.5.1.13.13.12.2.77.8252.04121102011402150303110508111305,
/DS/own_dataset/Исследования/2.25.181196659018348153828200695057897449628/series_004_2_CR/A2507370620 DXA/CR DXA/CR000008.dcm,291,280,left,-0.021,,,,305.55,0.0,0.2337,1.2.643.5.1.13.13.12.2.77.8252.04121102011402150303110508111305,
/DS/own_dataset/Исследования/2.25.181196659018348153828200695057897449628/series_004_2_CR/A2507370620 DXA/CR DXA/CR000009.dcm,265,280,right,0.3337,,,,278.25,0.0,0.2459,1.2.643.5.1.13.13.12.2.77.8252.04121102011402150303110508111305,
/DS/own_dataset/Исследования/2.25.181196659018348153828200695057897449628/series_004_2_CR/A2507370620 DXA/CR DXA/CR000010.dcm,291,280,left,-0.021,,,,305.55,0.0,0.2337,1.2.643.5.1.13.13.12.2.77.8252.04121102011402150303110508111305,
/DS/own_dataset/Исследования/2.25.181196659018348153828200695057897449628/series_004_2_CR/A2507370620 DXA/CR DXA/CR000012.dcm,265,280,right,0.3337,,,,278.25,0.0,0.2459,1.2.643.5.1.13.13.12.2.77.8252.04121102011402150303110508111305,
/DS/own_dataset/Исследования/2.25.184198356665635336833172191504278054074/series_004_2_CR/A250788286 DXA/CR DXA/CR000001.dcm,320,280,left,-0.152,,,,336.0,0.0,0.2128,1.2.643.5.1.13.13.12.2.77.8252.04101108050208091310021407111214,
/DS/own_dataset/Исследования/2.25.184198356665635336833172191504278054074/series_004_2_CR/A250788286 DXA/CR DXA/CR000002.dcm,318,280,right,0.2458,,,,333.9,0.0,0.1992,1.2.643.5.1.13.13.12.2.77.8252.04101108050208091310021407111214,
/DS/own_dataset/Исследования/2.25.186201010600484120326273381077449377115/series_004_2_CR/A250777475 DXA/CR DXA/CR000000.dcm,261,280,left,-0.4616,,,,274.05,0.0,0.2034,1.2.643.5.1.13.13.12.2.77.8252.04030111120106061513080209011000,
/DS/own_dataset/Исследования/2.25.186201010600484120326273381077449377115/series_004_2_CR/A250777475 DXA/CR DXA/CR000001.dcm,261,280,left,-0.4616,,,,274.05,0.0,0.2034,1.2.643.5.1.13.13.12.2.77.8252.04030111120106061513080209011000,
/DS/own_dataset/Исследования/2.25.186201010600484120326273381077449377115/series_004_2_CR/A250777475 DXA/CR DXA/CR000002.dcm,261,280,right,0.4551,,,,274.05,0.0,0.1932,1.2.643.5.1.13.13.12.2.77.8252.04030111120106061513080209011000,
/DS/own_dataset/Исследования/2.25.186201010600484120326273381077449377115/series_004_2_CR/A250777475 DXA/CR DXA/CR000003.dcm,261,280,right,0.4551,,,,274.05,0.0,0.1932,1.2.643.5.1.13.13.12.2.77.8252.04030111120106061513080209011000,
/DS/own_dataset/Исследования/2.25.186201010600484120326273381077449377115/series_004_2_CR/A250777475 DXA/CR DXA/CR000004.dcm,261,280,left,-0.4616,,,,274.05,0.0,0.2034,1.2.643.5.1.13.13.12.2.77.8252.04030111120106061513080209011000,
/DS/own_dataset/Исследования/2.25.186201010600484120326273381077449377115/series_004_2_CR/A250777475 DXA/CR DXA/CR000005.dcm,261,280,right,0.4551,,,,274.05,0.0,0.1932,1.2.643.5.1.13.13.12.2.77.8252.04030111120106061513080209011000,
/DS/own_dataset/Исследования/2.25.186201010600484120326273381077449377115/series_004_2_CR/A250777475 DXA/CR DXA/CR000006.dcm,261,280,right,0.4551,,,,274.05,0.0,0.1932,1.2.643.5.1.13.13.12.2.77.8252.04030111120106061513080209011000,
/DS/own_dataset/Исследования/2.25.186201010600484120326273381077449377115/series_004_2_CR/A250777475 DXA/CR DXA/CR000008.dcm,261,280,left,-0.4616,,,,274.05,0.0,0.2034,1.2.643.5.1.13.13.12.2.77.8252.04030111120106061513080209011000,
/DS/own_dataset/Исследования/2.25.186201010600484120326273381077449377115/series_004_2_CR/A250777475 DXA/CR DXA/CR000009.dcm,261,280,left,-0.4616,,,,274.05,0.0,0.2034,1.2.643.5.1.13.13.12.2.77.8252.04030111120106061513080209011000,
/DS/own_dataset/Исследования/2.25.190331309633057244929837507901317950031/series_001_2_CR/A250791815 DXA/CR DXA/CR000000.dcm,235,280,left,-0.2453,,,,246.75,0.0,0.2166,1.2.643.5.1.13.13.12.2.77.8252.08070600001410030512060707091212,
/DS/own_dataset/Исследования/2.25.190331309633057244929837507901317950031/series_001_2_CR/A250791815 DXA/CR DXA/CR000001.dcm,235,280,left,-0.2453,,,,246.75,0.0,0.2166,1.2.643.5.1.13.13.12.2.77.8252.08070600001410030512060707091212,
/DS/own_dataset/Исследования/2.25.190331309633057244929837507901317950031/series_001_2_CR/A250791815 DXA/CR DXA/CR000002.dcm,235,280,left,-0.2453,,,,246.75,0.0,0.2166,1.2.643.5.1.13.13.12.2.77.8252.08070600001410030512060707091212,
/DS/own_dataset/Исследования/2.25.190331309633057244929837507901317950031/series_001_2_CR/A250791815 DXA/CR DXA/CR000004.dcm,235,280,right,0.6858,,,,246.75,0.0,0.2366,1.2.643.5.1.13.13.12.2.77.8252.08070600001410030512060707091212,
/DS/own_dataset/Исследования/2.25.190331309633057244929837507901317950031/series_001_2_CR/A250791815 DXA/CR DXA/CR000006.dcm,235,280,right,0.6858,,,,246.75,0.0,0.2366,1.2.643.5.1.13.13.12.2.77.8252.08070600001410030512060707091212,
/DS/own_dataset/Исследования/2.25.190331309633057244929837507901317950031/series_001_2_CR/A250791815 DXA/CR DXA/CR000007.dcm,235,280,right,0.6858,,,,246.75,0.0,0.2366,1.2.643.5.1.13.13.12.2.77.8252.08070600001410030512060707091212,
/DS/own_dataset/Исследования/2.25.190331309633057244929837507901317950031/series_001_2_CR/A250791815 DXA/CR DXA/CR000009.dcm,235,280,left,-0.2453,,,,246.75,0.0,0.2166,1.2.643.5.1.13.13.12.2.77.8252.08070600001410030512060707091212,
/DS/own_dataset/Исследования/2.25.190331309633057244929837507901317950031/series_001_2_CR/A250791815 DXA/CR DXA/CR000010.dcm,235,280,right,0.6858,,,,246.75,0.0,0.2366,1.2.643.5.1.13.13.12.2.77.8252.08070600001410030512060707091212,
/DS/own_dataset/Исследования/2.25.190807933410234695931591553323782771995/series_002_3_CR/A250762254 DXA/CR DXA/CR000001.dcm,292,280,left,-0.3135,,,,306.6,0.0,0.2437,1.2.643.5.1.13.13.12.2.77.8252.13050309140908091510010214121510,
/DS/own_dataset/Исследования/2.25.215177279960644564778148238928738915103/series_002_2_CR/A2504147013 DXA/CR DXA/CR000000.dcm,320,280,left,-0.4762,,,,336.0,0.0,0.1869,1.2.643.5.1.13.13.12.2.77.8252.13011101150906100811130003020808,
/DS/own_dataset/Исследования/2.25.215177279960644564778148238928738915103/series_002_2_CR/A2504147013 DXA/CR DXA/CR000002.dcm,292,280,right,0.1975,,,,306.6,0.0,0.1782,1.2.643.5.1.13.13.12.2.77.8252.13011101150906100811130003020808,
/DS/own_dataset/Исследования/2.25.215177279960644564778148238928738915103/series_002_2_CR/A2504147013 DXA/CR DXA/CR000003.dcm,320,280,left,-0.4762,,,,336.0,0.0,0.1869,1.2.643.5.1.13.13.12.2.77.8252.13011101150906100811130003020808,
/DS/own_dataset/Исследования/2.25.217397325224876728316360420804118329081/series_002_2_CR/A250474631 DXA/CR DXA/CR000000.dcm,263,280,left,-0.8779,,,,276.15,0.0,0.1942,1.2.643.5.1.13.13.12.2.77.8252.15060506051311040306151405130812,
/DS/own_dataset/Исследования/2.25.217397325224876728316360420804118329081/series_002_2_CR/A250474631 DXA/CR DXA/CR000001.dcm,235,280,right,0.5348,,,,246.75,0.0,0.1793,1.2.643.5.1.13.13.12.2.77.8252.15060506051311040306151405130812,
/DS/own_dataset/Исследования/2.25.217397325224876728316360420804118329081/series_002_2_CR/A250474631 DXA/CR DXA/CR000003.dcm,235,280,right,0.5348,,,,246.75,0.0,0.1793,1.2.643.5.1.13.13.12.2.77.8252.15060506051311040306151405130812,
/DS/own_dataset/Исследования/2.25.217397325224876728316360420804118329081/series_002_2_CR/A250474631 DXA/CR DXA/CR000006.dcm,263,280,left,-0.8779,,,,276.15,0.0,0.1942,1.2.643.5.1.13.13.12.2.77.8252.15060506051311040306151405130812,
/DS/own_dataset/Исследования/2.25.217397325224876728316360420804118329081/series_002_2_CR/A250474631 DXA/CR DXA/CR000007.dcm,263,280,left,-0.8779,,,,276.15,0.0,0.1942,1.2.643.5.1.13.13.12.2.77.8252.15060506051311040306151405130812,
/DS/own_dataset/Исследования/2.25.217397325224876728316360420804118329081/series_002_2_CR/A250474631 DXA/CR DXA/CR000008.dcm,235,280,right,0.5348,,,,246.75,0.0,0.1793,1.2.643.5.1.13.13.12.2.77.8252.15060506051311040306151405130812,
/DS/own_dataset/Исследования/2.25.217397325224876728316360420804118329081/series_002_2_CR/A250474631 DXA/CR DXA/CR000009.dcm,263,280,left,-0.8779,,,,276.15,0.0,0.1942,1.2.643.5.1.13.13.12.2.77.8252.15060506051311040306151405130812,
/DS/own_dataset/Исследования/2.25.217397325224876728316360420804118329081/series_002_2_CR/A250474631 DXA/CR DXA/CR000010.dcm,235,280,right,0.5348,,,,246.75,0.0,0.1793,1.2.643.5.1.13.13.12.2.77.8252.15060506051311040306151405130812,
/DS/own_dataset/Исследования/2.25.234651502352368356456298825489565282446/series_002_2_CR/A2504307193 DXA/CR DXA/CR000000.dcm,233,280,right,0.2392,,,,244.65,0.0,0.2892,1.2.643.5.1.13.13.12.2.77.8252.11000715091405120315010100101510,
/DS/own_dataset/Исследования/2.25.234651502352368356456298825489565282446/series_002_2_CR/A2504307193 DXA/CR DXA/CR000001.dcm,233,280,right,0.2392,,,,244.65,0.0,0.2892,1.2.643.5.1.13.13.12.2.77.8252.11000715091405120315010100101510,
/DS/own_dataset/Исследования/2.25.234651502352368356456298825489565282446/series_002_2_CR/A2504307193 DXA/CR DXA/CR000003.dcm,207,280,left,-0.3519,,,,217.35,0.0,0.2861,1.2.643.5.1.13.13.12.2.77.8252.11000715091405120315010100101510,
/DS/own_dataset/Исследования/2.25.234651502352368356456298825489565282446/series_002_2_CR/A2504307193 DXA/CR DXA/CR000004.dcm,207,280,left,-0.3519,,,,217.35,0.0,0.2861,1.2.643.5.1.13.13.12.2.77.8252.11000715091405120315010100101510,
/DS/own_dataset/Исследования/2.25.234651502352368356456298825489565282446/series_002_2_CR/A2504307193 DXA/CR DXA/CR000005.dcm,207,280,left,-0.3519,,,,217.35,0.0,0.2861,1.2.643.5.1.13.13.12.2.77.8252.11000715091405120315010100101510,
/DS/own_dataset/Исследования/2.25.234651502352368356456298825489565282446/series_002_2_CR/A2504307193 DXA/CR DXA/CR000007.dcm,233,280,right,0.2392,,,,244.65,0.0,0.2892,1.2.643.5.1.13.13.12.2.77.8252.11000715091405120315010100101510,
/DS/own_dataset/Исследования/2.25.234651502352368356456298825489565282446/series_002_2_CR/A2504307193 DXA/CR DXA/CR000009.dcm,207,280,left,-0.3519,,,,217.35,0.0,0.2861,1.2.643.5.1.13.13.12.2.77.8252.11000715091405120315010100101510,
/DS/own_dataset/Исследования/2.25.234651502352368356456298825489565282446/series_002_2_CR/A2504307193 DXA/CR DXA/CR000010.dcm,233,280,right,0.2392,,,,244.65,0.0,0.2892,1.2.643.5.1.13.13.12.2.77.8252.11000715091405120315010100101510,
/DS/own_dataset/Исследования/2.25.247714038039430659432048101646401574824/series_002_2_CR/A2504238024 DXA Exam/CR DXA Images/CR000000.dcm,346,280,left,-0.7345,,,,363.3,0.0,0.2808,1.2.643.5.1.13.13.12.2.77.8252.01010712071105151008051412091100,
/DS/own_dataset/Исследования/2.25.247714038039430659432048101646401574824/series_002_2_CR/A2504238024 DXA Exam/CR DXA Images/CR000001.dcm,344,280,right,0.6972,,,,361.2,0.0,0.2903,1.2.643.5.1.13.13.12.2.77.8252.01010712071105151008051412091100,
/DS/own_dataset/Исследования/2.25.269648774413746842548908998641183395622/series_001_2_CR/A2504393664 DXA/CR DXA/CR000000.dcm,263,280,right,0.5902,,,,276.15,0.0,0.2093,1.2.643.5.1.13.13.12.2.77.8252.13000111030510001210030508000815,
/DS/own_dataset/Исследования/2.25.269648774413746842548908998641183395622/series_001_2_CR/A2504393664 DXA/CR DXA/CR000002.dcm,261,280,left,-0.8568,,,,274.05,0.0,0.2011,1.2.643.5.1.13.13.12.2.77.8252.13000111030510001210030508000815,
/DS/own_dataset/Исследования/2.25.272690031744216183651627058502316132741/series_002_2_CR/A2504373414 DXA/CR DXA/CR000000.dcm,349,280,right,0.1798,,,,366.45,0.0,0.2044,1.2.643.5.1.13.13.12.2.77.8252.15120712020613071211131414040509,
/DS/own_dataset/Исследования/2.25.272690031744216183651627058502316132741/series_002_2_CR/A2504373414 DXA/CR DXA/CR000002.dcm,320,280,left,-0.4687,,,,336.0,0.0,0.2334,1.2.643.5.1.13.13.12.2.77.8252.15120712020613071211131414040509,
/DS/own_dataset/Исследования/2.25.272690031744216183651627058502316132741/series_002_2_CR/A2504373414 DXA/CR DXA/CR000003.dcm,320,280,left,-0.4687,,,,336.0,0.0,0.2334,1.2.643.5.1.13.13.12.2.77.8252.15120712020613071211131414040509,
/DS/own_dataset/Исследования/2.25.272690031744216183651627058502316132741/series_002_2_CR/A2504373414 DXA/CR DXA/CR000004.dcm,349,280,right,0.1798,,,,366.45,0.0,0.2044,1.2.643.5.1.13.13.12.2.77.8252.15120712020613071211131414040509,
/DS/own_dataset/Исследования/2.25.272690031744216183651627058502316132741/series_002_2_CR/A2504373414 DXA/CR DXA/CR000005.dcm,349,280,right,0.1798,,,,366.45,0.0,0.2044,1.2.643.5.1.13.13.12.2.77.8252.15120712020613071211131414040509,
/DS/own_dataset/Исследования/2.25.272690031744216183651627058502316132741/series_002_2_CR/A2504373414 DXA/CR DXA/CR000007.dcm,349,280,right,0.1798,,,,366.45,0.0,0.2044,1.2.643.5.1.13.13.12.2.77.8252.15120712020613071211131414040509,
/DS/own_dataset/Исследования/2.25.272690031744216183651627058502316132741/series_002_2_CR/A2504373414 DXA/CR DXA/CR000008.dcm,320,280,left,-0.4687,,,,336.0,0.0,0.2334,1.2.643.5.1.13.13.12.2.77.8252.15120712020613071211131414040509,
/DS/own_dataset/Исследования/2.25.272690031744216183651627058502316132741/series_002_2_CR/A2504373414 DXA/CR DXA/CR000010.dcm,320,280,left,-0.4687,,,,336.0,0.0,0.2334,1.2.643.5.1.13.13.12.2.77.8252.15120712020613071211131414040509,
/DS/own_dataset/Исследования/2.25.276415754443998872860614500027519740375/series_002_2_CR/A2504387089 DXA/CR DXA/CR000002.dcm,292,280,right,0.4965,,,,306.6,0.0,0.204,1.2.643.5.1.13.13.12.2.77.8252.06111506140814121408000710091014,
/DS/own_dataset/Исследования/2.25.276415754443998872860614500027519740375/series_002_2_CR/A2504387089 DXA/CR DXA/CR000003.dcm,292,280,left,-1.0418,,,,306.6,0.0,0.2032,1.2.643.5.1.13.13.12.2.77.8252.06111506140814121408000710091014,
/DS/own_dataset/Исследования/2.25.276415754443998872860614500027519740375/series_002_2_CR/A2504387089 DXA/CR DXA/CR000004.dcm,292,280,right,0.4965,,,,306.6,0.0,0.204,1.2.643.5.1.13.13.12.2.77.8252.06111506140814121408000710091014,
/DS/own_dataset/Исследования/2.25.276415754443998872860614500027519740375/series_002_2_CR/A2504387089 DXA/CR DXA/CR000005.dcm,292,280,left,-1.0418,,,,306.6,0.0,0.2032,1.2.643.5.1.13.13.12.2.77.8252.06111506140814121408000710091014,
/DS/own_dataset/Исследования/2.25.277752758923974029595977676354128739670/series_002_2_CR/A2504223752 DXA/CR DXA/CR000000.dcm,261,280,right,0.839,,,,274.05,0.0,0.1865,1.2.643.5.1.13.13.12.2.77.8252.01150001000900060703031302131108,
/DS/own_dataset/Исследования/2.25.277752758923974029595977676354128739670/series_002_2_CR/A2504223752 DXA/CR DXA/CR000001.dcm,261,280,left,-0.6645,,,,274.05,0.0,0.176,1.2.643.5.1.13.13.12.2.77.8252.01150001000900060703031302131108,
/DS/own_dataset/Исследования/2.25.277752758923974029595977676354128739670/series_002_2_CR/A2504223752 DXA/CR DXA/CR000002.dcm,261,280,left,-0.6645,,,,274.05,0.0,0.176,1.2.643.5.1.13.13.12.2.77.8252.01150001000900060703031302131108,
/DS/own_dataset/Исследования/2.25.277752758923974029595977676354128739670/series_002_2_CR/A2504223752 DXA/CR DXA/CR000003.dcm,261,280,right,0.839,,,,274.05,0.0,0.1865,1.2.643.5.1.13.13.12.2.77.8252.01150001000900060703031302131108,
/DS/own_dataset/Исследования/2.25.286999464611662854355201599068538813496/series_003_2_CR/A2504223477 DXA/CR DXA/CR000000.dcm,265,280,right,0.2379,,,,278.25,0.0,0.1852,1.2.643.5.1.13.13.12.2.77.8252.06121310051313071012071011000214,
/DS/own_dataset/Исследования/2.25.286999464611662854355201599068538813496/series_003_2_CR/A2504223477 DXA/CR DXA/CR000002.dcm,265,280,left,-0.34,,,,278.25,0.0,0.2049,1.2.643.5.1.13.13.12.2.77.8252.06121310051313071012071011000214,
/DS/own_dataset/Исследования/2.25.286999464611662854355201599068538813496/series_003_2_CR/A2504223477 DXA/CR DXA/CR000003.dcm,265,280,right,0.2379,,,,278.25,0.0,0.1852,1.2.643.5.1.13.13.12.2.77.8252.06121310051313071012071011000214,
/DS/own_dataset/Исследования/2.25.286999464611662854355201599068538813496/series_003_2_CR/A2504223477 DXA/CR DXA/CR000005.dcm,265,280,left,-0.34,,,,278.25,0.0,0.2049,1.2.643.5.1.13.13.12.2.77.8252.06121310051313071012071011000214,
/DS/own_dataset/Исследования/2.25.29638026465755240167985424461715024381/series_004_3_CR/A2504115579 DXA/CR DXA/CR000000.dcm,265,280,right,0.8625,,,,278.25,0.0,0.2041,1.2.643.5.1.13.13.12.2.77.8252.09020304121009030507130509070701,
/DS/own_dataset/Исследования/2.25.29638026465755240167985424461715024381/series_004_3_CR/A2504115579 DXA/CR DXA/CR000002.dcm,265,280,right,0.8625,,,,278.25,0.0,0.2041,1.2.643.5.1.13.13.12.2.77.8252.09020304121009030507130509070701,
/DS/own_dataset/Исследования/2.25.29638026465755240167985424461715024381/series_004_3_CR/A2504115579 DXA/CR DXA/CR000003.dcm,265,280,left,-0.8834,,,,278.25,0.0,0.2565,1.2.643.5.1.13.13.12.2.77.8252.09020304121009030507130509070701,
/DS/own_dataset/Исследования/2.25.307021710202910067378603383388989711646/series_004_2_CR/A2504110565 DXA/CR DXA/CR000001.dcm,265,280,right,0.6465,,,,278.25,0.0,0.189,1.2.643.5.1.13.13.12.2.77.8252.04040806101100130101150009051415,
/DS/own_dataset/Исследования/2.25.307021710202910067378603383388989711646/series_004_2_CR/A2504110565 DXA/CR DXA/CR000002.dcm,265,280,right,0.6465,,,,278.25,0.0,0.189,1.2.643.5.1.13.13.12.2.77.8252.04040806101100130101150009051415,
/DS/own_dataset/Исследования/2.25.307021710202910067378603383388989711646/series_004_2_CR/A2504110565 DXA/CR DXA/CR000003.dcm,265,280,right,0.6465,,,,278.25,0.0,0.189,1.2.643.5.1.13.13.12.2.77.8252.04040806101100130101150009051415,
/DS/own_dataset/Исследования/2.25.307021710202910067378603383388989711646/series_004_2_CR/A2504110565 DXA/CR DXA/CR000004.dcm,265,280,left,-0.5375,,,,278.25,0.0,0.1971,1.2.643.5.1.13.13.12.2.77.8252.04040806101100130101150009051415,
/DS/own_dataset/Исследования/2.25.307021710202910067378603383388989711646/series_004_2_CR/A2504110565 DXA/CR DXA/CR000005.dcm,265,280,left,-0.5375,,,,278.25,0.0,0.1971,1.2.643.5.1.13.13.12.2.77.8252.04040806101100130101150009051415,
/DS/own_dataset/Исследования/2.25.307021710202910067378603383388989711646/series_004_2_CR/A2504110565 DXA/CR DXA/CR000006.dcm,265,280,left,-0.5375,,,,278.25,0.0,0.1971,1.2.643.5.1.13.13.12.2.77.8252.04040806101100130101150009051415,
/DS/own_dataset/Исследования/2.25.307021710202910067378603383388989711646/series_004_2_CR/A2504110565 DXA/CR DXA/CR000007.dcm,265,280,left,-0.5375,,,,278.25,0.0,0.1971,1.2.643.5.1.13.13.12.2.77.8252.04040806101100130101150009051415,
/DS/own_dataset/Исследования/2.25.307021710202910067378603383388989711646/series_004_2_CR/A2504110565 DXA/CR DXA/CR000008.dcm,265,280,right,0.6465,,,,278.25,0.0,0.189,1.2.643.5.1.13.13.12.2.77.8252.04040806101100130101150009051415,
/DS/own_dataset/Исследования/2.25.307021710202910067378603383388989711646/series_004_2_CR/A2504110565 DXA/CR DXA/CR000009.dcm,265,280,right,0.6465,,,,278.25,0.0,0.189,1.2.643.5.1.13.13.12.2.77.8252.04040806101100130101150009051415,
/DS/own_dataset/Исследования/2.25.309085571913348252136520206003694446566/series_002_2_CR/A2504116267 DXA/CR DXA/CR000001.dcm,289,280,left,-0.5294,,,,303.45,0.0,0.1956,1.2.643.5.1.13.13.12.2.77.8252.06051105050701010502031403141206,
/DS/own_dataset/Исследования/2.25.309085571913348252136520206003694446566/series_002_2_CR/A2504116267 DXA/CR DXA/CR000002.dcm,289,280,right,0.4678,,,,303.45,0.0,0.1917,1.2.643.5.1.13.13.12.2.77.8252.06051105050701010502031403141206,
/DS/own_dataset/Исследования/2.25.314147167453134440746270747484612743945/series_002_2_CR/A2504224780 DXA/CR DXA/CR000000.dcm,237,280,right,0.2889,,,,248.85,0.0,0.1682,1.2.643.5.1.13.13.12.2.77.8252.10110305110802141404051200020210,
/DS/own_dataset/Исследования/2.25.314147167453134440746270747484612743945/series_002_2_CR/A2504224780 DXA/CR DXA/CR000001.dcm,237,280,left,-0.5118,,,,248.85,0.0,0.2637,1.2.643.5.1.13.13.12.2.77.8252.10110305110802141404051200020210,
/DS/own_dataset/Исследования/2.25.339027809107632348165171236474821772940/series_001_2_CR/A2504349642 DXA/CR DXA/CR000000.dcm,318,280,right,0.2002,,,,333.9,0.0,0.1881,1.2.643.5.1.13.13.12.2.77.8252.00021509100701140314011205150113,
/DS/own_dataset/Исследования/2.25.339027809107632348165171236474821772940/series_001_2_CR/A2504349642 DXA/CR DXA/CR000002.dcm,317,280,left,-0.0507,,,,332.85,0.0,0.1971,1.2.643.5.1.13.13.12.2.77.8252.00021509100701140314011205150113,
/DS/own_dataset/Исследования/2.25.339027809107632348165171236474821772940/series_001_2_CR/A2504349642 DXA/CR DXA/CR000003.dcm,317,280,left,-0.0507,,,,332.85,0.0,0.1971,1.2.643.5.1.13.13.12.2.77.8252.00021509100701140314011205150113,
/DS/own_dataset/Исследования/2.25.339027809107632348165171236474821772940/series_001_2_CR/A2504349642 DXA/CR DXA/CR000005.dcm,318,280,right,0.2002,,,,333.9,0.0,0.1881,1.2.643.5.1.13.13.12.2.77.8252.00021509100701140314011205150113,
/DS/own_dataset/Исследования/2.25.340839477910528898406207279980417945/series_001_2_CR/A2504224555 DXA Exam/CR DXA Images/CR000000.dcm,346,280,left,-1.1108,,,,363.3,0.0,0.3046,1.2.643.5.1.13.13.12.2.77.8252.02100613110404001511060101141303,
/DS/own_dataset/Исследования/2.25.340839477910528898406207279980417945/series_001_2_CR/A2504224555 DXA Exam/CR DXA Images/CR000001.dcm,346,280,right,1.3135,,,,363.3,0.0,0.3252,1.2.643.5.1.13.13.12.2.77.8252.02100613110404001511060101141303,
/DS/own_dataset/Исследования/2.25.37515662379281069436632838996073181551/series_001_2_CR/A2504329840 DXA/CR DXA/CR000001.dcm,263,280,left,-0.0328,,,,276.15,0.0,0.2484,1.2.643.5.1.13.13.12.2.77.8252.08050709020911100006011108031308,
/DS/own_dataset/Исследования/2.25.37515662379281069436632838996073181551/series_001_2_CR/A2504329840 DXA/CR DXA/CR000002.dcm,263,280,right,0.1805,,,,276.15,0.0,0.2735,1.2.643.5.1.13.13.12.2.77.8252.08050709020911100006011108031308,
/DS/own_dataset/Исследования/2.25.39068163399801173920284179500049527111/series_002_2_CR/A2504195842 DXA/CR DXA/CR000000.dcm,235,280,right,0.4763,,,,246.75,0.0,0.2574,1.2.643.5.1.13.13.12.2.77.8252.14030514000710060800130100011214,
/DS/own_dataset/Исследования/2.25.39068163399801173920284179500049527111/series_002_2_CR/A2504195842 DXA/CR DXA/CR000001.dcm,235,280,left,-0.3323,,,,246.75,0.0,0.2814,1.2.643.5.1.13.13.12.2.77.8252.14030514000710060800130100011214,
/DS/own_dataset/Исследования/2.25.48906424954135283790354958243772558962/series_001_2_CR/A2504185596 DXA Exam/CR DXA Images/CR000000.dcm,346,280,right,0.6812,,,,363.3,0.0,0.2566,1.2.643.5.1.13.13.12.2.77.8252.06031007110009040706001109051004,
/DS/own_dataset/Исследования/2.25.48906424954135283790354958243772558962/series_001_2_CR/A2504185596 DXA Exam/CR DXA Images/CR000001.dcm,344,280,left,-0.646,,,,361.2,0.0,0.358,1.2.643.5.1.13.13.12.2.77.8252.06031007110009040706001109051004,
/DS/own_dataset/Исследования/2.25.52982400970721161435951723390541696819/series_001_2_CR/A2504331065 DXA/CR DXA/CR000000.dcm,289,280,right,0.2325,,,,303.45,0.0,0.2454,1.2.643.5.1.13.13.12.2.77.8252.14030804041506011403100115131006,
/DS/own_dataset/Исследования/2.25.52982400970721161435951723390541696819/series_001_2_CR/A2504331065 DXA/CR DXA/CR000001.dcm,289,280,left,-0.3193,,,,303.45,0.0,0.2195,1.2.643.5.1.13.13.12.2.77.8252.14030804041506011403100115131006,
/DS/own_dataset/Исследования/2.25.52982400970721161435951723390541696819/series_001_2_CR/A2504331065 DXA/CR DXA/CR000003.dcm,289,280,right,0.2325,,,,303.45,0.0,0.2454,1.2.643.5.1.13.13.12.2.77.8252.14030804041506011403100115131006,
/DS/own_dataset/Исследования/2.25.52982400970721161435951723390541696819/series_001_2_CR/A2504331065 DXA/CR DXA/CR000005.dcm,289,280,left,-0.3193,,,,303.45,0.0,0.2195,1.2.643.5.1.13.13.12.2.77.8252.14030804041506011403100115131006,
/DS/own_dataset/Исследования/2.25.52982400970721161435951723390541696819/series_001_2_CR/A2504331065 DXA/CR DXA/CR000006.dcm,289,280,right,0.2325,,,,303.45,0.0,0.2454,1.2.643.5.1.13.13.12.2.77.8252.14030804041506011403100115131006,
/DS/own_dataset/Исследования/2.25.52982400970721161435951723390541696819/series_001_2_CR/A2504331065 DXA/CR DXA/CR000007.dcm,289,280,left,-0.3193,,,,303.45,0.0,0.2195,1.2.643.5.1.13.13.12.2.77.8252.14030804041506011403100115131006,
/DS/own_dataset/Исследования/2.25.65954778282254353457041255543338557112/series_004_3_CR/A2504246289 DXA/CR DXA/CR000000.dcm,291,280,right,0.3204,,,,305.55,0.0,0.1955,1.2.643.5.1.13.13.12.2.77.8252.09110800100012120800030006041405,
/DS/own_dataset/Исследования/2.25.65954778282254353457041255543338557112/series_004_3_CR/A2504246289 DXA/CR DXA/CR000001.dcm,291,280,left,-0.2499,,,,305.55,0.0,0.2297,1.2.643.5.1.13.13.12.2.77.8252.09110800100012120800030006041405,
/DS/own_dataset/Исследования/2.25.66397484472966116002950503539482860450/series_001_2_CR/A2504194637 DXA/CR DXA/CR000000.dcm,235,280,left,-0.4386,,,,246.75,0.0,0.2922,1.2.643.5.1.13.13.12.2.77.8252.00140708141309070509131215090805,
/DS/own_dataset/Исследования/2.25.66397484472966116002950503539482860450/series_001_2_CR/A2504194637 DXA/CR DXA/CR000001.dcm,235,280,left,-0.4386,,,,246.75,0.0,0.2922,1.2.643.5.1.13.13.12.2.77.8252.00140708141309070509131215090805,
/DS/own_dataset/Исследования/2.25.66397484472966116002950503539482860450/series_001_2_CR/A2504194637 DXA/CR DXA/CR000002.dcm,235,280,left,-0.4386,,,,246.75,0.0,0.2922,1.2.643.5.1.13.13.12.2.77.8252.00140708141309070509131215090805,
/DS/own_dataset/Исследования/2.25.66397484472966116002950503539482860450/series_001_2_CR/A2504194637 DXA/CR DXA/CR000003.dcm,318,280,right,0.5529,,,,333.9,0.0,0.2787,1.2.643.5.1.13.13.12.2.77.8252.00140708141309070509131215090805,
/DS/own_dataset/Исследования/2.25.66397484472966116002950503539482860450/series_001_2_CR/A2504194637 DXA/CR DXA/CR000005.dcm,235,280,left,-0.4386,,,,246.75,0.0,0.2922,1.2.643.5.1.13.13.12.2.77.8252.00140708141309070509131215090805,
/DS/own_dataset/Исследования/2.25.66397484472966116002950503539482860450/series_001_2_CR/A2504194637 DXA/CR DXA/CR000006.dcm,318,280,right,0.5529,,,,333.9,0.0,0.2787,1.2.643.5.1.13.13.12.2.77.8252.00140708141309070509131215090805,
/DS/own_dataset/Исследования/2.25.66397484472966116002950503539482860450/series_001_2_CR/A2504194637 DXA/CR DXA/CR000007.dcm,318,280,right,0.5529,,,,333.9,0.0,0.2787,1.2.643.5.1.13.13.12.2.77.8252.00140708141309070509131215090805,
/DS/own_dataset/Исследования/2.25.66397484472966116002950503539482860450/series_001_2_CR/A2504194637 DXA/CR DXA/CR000010.dcm,318,280,right,0.5529,,,,333.9,0.0,0.2787,1.2.643.5.1.13.13.12.2.77.8252.00140708141309070509131215090805,
/DS/own_dataset/Исследования/2.25.73070100851377917031356937075051545239/series_002_2_CR/A2504239110 DXA/CR DXA/CR000000.dcm,233,280,left,-0.4349,,,,244.65,0.0,0.1854,1.2.643.5.1.13.13.12.2.77.8252.04140410030403000101120807100701,
/DS/own_dataset/Исследования/2.25.73070100851377917031356937075051545239/series_002_2_CR/A2504239110 DXA/CR DXA/CR000001.dcm,233,280,right,0.3846,,,,244.65,0.0,0.1736,1.2.643.5.1.13.13.12.2.77.8252.04140410030403000101120807100701,
/DS/own_dataset/Исследования/2.25.73070100851377917031356937075051545239/series_002_2_CR/A2504239110 DXA/CR DXA/CR000004.dcm,233,280,left,-0.4349,,,,244.65,0.0,0.1854,1.2.643.5.1.13.13.12.2.77.8252.04140410030403000101120807100701,
/DS/own_dataset/Исследования/2.25.73070100851377917031356937075051545239/series_002_2_CR/A2504239110 DXA/CR DXA/CR000005.dcm,233,280,right,0.3846,,,,244.65,0.0,0.1736,1.2.643.5.1.13.13.12.2.77.8252.04140410030403000101120807100701,
/DS/own_dataset/Исследования/2.25.76710355977373089612172037086913478687/series_002_3_CR/A2504104830 DXA/CR DXA/CR000000.dcm,265,280,right,0.9169,,,,278.25,0.0,0.2693,1.2.643.5.1.13.13.12.2.77.8252.02001413040700010813000013120308,
/DS/own_dataset/Исследования/2.25.76710355977373089612172037086913478687/series_002_3_CR/A2504104830 DXA/CR DXA/CR000002.dcm,292,280,left,-0.1994,,,,306.6,0.0,0.2549,1.2.643.5.1.13.13.12.2.77.8252.02001413040700010813000013120308,
/DS/own_dataset/Исследования/2.25.78999454687125053757525542837745968726/series_004_3_CR/A2504222617 DXA/CR DXA/CR000000.dcm,265,280,left,-0.2476,,,,278.25,0.0,0.2626,1.2.643.5.1.13.13.12.2.77.8252.11011102050904000102020212011404,
/DS/own_dataset/Исследования/2.25.78999454687125053757525542837745968726/series_004_3_CR/A2504222617 DXA/CR DXA/CR000001.dcm,265,280,right,0.542,,,,278.25,0.0,0.2586,1.2.643.5.1.13.13.12.2.77.8252.11011102050904000102020212011404,
/DS/own_dataset/Исследования/2.25.82912555346523716720160717883917565880/series_002_2_CR/A2504149480 DXA/CR DXA/CR000000.dcm,263,280,left,-0.0978,,,,276.15,0.0,0.2473,1.2.643.5.1.13.13.12.2.77.8252.07120201111314111500000602130205,
/DS/own_dataset/Исследования/2.25.82912555346523716720160717883917565880/series_002_2_CR/A2504149480 DXA/CR DXA/CR000002.dcm,265,280,right,0.2391,,,,278.25,0.0,0.2309,1.2.643.5.1.13.13.12.2.77.8252.07120201111314111500000602130205,
/DS/own_dataset/Исследования/2.25.82912555346523716720160717883917565880/series_002_2_CR/A2504149480 DXA/CR DXA/CR000003.dcm,263,280,left,-0.0978,,,,276.15,0.0,0.2473,1.2.643.5.1.13.13.12.2.77.8252.07120201111314111500000602130205,
/DS/own_dataset/Исследования/2.25.82912555346523716720160717883917565880/series_002_2_CR/A2504149480 DXA/CR DXA/CR000004.dcm,265,280,right,0.2391,,,,278.25,0.0,0.2309,1.2.643.5.1.13.13.12.2.77.8252.07120201111314111500000602130205,
/DS/own_dataset/Исследования/2.25.87869906212286587478854831452123526595/series_002_2_CR/A250419699 DXA/CR DXA/CR000000.dcm,292,280,left,-0.4575,,,,306.6,0.0,0.2137,1.2.643.5.1.13.13.12.2.77.8252.09131504151204000006060612091203,
/DS/own_dataset/Исследования/2.25.87869906212286587478854831452123526595/series_002_2_CR/A250419699 DXA/CR DXA/CR000002.dcm,291,280,right,0.2713,,,,305.55,0.0,0.1976,1.2.643.5.1.13.13.12.2.77.8252.09131504151204000006060612091203,
/DS/own_dataset/Исследования/2.25.91981043841368764114007975581101713077/series_003_2_CR/A250496619 DXA/CR DXA/CR000000.dcm,292,280,left,-0.6428,,,,306.6,0.0,0.2731,1.2.643.5.1.13.13.12.2.77.8252.07090507040208000106080811060202,
/DS/own_dataset/Исследования/2.25.91981043841368764114007975581101713077/series_003_2_CR/A250496619 DXA/CR DXA/CR000001.dcm,292,280,left,-0.6428,,,,306.6,0.0,0.2731,1.2.643.5.1.13.13.12.2.77.8252.07090507040208000106080811060202,
/DS/own_dataset/Исследования/2.25.91981043841368764114007975581101713077/series_003_2_CR/A250496619 DXA/CR DXA/CR000002.dcm,294,280,right,0.576,,,,308.7,0.0,0.2292,1.2.643.5.1.13.13.12.2.77.8252.07090507040208000106080811060202,
/DS/own_dataset/Исследования/2.25.91981043841368764114007975581101713077/series_003_2_CR/A250496619 DXA/CR DXA/CR000003.dcm,292,280,left,-0.6428,,,,306.6,0.0,0.2731,1.2.643.5.1.13.13.12.2.77.8252.07090507040208000106080811060202,
/DS/own_dataset/Исследования/2.25.91981043841368764114007975581101713077/series_003_2_CR/A250496619 DXA/CR DXA/CR000005.dcm,294,280,right,0.576,,,,308.7,0.0,0.2292,1.2.643.5.1.13.13.12.2.77.8252.07090507040208000106080811060202,
/DS/own_dataset/Исследования/2.25.91981043841368764114007975581101713077/series_003_2_CR/A250496619 DXA/CR DXA/CR000006.dcm,294,280,right,0.576,,,,308.7,0.0,0.2292,1.2.643.5.1.13.13.12.2.77.8252.07090507040208000106080811060202,
/DS/own_dataset/Исследования/2.25.91981043841368764114007975581101713077/series_003_2_CR/A250496619 DXA/CR DXA/CR000007.dcm,294,280,right,0.576,,,,308.7,0.0,0.2292,1.2.643.5.1.13.13.12.2.77.8252.07090507040208000106080811060202,
/DS/own_dataset/Исследования/2.25.91981043841368764114007975581101713077/series_003_2_CR/A250496619 DXA/CR DXA/CR000008.dcm,292,280,left,-0.6428,,,,306.6,0.0,0.2731,1.2.643.5.1.13.13.12.2.77.8252.07090507040208000106080811060202,
/DS/own_dataset/Исследования/2.25.91981043841368764114007975581101713077/series_003_2_CR/A250496619 DXA/CR DXA/CR000011.dcm,294,280,right,0.576,,,,308.7,0.0,0.2292,1.2.643.5.1.13.13.12.2.77.8252.07090507040208000106080811060202,
