study,file_path,sp_pos,sp_axis,sp_art,sp_pos_pred,sp_axis_pred,sp_art_pred
1.2.840.113619.2.110.512719.20250403090444,/home/user/workspace/dataset_extracted/Датасет/НД_для_обучения/Исследования/1.2.840.113619.2.110.512719.20250403090444/series_004_3_CR/DXA/CR DXA/CR000000.dcm,0.0,0.0,0.0,0.2007116824388504,0.412392795085907,0.3482782542705536
1.2.840.113619.2.110.512719.20250403090444,/home/user/workspace/dataset_extracted/Датасет/НД_для_обучения/Исследования/1.2.840.113619.2.110.512719.20250403090444/series_004_3_CR/DXA/CR DXA/CR000005.dcm,0.0,0.0,0.0,0.2007116824388504,0.412392795085907,0.3482782542705536
1.2.840.113619.2.110.512719.20250403092052,/home/user/workspace/dataset_extracted/Датасет/НД_для_обучения/Исследования/1.2.840.113619.2.110.512719.20250403092052/series_003_3_CR/DXA/CR DXA/CR000001.dcm,0.0,0.0,0.0,0.1987033635377884,0.3637109398841858,0.4561953544616699
1.2.840.113619.2.110.512719.20250403092052,/home/user/workspace/dataset_extracted/Датасет/НД_для_обучения/Исследования/1.2.840.113619.2.110.512719.20250403092052/series_003_3_CR/DXA/CR DXA/CR000005.dcm,0.0,0.0,0.0,0.1987033635377884,0.3637109398841858,0.4561953544616699
1.2.840.113619.2.110.512719.20250407113211,/home/user/workspace/dataset_extracted/Датасет/НД_для_обучения/Исследования/1.2.840.113619.2.110.512719.20250407113211/series_001_2_CR/DXA/CR DXA/CR000003.dcm,0.0,0.0,0.0,0.34733209013938904,0.41132867336273193,0.46931156516075134
1.2.840.113619.2.110.512719.20250407113211,/home/user/workspace/dataset_extracted/Датасет/НД_для_обучения/Исследования/1.2.840.113619.2.110.512719.20250407113211/series_001_2_CR/DXA/CR DXA/CR000004.dcm,0.0,0.0,0.0,0.34733209013938904,0.41132867336273193,0.46931156516075134
2.25.10245777060263212829333021434108890537,/home/user/workspace/dataset_extracted/Датасет/НД_для_обучения/Исследования/2.25.10245777060263212829333021434108890537/series_003_2_CR/A2504412435 DXA/CR DXA/CR000001.dcm,0.0,0.0,0.0,0.10551246255636215,0.48294535279273987,0.276820570230484
2.25.102755089973625799055786462646268820450,/home/user/workspace/dataset_extracted/Датасет/НД_для_обучения/Исследования/2.25.102755089973625799055786462646268820450/series_002_2_CR/A2504257770 DXA/CR DXA/CR000001.dcm,0.0,1.0,0.0,0.32263001799583435,0.4384455978870392,0.48026108741760254
2.25.102755089973625799055786462646268820450,/home/user/workspace/dataset_extracted/Датасет/НД_для_обучения/Исследования/2.25.102755089973625799055786462646268820450/series_002_2_CR/A2504257770 DXA/CR DXA/CR000004.dcm,0.0,1.0,0.0,0.32263001799583435,0.4384455978870392,0.48026108741760254
2.25.102965897799404973225419898683246248872,/home/user/workspace/dataset_extracted/Датасет/НД_для_обучения/Исследования/2.25.102965897799404973225419898683246248872/series_001_2_CR/A250726353 DXA/CR DXA/CR000001.dcm,0.0,0.0,0.0,0.47799959778785706,0.6161146759986877,0.4382587969303131
2.25.103868781101960771917584077315578649178,/home/user/workspace/dataset_extracted/Датасет/НД_для_обучения/Исследования/2.25.103868781101960771917584077315578649178/series_001_3_CR/A2507485409 DXA/CR DXA/CR000002.dcm,0.0,0.0,0.0,0.24720732867717743,0.3826195299625397,0.5117561221122742
2.25.105033841136787477881326326053319223817,/home/user/workspace/dataset_extracted/Датасет/НД_для_обучения/Исследования/2.25.105033841136787477881326326053319223817/series_001_2_CR/A250790559 DXA/CR DXA/CR000000.dcm,0.0,0.0,0.0,0.20608742535114288,0.2653493881225586,0.46481019258499146
2.25.105033841136787477881326326053319223817,/home/user/workspace/dataset_extracted/Датасет/НД_для_обучения/Исследования/2.25.105033841136787477881326326053319223817/series_001_2_CR/A250790559 DXA/CR DXA/CR000001.dcm,0.0,0.0,0.0,0.20608742535114288,0.2653493881225586,0.46481019258499146
2.25.108537195937431169718850276671337677972,/home/user/workspace/dataset_extracted/Датасет/НД_для_обучения/Исследования/2.25.108537195937431169718850276671337677972/series_002_2_CR/A250479795 DXA/CR DXA/CR000000.dcm,0.0,0.0,0.0,0.27646157145500183,0.4070741534233093,0.4772453308105469
2.25.11175860580562939441493697221497597640,/home/user/workspace/dataset_extracted/Датасет/НД_для_обучения/Исследования/2.25.11175860580562939441493697221497597640/series_003_2_CR/A2507431060 DXA/CR DXA/CR000001.dcm,0.0,0.0,1.0,0.11824341863393784,0.12754854559898376,0.4882103502750397
2.25.11175860580562939441493697221497597640,/home/user/workspace/dataset_extracted/Датасет/НД_для_обучения/Исследования/2.25.11175860580562939441493697221497597640/series_003_2_CR/A2507431060 DXA/CR DXA/CR000004.dcm,0.0,0.0,1.0,0.11824341863393784,0.12754854559898376,0.4882103502750397
2.25.112621744005021908434051268014787122937,/home/user/workspace/dataset_extracted/Датасет/НД_для_обучения/Исследования/2.25.112621744005021908434051268014787122937/series_002_2_CR/A2504301685 DXA/CR DXA/CR000000.dcm,0.0,0.0,0.0,0.343776673078537,0.44096288084983826,0.5052630305290222
2.25.114887542067602662452692698814728642117,/home/user/workspace/dataset_extracted/Датасет/НД_для_обучения/Исследования/2.25.114887542067602662452692698814728642117/series_001_2_CR/A2504131887 DXA/CR DXA/CR000004.dcm,0.0,0.0,1.0,0.2867032289505005,0.38077792525291443,0.5381006598472595
2.25.114887542067602662452692698814728642117,/home/user/workspace/dataset_extracted/Датасет/НД_для_обучения/Исследования/2.25.114887542067602662452692698814728642117/series_001_2_CR/A2504131887 DXA/CR DXA/CR000007.dcm,0.0,0.0,1.0,0.2867032289505005,0.38077792525291443,0.5381006598472595
2.25.114887542067602662452692698814728642117,/home/user/workspace/dataset_extracted/Датасет/НД_для_обучения/Исследования/2.25.114887542067602662452692698814728642117/series_001_2_CR/A2504131887 DXA/CR DXA/CR000010.dcm,0.0,0.0,1.0,0.2867032289505005,0.38077792525291443,0.5381006598472595
2.25.116822802042655971810859435524105064465,/home/user/workspace/dataset_extracted/Датасет/НД_для_обучения/Исследования/2.25.116822802042655971810859435524105064465/series_003_2_CR/A2507273296 DXA/CR DXA/CR000002.dcm,0.0,0.0,0.0,0.10379163920879364,0.36732739210128784,0.18321989476680756
2.25.122446767306607067205618235949445789306,/home/user/workspace/dataset_extracted/Датасет/НД_для_обучения/Исследования/2.25.122446767306607067205618235949445789306/series_001_2_CR/A2504255080 DXA/CR DXA/CR000002.dcm,0.0,0.0,0.0,0.3472670018672943,0.44260796904563904,0.5441250801086426
2.25.122446767306607067205618235949445789306,/home/user/workspace/dataset_extracted/Датасет/НД_для_обучения/Исследования/2.25.122446767306607067205618235949445789306/series_001_2_CR/A2504255080 DXA/CR DXA/CR000005.dcm,0.0,0.0,0.0,0.3472670018672943,0.44260796904563904,0.5441250801086426
2.25.123175695355749859846173904788591707879,/home/user/workspace/dataset_extracted/Датасет/НД_для_обучения/Исследования/2.25.123175695355749859846173904788591707879/series_001_2_CR/A250722449 DXA/CR DXA/CR000000.dcm,0.0,0.0,0.0,0.14914628863334656,0.4112236201763153,0.5238850712776184
2.25.124890633326693921702195356152595253940,/home/user/workspace/dataset_extracted/Датасет/НД_для_обучения/Исследования/2.25.124890633326693921702195356152595253940/series_002_2_CR/A2504263153 DXA/CR DXA/CR000000.dcm,0.0,0.0,0.0,0.15671561658382416,0.45562487840652466,0.5152411460876465
2.25.125521310320333648427417313254965624364,/home/user/workspace/dataset_extracted/Датасет/НД_для_обучения/Исследования/2.25.125521310320333648427417313254965624364/series_001_2_CR/A250444126 DXA/CR DXA/CR000000.dcm,1.0,0.0,0.0,0.4954129755496979,0.5019893646240234,0.46011626720428467
2.25.126293418391331346694592071563510265596,/home/user/workspace/dataset_extracted/Датасет/НД_для_обучения/Исследования/2.25.126293418391331346694592071563510265596/series_002_3_CR/A2507250865 DXA/CR DXA/CR000001.dcm,0.0,0.0,0.0,0.37166979908943176,0.4537453353404999,0.5274384021759033
2.25.127126130998341190348103034690069487890,/home/user/workspace/dataset_extracted/Датасет/НД_для_обучения/Исследования/2.25.127126130998341190348103034690069487890/series_002_2_CR/A250428736 DXA/CR DXA/CR000000.dcm,0.0,1.0,0.0,0.4126223027706146,0.4826880097389221,0.5007646083831787
2.25.127126130998341190348103034690069487890,/home/user/workspace/dataset_extracted/Датасет/НД_для_обучения/Исследования/2.25.127126130998341190348103034690069487890/series_002_2_CR/A250428736 DXA/CR DXA/CR000004.dcm,0.0,1.0,0.0,0.4126223027706146,0.4826880097389221,0.5007646083831787
2.25.12798473087614376830819854616447908612,/home/user/workspace/dataset_extracted/Датасет/НД_для_обучения/Исследования/2.25.12798473087614376830819854616447908612/series_002_2_CR/A2507538847 DXA/CR DXA/CR000000.dcm,0.0,0.0,0.0,0.18367578089237213,0.22685688734054565,0.3937414586544037
2.25.128197189461989832465575162384360009377,/home/user/workspace/dataset_extracted/Датасет/НД_для_обучения/Исследования/2.25.128197189461989832465575162384360009377/series_001_2_CR/A2507216909 DXA/CR DXA/CR000000.dcm,0.0,0.0,0.0,0.13754934072494507,0.20304568111896515,0.44000646471977234
2.25.128630285053087246379265602913470285158,/home/user/workspace/dataset_extracted/Датасет/НД_для_обучения/Исследования/2.25.128630285053087246379265602913470285158/series_003_2_CR/A2504394821 DXA/CR DXA/CR000000.dcm,0.0,0.0,0.0,0.2653643488883972,0.4027531147003174,0.45917296409606934
2.25.128990540359421489042453547244535073735,/home/user/workspace/dataset_extracted/Датасет/НД_для_обучения/Исследования/2.25.128990540359421489042453547244535073735/series_002_2_CR/A2507388698 DXA/CR DXA/CR000001.dcm,1.0,0.0,0.0,0.30416184663772583,0.4803923964500427,0.5242806673049927
2.25.128990540359421489042453547244535073735,/home/user/workspace/dataset_extracted/Датасет/НД_для_обучения/Исследования/2.25.128990540359421489042453547244535073735/series_002_2_CR/A2507388698 DXA/CR DXA/CR000004.dcm,1.0,0.0,0.0,0.30416184663772583,0.4803923964500427,0.5242806673049927
2.25.13069823278093578548407087310307113784,/home/user/workspace/dataset_extracted/Датасет/НД_для_обучения/Исследования/2.25.13069823278093578548407087310307113784/series_003_2_CR/A2507242667 DXA/CR DXA/CR000001.dcm,0.0,0.0,0.0,0.25616705417633057,0.40673205256462097,0.46874794363975525
2.25.132083163398091874662674590622589534350,/home/user/workspace/dataset_extracted/Датасет/НД_для_обучения/Исследования/2.25.132083163398091874662674590622589534350/series_003_2_CR/A2507386583 DXA Exam/CR DXA Images/CR000001.dcm,0.0,0.0,0.0,0.4133404791355133,0.4689042568206787,0.5044810771942139
2.25.132272637351979990811754009849547633391,/home/user/workspace/dataset_extracted/Датасет/НД_для_обучения/Исследования/2.25.132272637351979990811754009849547633391/series_003_3_CR/A2504141080 DXA/CR DXA/CR000002.dcm,0.0,0.0,0.0,0.4276188611984253,0.45473572611808777,0.6015860438346863
2.25.13325817932854000792938662637654885530,/home/user/workspace/dataset_extracted/Датасет/НД_для_обучения/Исследования/2.25.13325817932854000792938662637654885530/series_002_2_CR/A2507365486 DXA/CR DXA/CR000000.dcm,0.0,0.0,0.0,0.029316075146198273,0.09962695837020874,0.4061987102031708
2.25.13325817932854000792938662637654885530,/home/user/workspace/dataset_extracted/Датасет/НД_для_обучения/Исследования/2.25.13325817932854000792938662637654885530/series_002_2_CR/A2507365486 DXA/CR DXA/CR000010.dcm,0.0,0.0,0.0,0.029316075146198273,0.09962695837020874,0.4061987102031708
2.25.13325817932854000792938662637654885530,/home/user/workspace/dataset_extracted/Датасет/НД_для_обучения/Исследования/2.25.13325817932854000792938662637654885530/series_002_2_CR/A2507365486 DXA/CR DXA/CR000012.dcm,0.0,0.0,0.0,0.029316075146198273,0.09962695837020874,0.4061987102031708
2.25.134456506307367483341018281460841912845,/home/user/workspace/dataset_extracted/Датасет/НД_для_обучения/Исследования/2.25.134456506307367483341018281460841912845/series_002_2_CR/A2507120612 DXA/CR DXA/CR000001.dcm,0.0,0.0,0.0,0.06178143247961998,0.05378388985991478,0.7614454030990601
2.25.135241889065705954191821710363605596815,/home/user/workspace/dataset_extracted/Датасет/НД_для_обучения/Исследования/2.25.135241889065705954191821710363605596815/series_003_3_CR/A250715060 DXA/CR DXA/CR000001.dcm,0.0,0.0,0.0,0.4661335349082947,0.4800242483615875,0.4653104245662689
2.25.13566237352084812982996047541944701548,/home/user/workspace/dataset_extracted/Датасет/НД_для_обучения/Исследования/2.25.13566237352084812982996047541944701548/series_002_2_CR/A2504268931 DXA/CR DXA/CR000000.dcm,0.0,0.0,0.0,0.22898226976394653,0.3462636172771454,0.5334793329238892
2.25.137344827330550141320158285144101816664,/home/user/workspace/dataset_extracted/Датасет/НД_для_обучения/Исследования/2.25.137344827330550141320158285144101816664/series_003_3_CR/A2507146630 DXA/CR DXA/CR000000.dcm,0.0,0.0,0.0,0.34882187843322754,0.4586324095726013,0.5236544609069824
2.25.137675513852774974135210999345676405116,/home/user/workspace/dataset_extracted/Датасет/НД_для_обучения/Исследования/2.25.137675513852774974135210999345676405116/series_001_2_CR/A2504106597 DXA/CR DXA/CR000000.dcm,0.0,0.0,0.0,0.284729540348053,0.3545287251472473,0.45886948704719543
2.25.13983650679559142983913935144968795415,/home/user/workspace/dataset_extracted/Датасет/НД_для_обучения/Исследования/2.25.13983650679559142983913935144968795415/series_003_2_CR/A2504335111 DXA/CR DXA/CR000000.dcm,0.0,0.0,0.0,0.08675912022590637,0.38577643036842346,0.27759629487991333
2.25.13983650679559142983913935144968795415,/home/user/workspace/dataset_extracted/Датасет/НД_для_обучения/Исследования/2.25.13983650679559142983913935144968795415/series_003_2_CR/A2504335111 DXA/CR DXA/CR000003.dcm,0.0,0.0,0.0,0.08675912022590637,0.38577643036842346,0.27759629487991333
2.25.144941557565802351596730914409170713112,/home/user/workspace/dataset_extracted/Датасет/НД_для_обучения/Исследования/2.25.144941557565802351596730914409170713112/series_001_2_CR/A250728979 DXA/CR DXA/CR000006.dcm,0.0,0.0,0.0,0.33903804421424866,0.43044227361679077,0.5091190934181213
2.25.144941557565802351596730914409170713112,/home/user/workspace/dataset_extracted/Датасет/НД_для_обучения/Исследования/2.25.144941557565802351596730914409170713112/series_001_2_CR/A250728979 DXA/CR DXA/CR000008.dcm,0.0,0.0,0.0,0.33903804421424866,0.43044227361679077,0.5091190934181213
2.25.144941557565802351596730914409170713112,/home/user/workspace/dataset_extracted/Датасет/НД_для_обучения/Исследования/2.25.144941557565802351596730914409170713112/series_001_2_CR/A250728979 DXA/CR DXA/CR000009.dcm,0.0,0.0,0.0,0.33903804421424866,0.43044227361679077,0.5091190934181213
2.25.145848300160680194368420189079847088556,/home/user/workspace/dataset_extracted/Датасет/НД_для_обучения/Исследования/2.25.145848300160680194368420189079847088556/series_002_2_CR/A2504248615 DXA Exam/CR DXA Images/CR000002.dcm,0.0,0.0,0.0,0.24115179479122162,0.25053879618644714,0.46132275462150574
2.25.151186844055172005615813066162721550889,/home/user/workspace/dataset_extracted/Датасет/НД_для_обучения/Исследования/2.25.151186844055172005615813066162721550889/series_002_2_CR/A250436130 DXA/CR DXA/CR000000.dcm,0.0,0.0,0.0,0.3296829164028168,0.4555943012237549,0.4488730728626251
2.25.156021661584944120526934974594604520993,/home/user/workspace/dataset_extracted/Датасет/НД_для_обучения/Исследования/2.25.156021661584944120526934974594604520993/series_003_2_CR/A2507142228 DXA/CR DXA/CR000000.dcm,0.0,0.0,0.0,0.3406734764575958,0.4590889811515808,0.45451802015304565
2.25.156021661584944120526934974594604520993,/home/user/workspace/dataset_extracted/Датасет/НД_для_обучения/Исследования/2.25.156021661584944120526934974594604520993/series_003_2_CR/A2507142228 DXA/CR DXA/CR000008.dcm,0.0,0.0,0.0,0.3406734764575958,0.4590889811515808,0.45451802015304565
2.25.156021661584944120526934974594604520993,/home/user/workspace/dataset_extracted/Датасет/НД_для_обучения/Исследования/2.25.156021661584944120526934974594604520993/series_003_2_CR/A2507142228 DXA/CR DXA/CR000011.dcm,0.0,0.0,0.0,0.3406734764575958,0.4590889811515808,0.45451802015304565
2.25.156375884487675936513403083218009333856,/home/user/workspace/dataset_extracted/Датасет/НД_для_обучения/Исследования/2.25.156375884487675936513403083218009333856/series_003_2_CR/A250727121 DXA/CR DXA/CR000001.dcm,0.0,0.0,1.0,0.2532184422016144,0.4374811351299286,0.468208909034729
2.25.156375884487675936513403083218009333856,/home/user/workspace/dataset_extracted/Датасет/НД_для_обучения/Исследования/2.25.156375884487675936513403083218009333856/series_003_2_CR/A250727121 DXA/CR DXA/CR000003.dcm,0.0,0.0,1.0,0.2532184422016144,0.4374811351299286,0.468208909034729
2.25.156375884487675936513403083218009333856,/home/user/workspace/dataset_extracted/Датасет/НД_для_обучения/Исследования/2.25.156375884487675936513403083218009333856/series_003_2_CR/A250727121 DXA/CR DXA/CR000009.dcm,0.0,0.0,1.0,0.2532184422016144,0.4374811351299286,0.468208909034729
2.25.156389075510671877606923458507011517218,/home/user/workspace/dataset_extracted/Датасет/НД_для_обучения/Исследования/2.25.156389075510671877606923458507011517218/series_001_2_CR/A2507389755 DXA/CR DXA/CR000002.dcm,0.0,0.0,0.0,0.17053334414958954,0.2669776976108551,0.2795851230621338
2.25.156389075510671877606923458507011517218,/home/user/workspace/dataset_extracted/Датасет/НД_для_обучения/Исследования/2.25.156389075510671877606923458507011517218/series_001_2_CR/A2507389755 DXA/CR DXA/CR000003.dcm,0.0,0.0,0.0,0.17053334414958954,0.2669776976108551,0.2795851230621338
2.25.157462338378550185821790046400986801350,/home/user/workspace/dataset_extracted/Датасет/НД_для_обучения/Исследования/2.25.157462338378550185821790046400986801350/series_001_2_CR/A2507498707 DXA/CR DXA/CR000000.dcm,0.0,0.0,0.0,0.30341771245002747,0.48359203338623047,0.4954968988895416
2.25.157462338378550185821790046400986801350,/home/user/workspace/dataset_extracted/Датасет/НД_для_обучения/Исследования/2.25.157462338378550185821790046400986801350/series_001_2_CR/A2507498707 DXA/CR DXA/CR000002.dcm,0.0,0.0,0.0,0.30341771245002747,0.48359203338623047,0.4954968988895416
2.25.158197739569377798130962967413133224194,/home/user/workspace/dataset_extracted/Датасет/НД_для_обучения/Исследования/2.25.158197739569377798130962967413133224194/series_002_2_CR/A2504245497 DXA/CR DXA/CR000000.dcm,0.0,0.0,0.0,0.18390288949012756,0.34542611241340637,0.5285322666168213
2.25.158646777318759504110695916200521633609,/home/user/workspace/dataset_extracted/Датасет/НД_для_обучения/Исследования/2.25.158646777318759504110695916200521633609/series_003_6_CR/A2507266260 DXA/CR DXA/CR000001.dcm,0.0,0.0,1.0,0.15873625874519348,0.2744928002357483,0.47750988602638245
2.25.158646777318759504110695916200521633609,/home/user/workspace/dataset_extracted/Датасет/НД_для_обучения/Исследования/2.25.158646777318759504110695916200521633609/series_003_6_CR/A2507266260 DXA/CR DXA/CR000002.dcm,0.0,0.0,1.0,0.15873625874519348,0.2744928002357483,0.47750988602638245
2.25.158646777318759504110695916200521633609,/home/user/workspace/dataset_extracted/Датасет/НД_для_обучения/Исследования/2.25.158646777318759504110695916200521633609/series_003_6_CR/A2507266260 DXA/CR DXA/CR000008.dcm,0.0,0.0,1.0,0.15873634815216064,0.27449288964271545,0.4775099754333496
2.25.158646777318759504110695916200521633609,/home/user/workspace/dataset_extracted/Датасет/НД_для_обучения/Исследования/2.25.158646777318759504110695916200521633609/series_003_6_CR/A2507266260 DXA/CR DXA/CR000009.dcm,0.0,0.0,1.0,0.15873634815216064,0.27449288964271545,0.4775099754333496
2.25.158646777318759504110695916200521633609,/home/user/workspace/dataset_extracted/Датасет/НД_для_обучения/Исследования/2.25.158646777318759504110695916200521633609/series_004_2_CR/A2507266260 DXA/CR DXA/CR000000.dcm,0.0,0.0,1.0,0.15873625874519348,0.2744928002357483,0.47750988602638245
2.25.158646777318759504110695916200521633609,/home/user/workspace/dataset_extracted/Датасет/НД_для_обучения/Исследования/2.25.158646777318759504110695916200521633609/series_004_2_CR/A2507266260 DXA/CR DXA/CR000002.dcm,0.0,0.0,1.0,0.15873625874519348,0.2744928002357483,0.47750988602638245
2.25.158646777318759504110695916200521633609,/home/user/workspace/dataset_extracted/Датасет/НД_для_обучения/Исследования/2.25.158646777318759504110695916200521633609/series_004_2_CR/A2507266260 DXA/CR DXA/CR000005.dcm,0.0,0.0,1.0,0.15873625874519348,0.2744928002357483,0.47750988602638245
2.25.158646777318759504110695916200521633609,/home/user/workspace/dataset_extracted/Датасет/НД_для_обучения/Исследования/2.25.158646777318759504110695916200521633609/series_004_2_CR/A2507266260 DXA/CR DXA/CR000008.dcm,0.0,0.0,1.0,0.15873625874519348,0.2744928002357483,0.47750988602638245
2.25.158646777318759504110695916200521633609,/home/user/workspace/dataset_extracted/Датасет/НД_для_обучения/Исследования/2.25.158646777318759504110695916200521633609/series_004_2_CR/A2507266260 DXA/CR DXA/CR000012.dcm,0.0,0.0,1.0,0.15873625874519348,0.2744928002357483,0.47750988602638245
2.25.158646777318759504110695916200521633609,/home/user/workspace/dataset_extracted/Датасет/НД_для_обучения/Исследования/2.25.158646777318759504110695916200521633609/series_004_2_CR/A2507266260 DXA/CR DXA/CR000013.dcm,0.0,0.0,1.0,0.15873625874519348,0.2744928002357483,0.47750988602638245
2.25.159930383074323525630608416881201447861,/home/user/workspace/dataset_extracted/Датасет/НД_для_обучения/Исследования/2.25.159930383074323525630608416881201447861/series_002_2_CR/A2507139428 DXA/CR DXA/CR000000.dcm,0.0,0.0,0.0,0.2890723645687103,0.4642811119556427,0.5215311646461487
2.25.164566280810634620154538016595892212884,/home/user/workspace/dataset_extracted/Датасет/НД_для_обучения/Исследования/2.25.164566280810634620154538016595892212884/series_001_2_CR/A2504291878 DXA Exam/CR DXA Images/CR000001.dcm,1.0,0.0,0.0,0.5396691560745239,0.6092883348464966,0.45789724588394165
2.25.165091430504580219034019815337441064349,/home/user/workspace/dataset_extracted/Датасет/НД_для_обучения/Исследования/2.25.165091430504580219034019815337441064349/series_001_2_CR/A2504415443 DXA/CR DXA/CR000002.dcm,0.0,0.0,0.0,0.5369762182235718,0.5454529523849487,0.4881479740142822
2.25.165091430504580219034019815337441064349,/home/user/workspace/dataset_extracted/Датасет/НД_для_обучения/Исследования/2.25.165091430504580219034019815337441064349/series_001_2_CR/A2504415443 DXA/CR DXA/CR000003.dcm,0.0,0.0,0.0,0.5369762182235718,0.5454529523849487,0.4881479740142822
2.25.165355673991587715046346525964554729786,/home/user/workspace/dataset_extracted/Датасет/НД_для_обучения/Исследования/2.25.165355673991587715046346525964554729786/series_003_3_CR/A2506448267 DXA/CR DXA/CR000001.dcm,0.0,0.0,1.0,0.4805978834629059,0.49755051732063293,0.4781593084335327
2.25.167344201679287285499405412654740659745,/home/user/workspace/dataset_extracted/Датасет/НД_для_обучения/Исследования/2.25.167344201679287285499405412654740659745/series_003_2_CR/A2504249537 DXA/CR DXA/CR000002.dcm,0.0,0.0,0.0,0.3414616584777832,0.48820218443870544,0.4793010354042053
2.25.167344201679287285499405412654740659745,/home/user/workspace/dataset_extracted/Датасет/НД_для_обучения/Исследования/2.25.167344201679287285499405412654740659745/series_003_2_CR/A2504249537 DXA/CR DXA/CR000004.dcm,0.0,0.0,0.0,0.341461718082428,0.48820218443870544,0.4793010354042053
2.25.16773626720107440979805052259711419763,/home/user/workspace/dataset_extracted/Датасет/НД_для_обучения/Исследования/2.25.16773626720107440979805052259711419763/series_004_2_CR/A2507537392 DXA/CR DXA/CR000000.dcm,0.0,0.0,0.0,0.43581634759902954,0.6073123216629028,0.388555109500885
2.25.16773626720107440979805052259711419763,/home/user/workspace/dataset_extracted/Датасет/НД_для_обучения/Исследования/2.25.16773626720107440979805052259711419763/series_004_2_CR/A2507537392 DXA/CR DXA/CR000003.dcm,0.0,0.0,0.0,0.43581631779670715,0.6073122024536133,0.388555109500885
2.25.16773626720107440979805052259711419763,/home/user/workspace/dataset_extracted/Датасет/НД_для_обучения/Исследования/2.25.16773626720107440979805052259711419763/series_004_2_CR/A2507537392 DXA/CR DXA/CR000011.dcm,0.0,0.0,0.0,0.43581631779670715,0.6073122024536133,0.388555109500885
2.25.168317503020329569414190677927680518621,/home/user/workspace/dataset_extracted/Датасет/НД_для_обучения/Исследования/2.25.168317503020329569414190677927680518621/series_004_2_CR/A2507557128 DXA/CR DXA/CR000003.dcm,0.0,0.0,0.0,0.21494591236114502,0.4463665783405304,0.5599738955497742
2.25.168317503020329569414190677927680518621,/home/user/workspace/dataset_extracted/Датасет/НД_для_обучения/Исследования/2.25.168317503020329569414190677927680518621/series_004_2_CR/A2507557128 DXA/CR DXA/CR000006.dcm,0.0,0.0,0.0,0.21494604647159576,0.44636669754981995,0.559973955154419
2.25.168317503020329569414190677927680518621,/home/user/workspace/dataset_extracted/Датасет/НД_для_обучения/Исследования/2.25.168317503020329569414190677927680518621/series_004_2_CR/A2507557128 DXA/CR DXA/CR000009.dcm,0.0,0.0,0.0,0.21494591236114502,0.4463665783405304,0.5599738955497742
2.25.169242707068684757906797344800977707240,/home/user/workspace/dataset_extracted/Датасет/НД_для_обучения/Исследования/2.25.169242707068684757906797344800977707240/series_003_2_CR/A2507185832 DXA/CR DXA/CR000000.dcm,0.0,0.0,0.0,0.24742282927036285,0.4071536660194397,0.49904754757881165
2.25.172445998420765569384934552191547932566,/home/user/workspace/dataset_extracted/Датасет/НД_для_обучения/Исследования/2.25.172445998420765569384934552191547932566/series_004_2_CR/A2507368766 DXA/CR DXA/CR000000.dcm,0.0,0.0,1.0,0.1890101134777069,0.3184552490711212,0.4562872648239136
2.25.173731186748227489808861376513577450951,/home/user/workspace/dataset_extracted/Датасет/НД_для_обучения/Исследования/2.25.173731186748227489808861376513577450951/series_002_2_CR/A2507188958 DXA/CR DXA/CR000000.dcm,0.0,0.0,0.0,0.3634134829044342,0.4538102447986603,0.48601460456848145
2.25.173753313169335820519632380691065649420,/home/user/workspace/dataset_extracted/Датасет/НД_для_обучения/Исследования/2.25.173753313169335820519632380691065649420/series_003_2_CR/A2504265499 DXA/CR DXA/CR000002.dcm,0.0,1.0,0.0,0.2559318244457245,0.4285774827003479,0.49881869554519653
2.25.173753313169335820519632380691065649420,/home/user/workspace/dataset_extracted/Датасет/НД_для_обучения/Исследования/2.25.173753313169335820519632380691065649420/series_003_2_CR/A2504265499 DXA/CR DXA/CR000005.dcm,0.0,1.0,0.0,0.2559318244457245,0.4285774827003479,0.49881869554519653
2.25.173753313169335820519632380691065649420,/home/user/workspace/dataset_extracted/Датасет/НД_для_обучения/Исследования/2.25.173753313169335820519632380691065649420/series_003_2_CR/A2504265499 DXA/CR DXA/CR000008.dcm,0.0,1.0,0.0,0.2559318244457245,0.4285774827003479,0.49881869554519653
2.25.175881661753775295785039265792986971602,/home/user/workspace/dataset_extracted/Датасет/НД_для_обучения/Исследования/2.25.175881661753775295785039265792986971602/series_003_2_CR/A2507266462 DXA/CR DXA/CR000001.dcm,0.0,0.0,0.0,0.035998765379190445,0.31429848074913025,0.1626000702381134
2.25.175903805423871105435148927871625232853,/home/user/workspace/dataset_extracted/Датасет/НД_для_обучения/Исследования/2.25.175903805423871105435148927871625232853/series_001_2_CR/A2507159447 DXA/CR DXA/CR000000.dcm,0.0,0.0,0.0,0.1278136521577835,0.36165162920951843,0.3911665678024292
2.25.17706555930735581384953296958427669848,/home/user/workspace/dataset_extracted/Датасет/НД_для_обучения/Исследования/2.25.17706555930735581384953296958427669848/series_004_3_CR/A2504146513 DXA/CR DXA/CR000001.dcm,0.0,0.0,1.0,0.2294462025165558,0.6168094873428345,0.2815324068069458
2.25.17706555930735581384953296958427669848,/home/user/workspace/dataset_extracted/Датасет/НД_для_обучения/Исследования/2.25.17706555930735581384953296958427669848/series_004_3_CR/A2504146513 DXA/CR DXA/CR000002.dcm,0.0,0.0,1.0,0.2294462025165558,0.6168094873428345,0.2815324068069458
2.25.177745077805190810016231350557005569203,/home/user/workspace/dataset_extracted/Датасет/НД_для_обучения/Исследования/2.25.177745077805190810016231350557005569203/series_002_2_CR/A2504273759 DXA/CR DXA/CR000001.dcm,0.0,0.0,0.0,0.06602595746517181,0.12305469810962677,0.5980084538459778
2.25.177745077805190810016231350557005569203,/home/user/workspace/dataset_extracted/Датасет/НД_для_обучения/Исследования/2.25.177745077805190810016231350557005569203/series_002_2_CR/A2504273759 DXA/CR DXA/CR000002.dcm,0.0,0.0,0.0,0.06602595746517181,0.12305469810962677,0.5980084538459778
2.25.178533355209696795441380751187185128893,/home/user/workspace/dataset_extracted/Датасет/НД_для_обучения/Исследования/2.25.178533355209696795441380751187185128893/series_003_2_CR/A2507155452 DXA/CR DXA/CR000000.dcm,0.0,0.0,0.0,0.3739698827266693,0.4504412114620209,0.48060718178749084
2.25.181196659018348153828200695057897449628,/home/user/workspace/dataset_extracted/Датасет/НД_для_обучения/Исследования/2.25.181196659018348153828200695057897449628/series_004_2_CR/A2507370620 DXA/CR DXA/CR000002.dcm,0.0,0.0,0.0,0.28973039984703064,0.4381949007511139,0.5047328472137451
2.25.181196659018348153828200695057897449628,/home/user/workspace/dataset_extracted/Датасет/НД_для_обучения/Исследования/2.25.181196659018348153828200695057897449628/series_004_2_CR/A2507370620 DXA/CR DXA/CR000003.dcm,0.0,0.0,0.0,0.28973037004470825,0.4381949007511139,0.5047328472137451
2.25.181196659018348153828200695057897449628,/home/user/workspace/dataset_extracted/Датасет/НД_для_обучения/Исследования/2.25.181196659018348153828200695057897449628/series_004_2_CR/A2507370620 DXA/CR DXA/CR000011.dcm,0.0,0.0,0.0,0.28973037004470825,0.4381949007511139,0.5047328472137451
2.25.184198356665635336833172191504278054074,/home/user/workspace/dataset_extracted/Датасет/НД_для_обучения/Исследования/2.25.184198356665635336833172191504278054074/series_004_2_CR/A250788286 DXA/CR DXA/CR000000.dcm,0.0,0.0,0.0,0.17519059777259827,0.3833674192428589,0.49456319212913513
2.25.186201010600484120326273381077449377115,/home/user/workspace/dataset_extracted/Датасет/НД_для_обучения/Исследования/2.25.186201010600484120326273381077449377115/series_004_2_CR/A250777475 DXA/CR DXA/CR000007.dcm,0.0,0.0,0.0,0.18504811823368073,0.4011382460594177,0.30154475569725037
2.25.186201010600484120326273381077449377115,/home/user/workspace/dataset_extracted/Датасет/НД_для_обучения/Исследования/2.25.186201010600484120326273381077449377115/series_004_2_CR/A250777475 DXA/CR DXA/CR000010.dcm,0.0,0.0,0.0,0.18504811823368073,0.4011382460594177,0.30154475569725037
2.25.186201010600484120326273381077449377115,/home/user/workspace/dataset_extracted/Датасет/НД_для_обучения/Исследования/2.25.186201010600484120326273381077449377115/series_004_2_CR/A250777475 DXA/CR DXA/CR000011.dcm,0.0,0.0,0.0,0.18504813313484192,0.40113839507102966,0.30154478549957275
2.25.190331309633057244929837507901317950031,/home/user/workspace/dataset_extracted/Датасет/НД_для_обучения/Исследования/2.25.190331309633057244929837507901317950031/series_001_2_CR/A250791815 DXA/CR DXA/CR000003.dcm,0.0,1.0,0.0,0.21546319127082825,0.3855087161064148,0.4561632573604584
2.25.190331309633057244929837507901317950031,/home/user/workspace/dataset_extracted/Датасет/НД_для_обучения/Исследования/2.25.190331309633057244929837507901317950031/series_001_2_CR/A250791815 DXA/CR DXA/CR000005.dcm,0.0,1.0,0.0,0.21546319127082825,0.3855087161064148,0.4561632573604584
2.25.190331309633057244929837507901317950031,/home/user/workspace/dataset_extracted/Датасет/НД_для_обучения/Исследования/2.25.190331309633057244929837507901317950031/series_001_2_CR/A250791815 DXA/CR DXA/CR000008.dcm,0.0,1.0,0.0,0.21546319127082825,0.3855087161064148,0.4561632573604584
2.25.190807933410234695931591553323782771995,/home/user/workspace/dataset_extracted/Датасет/НД_для_обучения/Исследования/2.25.190807933410234695931591553323782771995/series_002_3_CR/A250762254 DXA/CR DXA/CR000000.dcm,0.0,0.0,1.0,0.3461316227912903,0.482889860868454,0.47695302963256836
2.25.215177279960644564778148238928738915103,/home/user/workspace/dataset_extracted/Датасет/НД_для_обучения/Исследования/2.25.215177279960644564778148238928738915103/series_002_2_CR/A2504147013 DXA/CR DXA/CR000001.dcm,0.0,0.0,0.0,0.16363057494163513,0.3465210497379303,0.38317492604255676
2.25.215177279960644564778148238928738915103,/home/user/workspace/dataset_extracted/Датасет/НД_для_обучения/Исследования/2.25.215177279960644564778148238928738915103/series_002_2_CR/A2504147013 DXA/CR DXA/CR000004.dcm,0.0,0.0,0.0,0.16363057494163513,0.3465210497379303,0.38317492604255676
2.25.217397325224876728316360420804118329081,/home/user/workspace/dataset_extracted/Датасет/НД_для_обучения/Исследования/2.25.217397325224876728316360420804118329081/series_002_2_CR/A250474631 DXA/CR DXA/CR000002.dcm,0.0,0.0,0.0,0.05019564926624298,0.17946095764636993,0.6208851933479309
2.25.217397325224876728316360420804118329081,/home/user/workspace/dataset_extracted/Датасет/НД_для_обучения/Исследования/2.25.217397325224876728316360420804118329081/series_002_2_CR/A250474631 DXA/CR DXA/CR000004.dcm,0.0,0.0,0.0,0.05019564926624298,0.17946095764636993,0.6208851933479309
2.25.217397325224876728316360420804118329081,/home/user/workspace/dataset_extracted/Датасет/НД_для_обучения/Исследования/2.25.217397325224876728316360420804118329081/series_002_2_CR/A250474631 DXA/CR DXA/CR000005.dcm,0.0,0.0,0.0,0.05019564926624298,0.17946095764636993,0.6208851933479309
2.25.220866240977467582196609708837940253840,/home/user/workspace/dataset_extracted/Датасет/НД_для_обучения/Исследования/2.25.220866240977467582196609708837940253840/series_001_2_CR/A2504258893 DXA/CR DXA/CR000000.dcm,0.0,1.0,0.0,0.056920573115348816,0.4391079843044281,0.15134266018867493
2.25.234651502352368356456298825489565282446,/home/user/workspace/dataset_extracted/Датасет/НД_для_обучения/Исследования/2.25.234651502352368356456298825489565282446/series_002_2_CR/A2504307193 DXA/CR DXA/CR000002.dcm,0.0,0.0,0.0,0.3725307881832123,0.5067929029464722,0.4817888140678406
2.25.234651502352368356456298825489565282446,/home/user/workspace/dataset_extracted/Датасет/НД_для_обучения/Исследования/2.25.234651502352368356456298825489565282446/series_002_2_CR/A2504307193 DXA/CR DXA/CR000006.dcm,0.0,0.0,0.0,0.3725307881832123,0.5067929029464722,0.4817888140678406
2.25.234651502352368356456298825489565282446,/home/user/workspace/dataset_extracted/Датасет/НД_для_обучения/Исследования/2.25.234651502352368356456298825489565282446/series_002_2_CR/A2504307193 DXA/CR DXA/CR000008.dcm,0.0,0.0,0.0,0.3725307881832123,0.5067929029464722,0.4817888140678406
2.25.247714038039430659432048101646401574824,/home/user/workspace/dataset_extracted/Датасет/НД_для_обучения/Исследования/2.25.247714038039430659432048101646401574824/series_002_2_CR/A2504238024 DXA Exam/CR DXA Images/CR000002.dcm,0.0,0.0,1.0,0.35487595200538635,0.5158198475837708,0.5899214744567871
2.25.269648774413746842548908998641183395622,/home/user/workspace/dataset_extracted/Датасет/НД_для_обучения/Исследования/2.25.269648774413746842548908998641183395622/series_001_2_CR/A2504393664 DXA/CR DXA/CR000001.dcm,0.0,1.0,1.0,0.28532347083091736,0.40727439522743225,0.49221548438072205
2.25.269742577365511543488820993979123763373,/home/user/workspace/dataset_extracted/Датасет/НД_для_обучения/Исследования/2.25.269742577365511543488820993979123763373/series_003_2_CR/A250477751 DXA/CR DXA/CR000000.dcm,0.0,0.0,0.0,0.11781948804855347,0.2988125681877136,0.5783118605613708
2.25.272690031744216183651627058502316132741,/home/user/workspace/dataset_extracted/Датасет/НД_для_обучения/Исследования/2.25.272690031744216183651627058502316132741/series_002_2_CR/A2504373414 DXA/CR DXA/CR000001.dcm,0.0,0.0,0.0,0.24682289361953735,0.3158191740512848,0.4551354944705963
2.25.272690031744216183651627058502316132741,/home/user/workspace/dataset_extracted/Датасет/НД_для_обучения/Исследования/2.25.272690031744216183651627058502316132741/series_002_2_CR/A2504373414 DXA/CR DXA/CR000006.dcm,0.0,0.0,0.0,0.24682289361953735,0.3158191740512848,0.4551354944705963
2.25.272690031744216183651627058502316132741,/home/user/workspace/dataset_extracted/Датасет/НД_для_обучения/Исследования/2.25.272690031744216183651627058502316132741/series_002_2_CR/A2504373414 DXA/CR DXA/CR000009.dcm,0.0,0.0,0.0,0.24682289361953735,0.3158191740512848,0.4551354944705963
2.25.276415754443998872860614500027519740375,/home/user/workspace/dataset_extracted/Датасет/НД_для_обучения/Исследования/2.25.276415754443998872860614500027519740375/series_002_2_CR/A2504387089 DXA/CR DXA/CR000000.dcm,0.0,0.0,0.0,0.2926614284515381,0.3788991868495941,0.5121614933013916
2.25.276415754443998872860614500027519740375,/home/user/workspace/dataset_extracted/Датасет/НД_для_обучения/Исследования/2.25.276415754443998872860614500027519740375/series_002_2_CR/A2504387089 DXA/CR DXA/CR000001.dcm,0.0,0.0,0.0,0.29266130924224854,0.37889909744262695,0.5121614336967468
2.25.277752758923974029595977676354128739670,/home/user/workspace/dataset_extracted/Датасет/НД_для_обучения/Исследования/2.25.277752758923974029595977676354128739670/series_002_2_CR/A2504223752 DXA/CR DXA/CR000004.dcm,0.0,0.0,1.0,0.3201572299003601,0.44618186354637146,0.5139815211296082
2.25.277752758923974029595977676354128739670,/home/user/workspace/dataset_extracted/Датасет/НД_для_обучения/Исследования/2.25.277752758923974029595977676354128739670/series_002_2_CR/A2504223752 DXA/CR DXA/CR000005.dcm,0.0,0.0,1.0,0.3201572299003601,0.44618186354637146,0.5139815211296082
2.25.286999464611662854355201599068538813496,/home/user/workspace/dataset_extracted/Датасет/НД_для_обучения/Исследования/2.25.286999464611662854355201599068538813496/series_003_2_CR/A2504223477 DXA/CR DXA/CR000001.dcm,0.0,0.0,0.0,0.07829073816537857,0.39748507738113403,0.25401610136032104
2.25.286999464611662854355201599068538813496,/home/user/workspace/dataset_extracted/Датасет/НД_для_обучения/Исследования/2.25.286999464611662854355201599068538813496/series_003_2_CR/A2504223477 DXA/CR DXA/CR000004.dcm,0.0,0.0,0.0,0.07829073816537857,0.39748507738113403,0.25401610136032104
2.25.29638026465755240167985424461715024381,/home/user/workspace/dataset_extracted/Датасет/НД_для_обучения/Исследования/2.25.29638026465755240167985424461715024381/series_004_3_CR/A2504115579 DXA/CR DXA/CR000001.dcm,1.0,0.0,0.0,0.3754357099533081,0.5091376900672913,0.49172693490982056
2.25.306921081709806079165809721263236241032,/home/user/workspace/dataset_extracted/Датасет/НД_для_обучения/Исследования/2.25.306921081709806079165809721263236241032/series_002_2_CR/A2504381177 DXA/CR DXA/CR000000.dcm,0.0,0.0,0.0,0.28369778394699097,0.4836176931858063,0.3019850254058838
2.25.307021710202910067378603383388989711646,/home/user/workspace/dataset_extracted/Датасет/НД_для_обучения/Исследования/2.25.307021710202910067378603383388989711646/series_004_2_CR/A2504110565 DXA/CR DXA/CR000000.dcm,0.0,0.0,1.0,0.27618858218193054,0.3763876259326935,0.46468958258628845
2.25.307021710202910067378603383388989711646,/home/user/workspace/dataset_extracted/Датасет/НД_для_обучения/Исследования/2.25.307021710202910067378603383388989711646/series_004_2_CR/A2504110565 DXA/CR DXA/CR000010.dcm,0.0,0.0,1.0,0.27618858218193054,0.3763876259326935,0.46468958258628845
2.25.307021710202910067378603383388989711646,/home/user/workspace/dataset_extracted/Датасет/НД_для_обучения/Исследования/2.25.307021710202910067378603383388989711646/series_004_2_CR/A2504110565 DXA/CR DXA/CR000011.dcm,0.0,0.0,1.0,0.27618858218193054,0.3763876259326935,0.46468958258628845
2.25.309085571913348252136520206003694446566,/home/user/workspace/dataset_extracted/Датасет/НД_для_обучения/Исследования/2.25.309085571913348252136520206003694446566/series_002_2_CR/A2504116267 DXA/CR DXA/CR000000.dcm,0.0,1.0,0.0,0.09628087282180786,0.1244380846619606,0.33581650257110596
2.25.314147167453134440746270747484612743945,/home/user/workspace/dataset_extracted/Датасет/НД_для_обучения/Исследования/2.25.314147167453134440746270747484612743945/series_002_2_CR/A2504224780 DXA/CR DXA/CR000002.dcm,0.0,0.0,0.0,0.2918066680431366,0.40884339809417725,0.48057490587234497
2.25.322202456901330781765399791024580391565,/home/user/workspace/dataset_extracted/Датасет/НД_для_обучения/Исследования/2.25.322202456901330781765399791024580391565/series_002_2_CR/A2504350020 DXA/CR DXA/CR000000.dcm,0.0,0.0,0.0,0.5108363032341003,0.547566294670105,0.4785189628601074
2.25.338439598607961312040815816824093323492,/home/user/workspace/dataset_extracted/Датасет/НД_для_обучения/Исследования/2.25.338439598607961312040815816824093323492/series_002_2_CR/A2504147124 DXA/CR DXA/CR000000.dcm,0.0,0.0,1.0,0.3865217864513397,0.460012823343277,0.4875493347644806
2.25.339027809107632348165171236474821772940,/home/user/workspace/dataset_extracted/Датасет/НД_для_обучения/Исследования/2.25.339027809107632348165171236474821772940/series_001_2_CR/A2504349642 DXA/CR DXA/CR000001.dcm,0.0,0.0,0.0,0.07493582367897034,0.11163631081581116,0.480991005897522
2.25.339027809107632348165171236474821772940,/home/user/workspace/dataset_extracted/Датасет/НД_для_обучения/Исследования/2.25.339027809107632348165171236474821772940/series_001_2_CR/A2504349642 DXA/CR DXA/CR000004.dcm,0.0,0.0,0.0,0.07493575662374496,0.11163631081581116,0.4809909462928772
2.25.340839477910528898406207279980417945,/home/user/workspace/dataset_extracted/Датасет/НД_для_обучения/Исследования/2.25.340839477910528898406207279980417945/series_001_2_CR/A2504224555 DXA Exam/CR DXA Images/CR000002.dcm,0.0,0.0,0.0,0.04072952643036842,0.5685328245162964,0.11818235367536545
2.25.37515662379281069436632838996073181551,/home/user/workspace/dataset_extracted/Датасет/НД_для_обучения/Исследования/2.25.37515662379281069436632838996073181551/series_001_2_CR/A2504329840 DXA/CR DXA/CR000000.dcm,0.0,1.0,0.0,0.09962128847837448,0.26970404386520386,0.3773548901081085
2.25.39068163399801173920284179500049527111,/home/user/workspace/dataset_extracted/Датасет/НД_для_обучения/Исследования/2.25.39068163399801173920284179500049527111/series_002_2_CR/A2504195842 DXA/CR DXA/CR000002.dcm,0.0,1.0,1.0,0.30920928716659546,0.41083547472953796,0.4774092733860016
2.25.48906424954135283790354958243772558962,/home/user/workspace/dataset_extracted/Датасет/НД_для_обучения/Исследования/2.25.48906424954135283790354958243772558962/series_001_2_CR/A2504185596 DXA Exam/CR DXA Images/CR000002.dcm,0.0,0.0,1.0,0.1374557912349701,0.26600781083106995,0.7278483510017395
2.25.52532476139575422857225834315571570912,/home/user/workspace/dataset_extracted/Датасет/НД_для_обучения/Исследования/2.25.52532476139575422857225834315571570912/series_001_2_CR/A2504247961 DXA/CR DXA/CR000000.dcm,0.0,0.0,0.0,0.35421082377433777,0.47494909167289734,0.5206389427185059
2.25.52982400970721161435951723390541696819,/home/user/workspace/dataset_extracted/Датасет/НД_для_обучения/Исследования/2.25.52982400970721161435951723390541696819/series_001_2_CR/A2504331065 DXA/CR DXA/CR000002.dcm,1.0,0.0,0.0,0.39422744512557983,0.44780048727989197,0.48278558254241943
2.25.52982400970721161435951723390541696819,/home/user/workspace/dataset_extracted/Датасет/НД_для_обучения/Исследования/2.25.52982400970721161435951723390541696819/series_001_2_CR/A2504331065 DXA/CR DXA/CR000004.dcm,1.0,0.0,0.0,0.39422744512557983,0.44780048727989197,0.48278558254241943
2.25.54396839637320114639948764487283877793,/home/user/workspace/dataset_extracted/Датасет/НД_для_обучения/Исследования/2.25.54396839637320114639948764487283877793/series_003_2_CR/A2504111090 DXA/CR DXA/CR000000.dcm,0.0,0.0,0.0,0.5109531283378601,0.4090682864189148,0.5349145531654358
2.25.59542620917302828428419211045951914336,/home/user/workspace/dataset_extracted/Датасет/НД_для_обучения/Исследования/2.25.59542620917302828428419211045951914336/series_001_2_CR/A2504303391 DXA/CR DXA/CR000000.dcm,0.0,0.0,1.0,0.10161937028169632,0.3550744354724884,0.3734709918498993
2.25.65954778282254353457041255543338557112,/home/user/workspace/dataset_extracted/Датасет/НД_для_обучения/Исследования/2.25.65954778282254353457041255543338557112/series_004_3_CR/A2504246289 DXA/CR DXA/CR000002.dcm,0.0,0.0,0.0,0.18650157749652863,0.3416386544704437,0.49030083417892456
2.25.66397484472966116002950503539482860450,/home/user/workspace/dataset_extracted/Датасет/НД_для_обучения/Исследования/2.25.66397484472966116002950503539482860450/series_001_2_CR/A2504194637 DXA/CR DXA/CR000004.dcm,0.0,0.0,0.0,0.25360018014907837,0.36163291335105896,0.5668750405311584
2.25.66397484472966116002950503539482860450,/home/user/workspace/dataset_extracted/Датасет/НД_для_обучения/Исследования/2.25.66397484472966116002950503539482860450/series_001_2_CR/A2504194637 DXA/CR DXA/CR000008.dcm,0.0,0.0,0.0,0.25360018014907837,0.36163291335105896,0.5668750405311584
2.25.66397484472966116002950503539482860450,/home/user/workspace/dataset_extracted/Датасет/НД_для_обучения/Исследования/2.25.66397484472966116002950503539482860450/series_001_2_CR/A2504194637 DXA/CR DXA/CR000009.dcm,0.0,0.0,0.0,0.25360018014907837,0.36163291335105896,0.5668750405311584
2.25.73070100851377917031356937075051545239,/home/user/workspace/dataset_extracted/Датасет/НД_для_обучения/Исследования/2.25.73070100851377917031356937075051545239/series_002_2_CR/A2504239110 DXA/CR DXA/CR000002.dcm,0.0,1.0,0.0,0.14278657734394073,0.295479416847229,0.6553255915641785
2.25.73070100851377917031356937075051545239,/home/user/workspace/dataset_extracted/Датасет/НД_для_обучения/Исследования/2.25.73070100851377917031356937075051545239/series_002_2_CR/A2504239110 DXA/CR DXA/CR000003.dcm,0.0,1.0,0.0,0.14278650283813477,0.29547935724258423,0.6553255915641785
2.25.76710355977373089612172037086913478687,/home/user/workspace/dataset_extracted/Датасет/НД_для_обучения/Исследования/2.25.76710355977373089612172037086913478687/series_002_3_CR/A2504104830 DXA/CR DXA/CR000001.dcm,0.0,0.0,0.0,0.10666078329086304,0.22680287063121796,0.5730786919593811
2.25.78999454687125053757525542837745968726,/home/user/workspace/dataset_extracted/Датасет/НД_для_обучения/Исследования/2.25.78999454687125053757525542837745968726/series_004_3_CR/A2504222617 DXA/CR DXA/CR000002.dcm,0.0,0.0,0.0,0.34207069873809814,0.44248339533805847,0.4679725468158722
2.25.82912555346523716720160717883917565880,/home/user/workspace/dataset_extracted/Датасет/НД_для_обучения/Исследования/2.25.82912555346523716720160717883917565880/series_002_2_CR/A2504149480 DXA/CR DXA/CR000001.dcm,0.0,0.0,0.0,0.2606475353240967,0.4537562429904938,0.48236051201820374
2.25.82912555346523716720160717883917565880,/home/user/workspace/dataset_extracted/Датасет/НД_для_обучения/Исследования/2.25.82912555346523716720160717883917565880/series_002_2_CR/A2504149480 DXA/CR DXA/CR000005.dcm,0.0,0.0,0.0,0.2606475353240967,0.4537562429904938,0.48236051201820374
2.25.87718478011637131470224319788530286374,/home/user/workspace/dataset_extracted/Датасет/НД_для_обучения/Исследования/2.25.87718478011637131470224319788530286374/series_002_2_CR/A2504337993 DXA/CR DXA/CR000000.dcm,0.0,0.0,0.0,0.17967337369918823,0.3172649145126343,0.2662715017795563
2.25.87869906212286587478854831452123526595,/home/user/workspace/dataset_extracted/Датасет/НД_для_обучения/Исследования/2.25.87869906212286587478854831452123526595/series_002_2_CR/A250419699 DXA/CR DXA/CR000001.dcm,0.0,0.0,1.0,0.1384221762418747,0.5245087742805481,0.4844323992729187
2.25.91981043841368764114007975581101713077,/home/user/workspace/dataset_extracted/Датасет/НД_для_обучения/Исследования/2.25.91981043841368764114007975581101713077/series_003_2_CR/A250496619 DXA/CR DXA/CR000004.dcm,1.0,0.0,0.0,0.4063849151134491,0.4694238603115082,0.47521552443504333
2.25.91981043841368764114007975581101713077,/home/user/workspace/dataset_extracted/Датасет/НД_для_обучения/Исследования/2.25.91981043841368764114007975581101713077/series_003_2_CR/A250496619 DXA/CR DXA/CR000009.dcm,1.0,0.0,0.0,0.4063849151134491,0.4694238603115082,0.47521552443504333
2.25.91981043841368764114007975581101713077,/home/user/workspace/dataset_extracted/Датасет/НД_для_обучения/Исследования/2.25.91981043841368764114007975581101713077/series_003_2_CR/A250496619 DXA/CR DXA/CR000010.dcm,1.0,0.0,0.0,0.4063848853111267,0.46942394971847534,0.4752153754234314
