study,file_path,y_true,oof_geom,oof_emb,oof_stacked,pred_label,hip_side_detected
1.2.840.113619.2.110.512719.20250403090444,/home/user/workspace/dataset_extracted/Датасет/НД_для_обучения/Исследования/1.2.840.113619.2.110.512719.20250403090444/series_004_3_CR/DXA/CR DXA/CR000001.dcm,0,0.788370224592694,0.0013849037117324,0.817629179331307,0,right
1.2.840.113619.2.110.512719.20250403090444,/home/user/workspace/dataset_extracted/Датасет/НД_для_обучения/Исследования/1.2.840.113619.2.110.512719.20250403090444/series_004_3_CR/DXA/CR DXA/CR000004.dcm,0,0.788370224592694,0.0013849037117324,0.817629179331307,0,right
1.2.840.113619.2.110.512719.20250403092052,/home/user/workspace/dataset_extracted/Датасет/НД_для_обучения/Исследования/1.2.840.113619.2.110.512719.20250403092052/series_003_3_CR/DXA/CR DXA/CR000000.dcm,0,0.6020576515333598,0.1020408555865287,0.8396656534954408,0,right
1.2.840.113619.2.110.512719.20250403092052,/home/user/workspace/dataset_extracted/Датасет/НД_для_обучения/Исследования/1.2.840.113619.2.110.512719.20250403092052/series_003_3_CR/DXA/CR DXA/CR000004.dcm,0,0.6020576515333598,0.102040871977806,0.8411854103343466,0,right
1.2.840.113619.2.110.512719.20250407113211,/home/user/workspace/dataset_extracted/Датасет/НД_для_обучения/Исследования/1.2.840.113619.2.110.512719.20250407113211/series_001_2_CR/DXA/CR DXA/CR000001.dcm,0,0.1869056431329148,0.001242181006819,0.6550151975683891,0,right
1.2.840.113619.2.110.512719.20250407113211,/home/user/workspace/dataset_extracted/Датасет/НД_для_обучения/Исследования/1.2.840.113619.2.110.512719.20250407113211/series_001_2_CR/DXA/CR DXA/CR000005.dcm,0,0.1869056431329148,0.001242181006819,0.6550151975683891,0,right
2.25.10245777060263212829333021434108890537,/home/user/workspace/dataset_extracted/Датасет/НД_для_обучения/Исследования/2.25.10245777060263212829333021434108890537/series_003_2_CR/A2504412435 DXA/CR DXA/CR000000.dcm,0,0.0418774577036633,7.61997227982647e-07,0.2173252279635258,0,right
2.25.102755089973625799055786462646268820450,/home/user/workspace/dataset_extracted/Датасет/НД_для_обучения/Исследования/2.25.102755089973625799055786462646268820450/series_002_2_CR/A2504257770 DXA/CR DXA/CR000002.dcm,0,0.2246100785668098,5.36100887984503e-06,0.4566869300911854,0,right
2.25.102755089973625799055786462646268820450,/home/user/workspace/dataset_extracted/Датасет/НД_для_обучения/Исследования/2.25.102755089973625799055786462646268820450/series_002_2_CR/A2504257770 DXA/CR DXA/CR000003.dcm,0,0.2246100785668098,5.36100887984503e-06,0.4566869300911854,0,right
2.25.102965897799404973225419898683246248872,/home/user/workspace/dataset_extracted/Датасет/НД_для_обучения/Исследования/2.25.102965897799404973225419898683246248872/series_001_2_CR/A250726353 DXA/CR DXA/CR000002.dcm,0,0.1676735934629294,7.805715504218824e-05,0.5167173252279635,0,right
2.25.103868781101960771917584077315578649178,/home/user/workspace/dataset_extracted/Датасет/НД_для_обучения/Исследования/2.25.103868781101960771917584077315578649178/series_001_3_CR/A2507485409 DXA/CR DXA/CR000001.dcm,0,0.005643048878903,2.1104390768300623e-08,0.1048632218844984,0,right
2.25.105033841136787477881326326053319223817,/home/user/workspace/dataset_extracted/Датасет/НД_для_обучения/Исследования/2.25.105033841136787477881326326053319223817/series_001_2_CR/A250790559 DXA/CR DXA/CR000003.dcm,0,0.6629231072685127,0.0602821640670299,0.8457446808510638,0,right
2.25.105033841136787477881326326053319223817,/home/user/workspace/dataset_extracted/Датасет/НД_для_обучения/Исследования/2.25.105033841136787477881326326053319223817/series_001_2_CR/A250790559 DXA/CR DXA/CR000004.dcm,0,0.6629231072685127,0.0602821715176105,0.8472644376899696,0,right
2.25.114887542067602662452692698814728642117,/home/user/workspace/dataset_extracted/Датасет/НД_для_обучения/Исследования/2.25.114887542067602662452692698814728642117/series_001_2_CR/A2504131887 DXA/CR DXA/CR000000.dcm,0,0.000509214887826,3.899420846664725e-07,0.0851063829787234,0,right
2.25.114887542067602662452692698814728642117,/home/user/workspace/dataset_extracted/Датасет/НД_для_обучения/Исследования/2.25.114887542067602662452692698814728642117/series_001_2_CR/A2504131887 DXA/CR DXA/CR000003.dcm,0,0.000509214887826,3.899420846664725e-07,0.0851063829787234,0,right
2.25.114887542067602662452692698814728642117,/home/user/workspace/dataset_extracted/Датасет/НД_для_обучения/Исследования/2.25.114887542067602662452692698814728642117/series_001_2_CR/A2504131887 DXA/CR DXA/CR000005.dcm,0,0.000509214887826,3.899420846664725e-07,0.0851063829787234,0,right
2.25.114887542067602662452692698814728642117,/home/user/workspace/dataset_extracted/Датасет/НД_для_обучения/Исследования/2.25.114887542067602662452692698814728642117/series_001_2_CR/A2504131887 DXA/CR DXA/CR000008.dcm,0,0.000509214887826,3.899420846664725e-07,0.0851063829787234,0,right
2.25.116822802042655971810859435524105064465,/home/user/workspace/dataset_extracted/Датасет/НД_для_обучения/Исследования/2.25.116822802042655971810859435524105064465/series_003_2_CR/A2507273296 DXA/CR DXA/CR000000.dcm,0,0.6663879517793813,3.383552111699828e-05,0.6101823708206687,0,right
2.25.122446767306607067205618235949445789306,/home/user/workspace/dataset_extracted/Датасет/НД_для_обучения/Исследования/2.25.122446767306607067205618235949445789306/series_001_2_CR/A2504255080 DXA/CR DXA/CR000000.dcm,0,0.924565674881715,0.235830944776535,0.9437689969604864,1,right
2.25.122446767306607067205618235949445789306,/home/user/workspace/dataset_extracted/Датасет/НД_для_обучения/Исследования/2.25.122446767306607067205618235949445789306/series_001_2_CR/A2504255080 DXA/CR DXA/CR000003.dcm,0,0.924565674881715,0.235830944776535,0.9437689969604864,1,right
2.25.124890633326693921702195356152595253940,/home/user/workspace/dataset_extracted/Датасет/НД_для_обучения/Исследования/2.25.124890633326693921702195356152595253940/series_002_2_CR/A2504263153 DXA/CR DXA/CR000002.dcm,0,0.0326870996777236,1.157716400523867e-09,0.1337386018237082,0,right
2.25.126293418391331346694592071563510265596,/home/user/workspace/dataset_extracted/Датасет/НД_для_обучения/Исследования/2.25.126293418391331346694592071563510265596/series_002_3_CR/A2507250865 DXA/CR DXA/CR000000.dcm,0,0.0432687235500356,0.0005901851342059,0.4878419452887538,0,right
2.25.127126130998341190348103034690069487890,/home/user/workspace/dataset_extracted/Датасет/НД_для_обучения/Исследования/2.25.127126130998341190348103034690069487890/series_002_2_CR/A250428736 DXA/CR DXA/CR000003.dcm,1,0.9626843406236468,0.2158618718385696,0.9559270516717324,1,right
2.25.127126130998341190348103034690069487890,/home/user/workspace/dataset_extracted/Датасет/НД_для_обучения/Исследования/2.25.127126130998341190348103034690069487890/series_002_2_CR/A250428736 DXA/CR DXA/CR000005.dcm,1,0.9626843406236468,0.2158618718385696,0.9559270516717324,1,right
2.25.128990540359421489042453547244535073735,/home/user/workspace/dataset_extracted/Датасет/НД_для_обучения/Исследования/2.25.128990540359421489042453547244535073735/series_002_2_CR/A2507388698 DXA/CR DXA/CR000003.dcm,0,0.1378250574442423,1.8440590974933e-05,0.4316109422492401,0,right
2.25.128990540359421489042453547244535073735,/home/user/workspace/dataset_extracted/Датасет/НД_для_обучения/Исследования/2.25.128990540359421489042453547244535073735/series_002_2_CR/A2507388698 DXA/CR DXA/CR000005.dcm,0,0.1378250574442423,1.8440590974933e-05,0.4316109422492401,0,right
2.25.13069823278093578548407087310307113784,/home/user/workspace/dataset_extracted/Датасет/НД_для_обучения/Исследования/2.25.13069823278093578548407087310307113784/series_003_2_CR/A2507242667 DXA/CR DXA/CR000002.dcm,1,0.9854891116600712,0.6183580875396728,0.972644376899696,1,right
2.25.132083163398091874662674590622589534350,/home/user/workspace/dataset_extracted/Датасет/НД_для_обучения/Исследования/2.25.132083163398091874662674590622589534350/series_003_2_CR/A2507386583 DXA Exam/CR DXA Images/CR000002.dcm,0,5.98502243484097e-05,5.9980245714541526e-05,0.2264437689969604,0,right
2.25.132272637351979990811754009849547633391,/home/user/workspace/dataset_extracted/Датасет/НД_для_обучения/Исследования/2.25.132272637351979990811754009849547633391/series_003_3_CR/A2504141080 DXA/CR DXA/CR000001.dcm,0,0.2333087277571932,9.496010807197309e-06,0.4741641337386018,0,right
2.25.13325817932854000792938662637654885530,/home/user/workspace/dataset_extracted/Датасет/НД_для_обучения/Исследования/2.25.13325817932854000792938662637654885530/series_002_2_CR/A2507365486 DXA/CR DXA/CR000005.dcm,0,0.5876917589861137,0.1054819777607917,0.837386018237082,0,right
2.25.13325817932854000792938662637654885530,/home/user/workspace/dataset_extracted/Датасет/НД_для_обучения/Исследования/2.25.13325817932854000792938662637654885530/series_002_2_CR/A2507365486 DXA/CR DXA/CR000006.dcm,0,0.5876917589861137,0.1054819777607917,0.837386018237082,0,right
2.25.13325817932854000792938662637654885530,/home/user/workspace/dataset_extracted/Датасет/НД_для_обучения/Исследования/2.25.13325817932854000792938662637654885530/series_002_2_CR/A2507365486 DXA/CR DXA/CR000008.dcm,0,0.5876917589861137,0.1054819777607917,0.837386018237082,0,right
2.25.13325817932854000792938662637654885530,/home/user/workspace/dataset_extracted/Датасет/НД_для_обучения/Исследования/2.25.13325817932854000792938662637654885530/series_002_2_CR/A2507365486 DXA/CR DXA/CR000009.dcm,0,0.5876917589861137,0.1054819777607917,0.837386018237082,0,right
2.25.13325817932854000792938662637654885530,/home/user/workspace/dataset_extracted/Датасет/НД_для_обучения/Исследования/2.25.13325817932854000792938662637654885530/series_002_2_CR/A2507365486 DXA/CR DXA/CR000011.dcm,0,0.5876917589861137,0.1054819777607917,0.837386018237082,0,right
2.25.134456506307367483341018281460841912845,/home/user/workspace/dataset_extracted/Датасет/НД_для_обучения/Исследования/2.25.134456506307367483341018281460841912845/series_002_2_CR/A2507120612 DXA/CR DXA/CR000002.dcm,0,0.0279908386941094,5.043823512096423e-06,0.2264437689969605,0,right
2.25.137344827330550141320158285144101816664,/home/user/workspace/dataset_extracted/Датасет/НД_для_обучения/Исследования/2.25.137344827330550141320158285144101816664/series_003_3_CR/A2507146630 DXA/CR DXA/CR000002.dcm,0,0.6433984489314666,1.672223550031049e-06,0.5030395136778115,0,right
2.25.13983650679559142983913935144968795415,/home/user/workspace/dataset_extracted/Датасет/НД_для_обучения/Исследования/2.25.13983650679559142983913935144968795415/series_003_2_CR/A2504335111 DXA/CR DXA/CR000001.dcm,0,0.0504982786161936,1.9924796106352005e-06,0.2659574468085106,0,right
2.25.13983650679559142983913935144968795415,/home/user/workspace/dataset_extracted/Датасет/НД_для_обучения/Исследования/2.25.13983650679559142983913935144968795415/series_003_2_CR/A2504335111 DXA/CR DXA/CR000005.dcm,0,0.0504982786161936,1.9924796106352005e-06,0.2659574468085106,0,right
2.25.144941557565802351596730914409170713112,/home/user/workspace/dataset_extracted/Датасет/НД_для_обучения/Исследования/2.25.144941557565802351596730914409170713112/series_001_2_CR/A250728979 DXA/CR DXA/CR000002.dcm,0,0.1550944533428509,0.0001895636800327,0.5516717325227963,0,right
2.25.144941557565802351596730914409170713112,/home/user/workspace/dataset_extracted/Датасет/НД_для_обучения/Исследования/2.25.144941557565802351596730914409170713112/series_001_2_CR/A250728979 DXA/CR DXA/CR000003.dcm,0,0.1550944533428509,0.0001895636800327,0.5516717325227963,0,right
2.25.144941557565802351596730914409170713112,/home/user/workspace/dataset_extracted/Датасет/НД_для_обучения/Исследования/2.25.144941557565802351596730914409170713112/series_001_2_CR/A250728979 DXA/CR DXA/CR000004.dcm,0,0.1550944533428509,0.0001895636800327,0.5516717325227963,0,right
2.25.144941557565802351596730914409170713112,/home/user/workspace/dataset_extracted/Датасет/НД_для_обучения/Исследования/2.25.144941557565802351596730914409170713112/series_001_2_CR/A250728979 DXA/CR DXA/CR000005.dcm,0,0.1550944533428509,0.0001895636800327,0.5516717325227963,0,right
2.25.145848300160680194368420189079847088556,/home/user/workspace/dataset_extracted/Датасет/НД_для_обучения/Исследования/2.25.145848300160680194368420189079847088556/series_002_2_CR/A2504248615 DXA Exam/CR DXA Images/CR000000.dcm,0,0.0018312812306139,6.027958427551328e-12,0.0547112462006079,0,right
2.25.151186844055172005615813066162721550889,/home/user/workspace/dataset_extracted/Датасет/НД_для_обучения/Исследования/2.25.151186844055172005615813066162721550889/series_002_2_CR/A250436130 DXA/CR DXA/CR000002.dcm,0,0.106424894590957,5.434413833427243e-05,0.458966565349544,0,right
2.25.156021661584944120526934974594604520993,/home/user/workspace/dataset_extracted/Датасет/НД_для_обучения/Исследования/2.25.156021661584944120526934974594604520993/series_003_2_CR/A2507142228 DXA/CR DXA/CR000003.dcm,0,0.2380015206524715,0.0001427953218808,0.5881458966565349,0,right
2.25.156021661584944120526934974594604520993,/home/user/workspace/dataset_extracted/Датасет/НД_для_обучения/Исследования/2.25.156021661584944120526934974594604520993/series_003_2_CR/A2507142228 DXA/CR DXA/CR000004.dcm,0,0.2380015206524715,0.0001427953218808,0.5881458966565349,0,right
2.25.156021661584944120526934974594604520993,/home/user/workspace/dataset_extracted/Датасет/НД_для_обучения/Исследования/2.25.156021661584944120526934974594604520993/series_003_2_CR/A2507142228 DXA/CR DXA/CR000005.dcm,0,0.2380015206524715,0.0001427953218808,0.5881458966565349,0,right
2.25.156021661584944120526934974594604520993,/home/user/workspace/dataset_extracted/Датасет/НД_для_обучения/Исследования/2.25.156021661584944120526934974594604520993/series_003_2_CR/A2507142228 DXA/CR DXA/CR000009.dcm,0,0.2380015206524715,0.0001427953218808,0.5881458966565349,0,right
2.25.156021661584944120526934974594604520993,/home/user/workspace/dataset_extracted/Датасет/НД_для_обучения/Исследования/2.25.156021661584944120526934974594604520993/series_003_2_CR/A2507142228 DXA/CR DXA/CR000010.dcm,0,0.2380015206524715,0.0001427953218808,0.5881458966565349,0,right
2.25.156375884487675936513403083218009333856,/home/user/workspace/dataset_extracted/Датасет/НД_для_обучения/Исследования/2.25.156375884487675936513403083218009333856/series_003_2_CR/A250727121 DXA/CR DXA/CR000004.dcm,0,0.0339630520613482,2.968982414586208e-07,0.1975683890577507,0,right
2.25.156375884487675936513403083218009333856,/home/user/workspace/dataset_extracted/Датасет/НД_для_обучения/Исследования/2.25.156375884487675936513403083218009333856/series_003_2_CR/A250727121 DXA/CR DXA/CR000007.dcm,0,0.0339630520613482,2.968982414586208e-07,0.1975683890577507,0,right
2.25.156375884487675936513403083218009333856,/home/user/workspace/dataset_extracted/Датасет/НД_для_обучения/Исследования/2.25.156375884487675936513403083218009333856/series_003_2_CR/A250727121 DXA/CR DXA/CR000008.dcm,0,0.0339630520613482,2.968982414586208e-07,0.1975683890577507,0,right
2.25.156389075510671877606923458507011517218,/home/user/workspace/dataset_extracted/Датасет/НД_для_обучения/Исследования/2.25.156389075510671877606923458507011517218/series_001_2_CR/A2507389755 DXA/CR DXA/CR000000.dcm,0,0.0762643593174878,0.000638738751877,0.5334346504559271,0,right
2.25.156389075510671877606923458507011517218,/home/user/workspace/dataset_extracted/Датасет/НД_для_обучения/Исследования/2.25.156389075510671877606923458507011517218/series_001_2_CR/A2507389755 DXA/CR DXA/CR000005.dcm,0,0.0762643593174878,0.000638738751877,0.5334346504559271,0,right
2.25.157462338378550185821790046400986801350,/home/user/workspace/dataset_extracted/Датасет/НД_для_обучения/Исследования/2.25.157462338378550185821790046400986801350/series_001_2_CR/A2507498707 DXA/CR DXA/CR000001.dcm,0,0.6775614934405227,0.3213594138622284,0.8996960486322187,1,right
2.25.157462338378550185821790046400986801350,/home/user/workspace/dataset_extracted/Датасет/НД_для_обучения/Исследования/2.25.157462338378550185821790046400986801350/series_001_2_CR/A2507498707 DXA/CR DXA/CR000004.dcm,0,0.6775614934405227,0.3213594675064087,0.9012158054711246,1,right
2.25.158646777318759504110695916200521633609,/home/user/workspace/dataset_extracted/Датасет/НД_для_обучения/Исследования/2.25.158646777318759504110695916200521633609/series_003_6_CR/A2507266260 DXA/CR DXA/CR000000.dcm,0,0.0285667054026063,2.390446528011125e-06,0.2203647416413374,0,right
2.25.158646777318759504110695916200521633609,/home/user/workspace/dataset_extracted/Датасет/НД_для_обучения/Исследования/2.25.158646777318759504110695916200521633609/series_003_6_CR/A2507266260 DXA/CR DXA/CR000005.dcm,0,0.0285667054026063,2.390446528011125e-06,0.2203647416413374,0,right
2.25.158646777318759504110695916200521633609,/home/user/workspace/dataset_extracted/Датасет/НД_для_обучения/Исследования/2.25.158646777318759504110695916200521633609/series_003_6_CR/A2507266260 DXA/CR DXA/CR000006.dcm,0,0.0285667054026063,2.390446528011125e-06,0.2203647416413374,0,right
2.25.158646777318759504110695916200521633609,/home/user/workspace/dataset_extracted/Датасет/НД_для_обучения/Исследования/2.25.158646777318759504110695916200521633609/series_004_2_CR/A2507266260 DXA/CR DXA/CR000001.dcm,0,0.0285667054026063,2.390446528011125e-06,0.2203647416413374,0,right
2.25.158646777318759504110695916200521633609,/home/user/workspace/dataset_extracted/Датасет/НД_для_обучения/Исследования/2.25.158646777318759504110695916200521633609/series_004_2_CR/A2507266260 DXA/CR DXA/CR000004.dcm,0,0.0285667054026063,2.390446528011125e-06,0.2203647416413374,0,right
2.25.158646777318759504110695916200521633609,/home/user/workspace/dataset_extracted/Датасет/НД_для_обучения/Исследования/2.25.158646777318759504110695916200521633609/series_004_2_CR/A2507266260 DXA/CR DXA/CR000007.dcm,0,0.0285667054026063,2.390446528011125e-06,0.2203647416413374,0,right
2.25.158646777318759504110695916200521633609,/home/user/workspace/dataset_extracted/Датасет/НД_для_обучения/Исследования/2.25.158646777318759504110695916200521633609/series_004_2_CR/A2507266260 DXA/CR DXA/CR000010.dcm,0,0.0285667054026063,2.390446528011125e-06,0.2203647416413374,0,right
2.25.158646777318759504110695916200521633609,/home/user/workspace/dataset_extracted/Датасет/НД_для_обучения/Исследования/2.25.158646777318759504110695916200521633609/series_004_2_CR/A2507266260 DXA/CR DXA/CR000016.dcm,0,0.0285667054026063,2.390446528011125e-06,0.2203647416413374,0,right
2.25.158646777318759504110695916200521633609,/home/user/workspace/dataset_extracted/Датасет/НД_для_обучения/Исследования/2.25.158646777318759504110695916200521633609/series_004_2_CR/A2507266260 DXA/CR DXA/CR000017.dcm,0,0.0285667054026063,2.390446528011125e-06,0.2203647416413374,0,right
2.25.164566280810634620154538016595892212884,/home/user/workspace/dataset_extracted/Датасет/НД_для_обучения/Исследования/2.25.164566280810634620154538016595892212884/series_001_2_CR/A2504291878 DXA Exam/CR DXA Images/CR000000.dcm,0,0.000616410237967,7.18067654604914e-14,0.033434650455927,0,right
2.25.165091430504580219034019815337441064349,/home/user/workspace/dataset_extracted/Датасет/НД_для_обучения/Исследования/2.25.165091430504580219034019815337441064349/series_001_2_CR/A2504415443 DXA/CR DXA/CR000000.dcm,0,0.573322550797582,0.0028756774961948,0.7492401215805471,0,right
2.25.165091430504580219034019815337441064349,/home/user/workspace/dataset_extracted/Датасет/НД_для_обучения/Исследования/2.25.165091430504580219034019815337441064349/series_001_2_CR/A2504415443 DXA/CR DXA/CR000004.dcm,0,0.573322550797582,0.0028756774961948,0.7492401215805471,0,right
2.25.167344201679287285499405412654740659745,/home/user/workspace/dataset_extracted/Датасет/НД_для_обучения/Исследования/2.25.167344201679287285499405412654740659745/series_003_2_CR/A2504249537 DXA/CR DXA/CR000000.dcm,0,0.185802107108213,1.0441122230986368e-05,0.4498480243161094,0,right
2.25.167344201679287285499405412654740659745,/home/user/workspace/dataset_extracted/Датасет/НД_для_обучения/Исследования/2.25.167344201679287285499405412654740659745/series_003_2_CR/A2504249537 DXA/CR DXA/CR000005.dcm,0,0.185802107108213,1.0441122230986368e-05,0.4498480243161094,0,right
2.25.16773626720107440979805052259711419763,/home/user/workspace/dataset_extracted/Датасет/НД_для_обучения/Исследования/2.25.16773626720107440979805052259711419763/series_004_2_CR/A2507537392 DXA/CR DXA/CR000001.dcm,0,0.106424894590957,3.887730890710373e-05,0.4407294832826748,0,right
2.25.16773626720107440979805052259711419763,/home/user/workspace/dataset_extracted/Датасет/НД_для_обучения/Исследования/2.25.16773626720107440979805052259711419763/series_004_2_CR/A2507537392 DXA/CR DXA/CR000002.dcm,0,0.106424894590957,3.887730890710373e-05,0.4407294832826748,0,right
2.25.16773626720107440979805052259711419763,/home/user/workspace/dataset_extracted/Датасет/НД_для_обучения/Исследования/2.25.16773626720107440979805052259711419763/series_004_2_CR/A2507537392 DXA/CR DXA/CR000005.dcm,0,0.106424894590957,3.887730890710373e-05,0.4407294832826748,0,right
2.25.16773626720107440979805052259711419763,/home/user/workspace/dataset_extracted/Датасет/НД_для_обучения/Исследования/2.25.16773626720107440979805052259711419763/series_004_2_CR/A2507537392 DXA/CR DXA/CR000006.dcm,0,0.106424894590957,3.887730890710373e-05,0.4407294832826748,0,right
2.25.16773626720107440979805052259711419763,/home/user/workspace/dataset_extracted/Датасет/НД_для_обучения/Исследования/2.25.16773626720107440979805052259711419763/series_004_2_CR/A2507537392 DXA/CR DXA/CR000010.dcm,0,0.106424894590957,3.887730890710373e-05,0.4407294832826748,0,right
2.25.168317503020329569414190677927680518621,/home/user/workspace/dataset_extracted/Датасет/НД_для_обучения/Исследования/2.25.168317503020329569414190677927680518621/series_004_2_CR/A2507557128 DXA/CR DXA/CR000004.dcm,0,0.0424758417140397,1.45545658597257e-05,0.3176291793313069,0,right
2.25.168317503020329569414190677927680518621,/home/user/workspace/dataset_extracted/Датасет/НД_для_обучения/Исследования/2.25.168317503020329569414190677927680518621/series_004_2_CR/A2507557128 DXA/CR DXA/CR000007.dcm,0,0.0424758417140397,1.45545658597257e-05,0.3176291793313069,0,right
2.25.168317503020329569414190677927680518621,/home/user/workspace/dataset_extracted/Датасет/НД_для_обучения/Исследования/2.25.168317503020329569414190677927680518621/series_004_2_CR/A2507557128 DXA/CR DXA/CR000008.dcm,0,0.0424758417140397,1.45545658597257e-05,0.3176291793313069,0,right
2.25.168317503020329569414190677927680518621,/home/user/workspace/dataset_extracted/Датасет/НД_для_обучения/Исследования/2.25.168317503020329569414190677927680518621/series_004_2_CR/A2507557128 DXA/CR DXA/CR000011.dcm,0,0.0424758417140397,1.45545658597257e-05,0.3176291793313069,0,right
2.25.172445998420765569384934552191547932566,/home/user/workspace/dataset_extracted/Датасет/НД_для_обучения/Исследования/2.25.172445998420765569384934552191547932566/series_004_2_CR/A2507368766 DXA/CR DXA/CR000001.dcm,0,0.0370683057978289,1.2225453271952346e-08,0.1671732522796352,0,right
2.25.173753313169335820519632380691065649420,/home/user/workspace/dataset_extracted/Датасет/НД_для_обучения/Исследования/2.25.173753313169335820519632380691065649420/series_003_2_CR/A2504265499 DXA/CR DXA/CR000000.dcm,1,0.9417225671139012,0.006666608992964,0.8905775075987842,1,right
2.25.173753313169335820519632380691065649420,/home/user/workspace/dataset_extracted/Датасет/НД_для_обучения/Исследования/2.25.173753313169335820519632380691065649420/series_003_2_CR/A2504265499 DXA/CR DXA/CR000001.dcm,1,0.9417225671139012,0.006666608992964,0.8905775075987842,1,right
2.25.173753313169335820519632380691065649420,/home/user/workspace/dataset_extracted/Датасет/НД_для_обучения/Исследования/2.25.173753313169335820519632380691065649420/series_003_2_CR/A2504265499 DXA/CR DXA/CR000004.dcm,1,0.9417225671139012,0.006666608992964,0.8905775075987842,1,right
2.25.173753313169335820519632380691065649420,/home/user/workspace/dataset_extracted/Датасет/НД_для_обучения/Исследования/2.25.173753313169335820519632380691065649420/series_003_2_CR/A2504265499 DXA/CR DXA/CR000006.dcm,1,0.9417225671139012,0.006666608992964,0.8905775075987842,1,right
2.25.175881661753775295785039265792986971602,/home/user/workspace/dataset_extracted/Датасет/НД_для_обучения/Исследования/2.25.175881661753775295785039265792986971602/series_003_2_CR/A2507266462 DXA/CR DXA/CR000000.dcm,0,0.6663879517793813,0.0003637089102994,0.7294832826747721,0,right
2.25.175881661753775295785039265792986971602,/home/user/workspace/dataset_extracted/Датасет/НД_для_обучения/Исследования/2.25.175881661753775295785039265792986971602/series_003_2_CR/A2507266462 DXA/CR DXA/CR000003.dcm,0,0.6663879517793813,0.0003637089102994,0.7294832826747721,0,right
2.25.175903805423871105435148927871625232853,/home/user/workspace/dataset_extracted/Датасет/НД_для_обучения/Исследования/2.25.175903805423871105435148927871625232853/series_001_2_CR/A2507159447 DXA/CR DXA/CR000001.dcm,0,0.027792333636684,0.021583423949778,0.5167173252279635,0,right
2.25.17706555930735581384953296958427669848,/home/user/workspace/dataset_extracted/Датасет/НД_для_обучения/Исследования/2.25.17706555930735581384953296958427669848/series_004_3_CR/A2504146513 DXA/CR DXA/CR000003.dcm,0,0.2246100785668098,1.3615750140161251e-05,0.4840425531914893,0,right
2.25.17706555930735581384953296958427669848,/home/user/workspace/dataset_extracted/Датасет/НД_для_обучения/Исследования/2.25.17706555930735581384953296958427669848/series_004_3_CR/A2504146513 DXA/CR DXA/CR000004.dcm,0,0.2246100785668098,1.3615750140161251e-05,0.4840425531914893,0,right
2.25.177745077805190810016231350557005569203,/home/user/workspace/dataset_extracted/Датасет/НД_для_обучения/Исследования/2.25.177745077805190810016231350557005569203/series_002_2_CR/A2504273759 DXA/CR DXA/CR000004.dcm,0,0.7605763171403532,6.643859596806578e-05,0.6762917933130699,0,right
2.25.177745077805190810016231350557005569203,/home/user/workspace/dataset_extracted/Датасет/НД_для_обучения/Исследования/2.25.177745077805190810016231350557005569203/series_002_2_CR/A2504273759 DXA/CR DXA/CR000005.dcm,0,0.7605763171403532,6.643859596806578e-05,0.6762917933130699,0,right
2.25.181196659018348153828200695057897449628,/home/user/workspace/dataset_extracted/Датасет/НД_для_обучения/Исследования/2.25.181196659018348153828200695057897449628/series_004_2_CR/A2507370620 DXA/CR DXA/CR000001.dcm,0,0.0551149585476816,7.925354907456495e-07,0.2568389057750759,0,right
2.25.181196659018348153828200695057897449628,/home/user/workspace/dataset_extracted/Датасет/НД_для_обучения/Исследования/2.25.181196659018348153828200695057897449628/series_004_2_CR/A2507370620 DXA/CR DXA/CR000004.dcm,0,0.0551149585476816,7.925354907456495e-07,0.2568389057750759,0,right
2.25.181196659018348153828200695057897449628,/home/user/workspace/dataset_extracted/Датасет/НД_для_обучения/Исследования/2.25.181196659018348153828200695057897449628/series_004_2_CR/A2507370620 DXA/CR DXA/CR000005.dcm,0,0.0551149585476816,7.925354907456495e-07,0.2568389057750759,0,right
2.25.181196659018348153828200695057897449628,/home/user/workspace/dataset_extracted/Датасет/НД_для_обучения/Исследования/2.25.181196659018348153828200695057897449628/series_004_2_CR/A2507370620 DXA/CR DXA/CR000009.dcm,0,0.0551149585476816,7.925354907456495e-07,0.2568389057750759,0,right
2.25.181196659018348153828200695057897449628,/home/user/workspace/dataset_extracted/Датасет/НД_для_обучения/Исследования/2.25.181196659018348153828200695057897449628/series_004_2_CR/A2507370620 DXA/CR DXA/CR000012.dcm,0,0.0551149585476816,7.925354907456495e-07,0.2568389057750759,0,right
2.25.184198356665635336833172191504278054074,/home/user/workspace/dataset_extracted/Датасет/НД_для_обучения/Исследования/2.25.184198356665635336833172191504278054074/series_004_2_CR/A250788286 DXA/CR DXA/CR000002.dcm,0,0.0038346761102397,1.1398867072465179e-09,0.0759878419452887,0,right
2.25.186201010600484120326273381077449377115,/home/user/workspace/dataset_extracted/Датасет/НД_для_обучения/Исследования/2.25.186201010600484120326273381077449377115/series_004_2_CR/A250777475 DXA/CR DXA/CR000002.dcm,0,0.3092372405959436,2.17104192415718e-05,0.5334346504559271,0,right
2.25.186201010600484120326273381077449377115,/home/user/workspace/dataset_extracted/Датасет/НД_для_обучения/Исследования/2.25.186201010600484120326273381077449377115/series_004_2_CR/A250777475 DXA/CR DXA/CR000003.dcm,0,0.3092372405959436,2.17104192415718e-05,0.5334346504559271,0,right
2.25.186201010600484120326273381077449377115,/home/user/workspace/dataset_extracted/Датасет/НД_для_обучения/Исследования/2.25.186201010600484120326273381077449377115/series_004_2_CR/A250777475 DXA/CR DXA/CR000005.dcm,0,0.3092372405959436,2.17104192415718e-05,0.5334346504559271,0,right
2.25.186201010600484120326273381077449377115,/home/user/workspace/dataset_extracted/Датасет/НД_для_обучения/Исследования/2.25.186201010600484120326273381077449377115/series_004_2_CR/A250777475 DXA/CR DXA/CR000006.dcm,0,0.3092372405959436,2.17104192415718e-05,0.5334346504559271,0,right
2.25.190331309633057244929837507901317950031,/home/user/workspace/dataset_extracted/Датасет/НД_для_обучения/Исследования/2.25.190331309633057244929837507901317950031/series_001_2_CR/A250791815 DXA/CR DXA/CR000004.dcm,0,0.9242194782521644,0.0011773293896112,0.8221884498480243,0,right
2.25.190331309633057244929837507901317950031,/home/user/workspace/dataset_extracted/Датасет/НД_для_обучения/Исследования/2.25.190331309633057244929837507901317950031/series_001_2_CR/A250791815 DXA/CR DXA/CR000006.dcm,0,0.9242194782521644,0.0011773293896112,0.8221884498480243,0,right
2.25.190331309633057244929837507901317950031,/home/user/workspace/dataset_extracted/Датасет/НД_для_обучения/Исследования/2.25.190331309633057244929837507901317950031/series_001_2_CR/A250791815 DXA/CR DXA/CR000007.dcm,0,0.9242194782521644,0.0011773293896112,0.8221884498480243,0,right
2.25.190331309633057244929837507901317950031,/home/user/workspace/dataset_extracted/Датасет/НД_для_обучения/Исследования/2.25.190331309633057244929837507901317950031/series_001_2_CR/A250791815 DXA/CR DXA/CR000010.dcm,0,0.9242194782521644,0.0011773293896112,0.8221884498480243,0,right
2.25.215177279960644564778148238928738915103,/home/user/workspace/dataset_extracted/Датасет/НД_для_обучения/Исследования/2.25.215177279960644564778148238928738915103/series_002_2_CR/A2504147013 DXA/CR DXA/CR000002.dcm,0,0.0110058162170438,5.314917586929369e-07,0.1534954407294833,0,right
2.25.217397325224876728316360420804118329081,/home/user/workspace/dataset_extracted/Датасет/НД_для_обучения/Исследования/2.25.217397325224876728316360420804118329081/series_002_2_CR/A250474631 DXA/CR DXA/CR000001.dcm,0,0.6020576515333598,0.0247475545853376,0.8145896656534954,0,right
2.25.217397325224876728316360420804118329081,/home/user/workspace/dataset_extracted/Датасет/НД_для_обучения/Исследования/2.25.217397325224876728316360420804118329081/series_002_2_CR/A250474631 DXA/CR DXA/CR000003.dcm,0,0.6020576515333598,0.0247475545853376,0.8145896656534954,0,right
2.25.217397325224876728316360420804118329081,/home/user/workspace/dataset_extracted/Датасет/НД_для_обучения/Исследования/2.25.217397325224876728316360420804118329081/series_002_2_CR/A250474631 DXA/CR DXA/CR000008.dcm,0,0.6020576515333598,0.0247475545853376,0.8145896656534954,0,right
2.25.217397325224876728316360420804118329081,/home/user/workspace/dataset_extracted/Датасет/НД_для_обучения/Исследования/2.25.217397325224876728316360420804118329081/series_002_2_CR/A250474631 DXA/CR DXA/CR000010.dcm,0,0.6020576515333598,0.0247475545853376,0.8145896656534954,0,right
2.25.234651502352368356456298825489565282446,/home/user/workspace/dataset_extracted/Датасет/НД_для_обучения/Исследования/2.25.234651502352368356456298825489565282446/series_002_2_CR/A2504307193 DXA/CR DXA/CR000000.dcm,0,0.6732637010578032,0.9631225228309632,0.917933130699088,1,right
2.25.234651502352368356456298825489565282446,/home/user/workspace/dataset_extracted/Датасет/НД_для_обучения/Исследования/2.25.234651502352368356456298825489565282446/series_002_2_CR/A2504307193 DXA/CR DXA/CR000001.dcm,0,0.6732637010578032,0.9631225228309632,0.917933130699088,1,right
2.25.234651502352368356456298825489565282446,/home/user/workspace/dataset_extracted/Датасет/НД_для_обучения/Исследования/2.25.234651502352368356456298825489565282446/series_002_2_CR/A2504307193 DXA/CR DXA/CR000007.dcm,0,0.6732637010578032,0.9631225228309632,0.917933130699088,1,right
2.25.234651502352368356456298825489565282446,/home/user/workspace/dataset_extracted/Датасет/НД_для_обучения/Исследования/2.25.234651502352368356456298825489565282446/series_002_2_CR/A2504307193 DXA/CR DXA/CR000010.dcm,0,0.6732637010578032,0.9631225228309632,0.917933130699088,1,right
2.25.247714038039430659432048101646401574824,/home/user/workspace/dataset_extracted/Датасет/НД_для_обучения/Исследования/2.25.247714038039430659432048101646401574824/series_002_2_CR/A2504238024 DXA Exam/CR DXA Images/CR000001.dcm,0,2.6703295993859118e-05,1.0126310007763097e-05,0.1474164133738601,0,right
2.25.269648774413746842548908998641183395622,/home/user/workspace/dataset_extracted/Датасет/НД_для_обучения/Исследования/2.25.269648774413746842548908998641183395622/series_001_2_CR/A2504393664 DXA/CR DXA/CR000000.dcm,0,0.2091622703370361,0.0499865286052227,0.7507598784194529,0,right
2.25.272690031744216183651627058502316132741,/home/user/workspace/dataset_extracted/Датасет/НД_для_обучения/Исследования/2.25.272690031744216183651627058502316132741/series_002_2_CR/A2504373414 DXA/CR DXA/CR000000.dcm,0,0.0002199748836172,0.0006623303284868,0.3419452887537993,0,right
2.25.272690031744216183651627058502316132741,/home/user/workspace/dataset_extracted/Датасет/НД_для_обучения/Исследования/2.25.272690031744216183651627058502316132741/series_002_2_CR/A2504373414 DXA/CR DXA/CR000004.dcm,0,0.0002199748836172,0.0006623303284868,0.3419452887537993,0,right
2.25.272690031744216183651627058502316132741,/home/user/workspace/dataset_extracted/Датасет/НД_для_обучения/Исследования/2.25.272690031744216183651627058502316132741/series_002_2_CR/A2504373414 DXA/CR DXA/CR000005.dcm,0,0.0002199748836172,0.0006623303284868,0.3419452887537993,0,right
2.25.272690031744216183651627058502316132741,/home/user/workspace/dataset_extracted/Датасет/НД_для_обучения/Исследования/2.25.272690031744216183651627058502316132741/series_002_2_CR/A2504373414 DXA/CR DXA/CR000007.dcm,0,0.0002199748836172,0.0006623303284868,0.3419452887537993,0,right
2.25.276415754443998872860614500027519740375,/home/user/workspace/dataset_extracted/Датасет/НД_для_обучения/Исследования/2.25.276415754443998872860614500027519740375/series_002_2_CR/A2504387089 DXA/CR DXA/CR000002.dcm,0,0.019080123337218,1.4050165873413789e-06,0.1793313069908814,0,right
2.25.276415754443998872860614500027519740375,/home/user/workspace/dataset_extracted/Датасет/НД_для_обучения/Исследования/2.25.276415754443998872860614500027519740375/series_002_2_CR/A2504387089 DXA/CR DXA/CR000004.dcm,0,0.019080123337218,1.4050165873413789e-06,0.1793313069908814,0,right
2.25.277752758923974029595977676354128739670,/home/user/workspace/dataset_extracted/Датасет/НД_для_обучения/Исследования/2.25.277752758923974029595977676354128739670/series_002_2_CR/A2504223752 DXA/CR DXA/CR000000.dcm,0,0.0982554713029817,4.352969745013979e-06,0.3419452887537993,0,right
2.25.277752758923974029595977676354128739670,/home/user/workspace/dataset_extracted/Датасет/НД_для_обучения/Исследования/2.25.277752758923974029595977676354128739670/series_002_2_CR/A2504223752 DXA/CR DXA/CR000003.dcm,0,0.0982554713029817,4.352969745013979e-06,0.3419452887537993,0,right
2.25.286999464611662854355201599068538813496,/home/user/workspace/dataset_extracted/Датасет/НД_для_обучения/Исследования/2.25.286999464611662854355201599068538813496/series_003_2_CR/A2504223477 DXA/CR DXA/CR000000.dcm,0,0.185802107108213,9.692433832242386e-06,0.4437689969604863,0,right
2.25.286999464611662854355201599068538813496,/home/user/workspace/dataset_extracted/Датасет/НД_для_обучения/Исследования/2.25.286999464611662854355201599068538813496/series_003_2_CR/A2504223477 DXA/CR DXA/CR000003.dcm,0,0.185802107108213,9.692433832242386e-06,0.4437689969604863,0,right
2.25.29638026465755240167985424461715024381,/home/user/workspace/dataset_extracted/Датасет/НД_для_обучения/Исследования/2.25.29638026465755240167985424461715024381/series_004_3_CR/A2504115579 DXA/CR DXA/CR000000.dcm,0,0.2868632526299079,0.0016902272589504,0.7082066869300911,0,right
2.25.29638026465755240167985424461715024381,/home/user/workspace/dataset_extracted/Датасет/НД_для_обучения/Исследования/2.25.29638026465755240167985424461715024381/series_004_3_CR/A2504115579 DXA/CR DXA/CR000002.dcm,0,0.2868632526299079,0.0016902272589504,0.7082066869300911,0,right
2.25.307021710202910067378603383388989711646,/home/user/workspace/dataset_extracted/Датасет/НД_для_обучения/Исследования/2.25.307021710202910067378603383388989711646/series_004_2_CR/A2504110565 DXA/CR DXA/CR000001.dcm,0,0.1447242366573395,0.0001479144382756,0.5243161094224924,0,right
2.25.307021710202910067378603383388989711646,/home/user/workspace/dataset_extracted/Датасет/НД_для_обучения/Исследования/2.25.307021710202910067378603383388989711646/series_004_2_CR/A2504110565 DXA/CR DXA/CR000002.dcm,0,0.1447242366573395,0.0001479144382756,0.5243161094224924,0,right
2.25.307021710202910067378603383388989711646,/home/user/workspace/dataset_extracted/Датасет/НД_для_обучения/Исследования/2.25.307021710202910067378603383388989711646/series_004_2_CR/A2504110565 DXA/CR DXA/CR000003.dcm,0,0.1447242366573395,0.0001479144382756,0.5243161094224924,0,right
2.25.307021710202910067378603383388989711646,/home/user/workspace/dataset_extracted/Датасет/НД_для_обучения/Исследования/2.25.307021710202910067378603383388989711646/series_004_2_CR/A2504110565 DXA/CR DXA/CR000008.dcm,0,0.1447242366573395,0.0001479144382756,0.5243161094224924,0,right
2.25.307021710202910067378603383388989711646,/home/user/workspace/dataset_extracted/Датасет/НД_для_обучения/Исследования/2.25.307021710202910067378603383388989711646/series_004_2_CR/A2504110565 DXA/CR DXA/CR000009.dcm,0,0.1447242366573395,0.0001479144382756,0.5243161094224924,0,right
2.25.309085571913348252136520206003694446566,/home/user/workspace/dataset_extracted/Датасет/НД_для_обучения/Исследования/2.25.309085571913348252136520206003694446566/series_002_2_CR/A2504116267 DXA/CR DXA/CR000002.dcm,0,0.0310093335395858,1.0027742547435992e-08,0.1413373860182371,0,right
2.25.314147167453134440746270747484612743945,/home/user/workspace/dataset_extracted/Датасет/НД_для_обучения/Исследования/2.25.314147167453134440746270747484612743945/series_002_2_CR/A2504224780 DXA/CR DXA/CR000000.dcm,0,0.5061118341358082,0.0316783927381038,0.7963525835866261,0,right
2.25.339027809107632348165171236474821772940,/home/user/workspace/dataset_extracted/Датасет/НД_для_обучения/Исследования/2.25.339027809107632348165171236474821772940/series_001_2_CR/A2504349642 DXA/CR DXA/CR000000.dcm,0,0.0029717880163894,2.904197913267126e-07,0.1094224924012158,0,right
2.25.339027809107632348165171236474821772940,/home/user/workspace/dataset_extracted/Датасет/НД_для_обучения/Исследования/2.25.339027809107632348165171236474821772940/series_001_2_CR/A2504349642 DXA/CR DXA/CR000005.dcm,0,0.0029717880163894,2.904197913267126e-07,0.1094224924012158,0,right
2.25.340839477910528898406207279980417945,/home/user/workspace/dataset_extracted/Датасет/НД_для_обучения/Исследования/2.25.340839477910528898406207279980417945/series_001_2_CR/A2504224555 DXA Exam/CR DXA Images/CR000001.dcm,0,0.0009527168451811,5.7240351840660304e-15,0.0379939209726443,0,right
2.25.37515662379281069436632838996073181551,/home/user/workspace/dataset_extracted/Датасет/НД_для_обучения/Исследования/2.25.37515662379281069436632838996073181551/series_001_2_CR/A2504329840 DXA/CR DXA/CR000002.dcm,0,0.085215538750426,0.0053387499414384,0.594224924012158,0,right
2.25.39068163399801173920284179500049527111,/home/user/workspace/dataset_extracted/Датасет/НД_для_обучения/Исследования/2.25.39068163399801173920284179500049527111/series_002_2_CR/A2504195842 DXA/CR DXA/CR000000.dcm,0,0.6145015870711028,0.2235035568475723,0.8632218844984803,0,right
2.25.48906424954135283790354958243772558962,/home/user/workspace/dataset_extracted/Датасет/НД_для_обучения/Исследования/2.25.48906424954135283790354958243772558962/series_001_2_CR/A2504185596 DXA Exam/CR DXA Images/CR000000.dcm,0,0.0006923193467657,2.571940680356344e-17,0.033434650455927,0,right
2.25.52982400970721161435951723390541696819,/home/user/workspace/dataset_extracted/Датасет/НД_для_обучения/Исследования/2.25.52982400970721161435951723390541696819/series_001_2_CR/A2504331065 DXA/CR DXA/CR000000.dcm,0,0.0640578937548785,1.2869676993432222e-06,0.2788753799392097,0,right
2.25.52982400970721161435951723390541696819,/home/user/workspace/dataset_extracted/Датасет/НД_для_обучения/Исследования/2.25.52982400970721161435951723390541696819/series_001_2_CR/A2504331065 DXA/CR DXA/CR000003.dcm,0,0.0640578937548785,1.2869676993432222e-06,0.2788753799392097,0,right
2.25.52982400970721161435951723390541696819,/home/user/workspace/dataset_extracted/Датасет/НД_для_обучения/Исследования/2.25.52982400970721161435951723390541696819/series_001_2_CR/A2504331065 DXA/CR DXA/CR000006.dcm,0,0.0640578937548785,1.2869676993432222e-06,0.2788753799392097,0,right
2.25.65954778282254353457041255543338557112,/home/user/workspace/dataset_extracted/Датасет/НД_для_обучения/Исследования/2.25.65954778282254353457041255543338557112/series_004_3_CR/A2504246289 DXA/CR DXA/CR000000.dcm,0,0.0252128981103155,1.2877031281277594e-07,0.1443768996960486,0,right
2.25.66397484472966116002950503539482860450,/home/user/workspace/dataset_extracted/Датасет/НД_для_обучения/Исследования/2.25.66397484472966116002950503539482860450/series_001_2_CR/A2504194637 DXA/CR DXA/CR000003.dcm,0,0.0015077159096662,6.554361516464269e-06,0.1770516717325228,0,right
2.25.66397484472966116002950503539482860450,/home/user/workspace/dataset_extracted/Датасет/НД_для_обучения/Исследования/2.25.66397484472966116002950503539482860450/series_001_2_CR/A2504194637 DXA/CR DXA/CR000006.dcm,0,0.0015077159096662,6.554360061272746e-06,0.1740121580547112,0,right
2.25.66397484472966116002950503539482860450,/home/user/workspace/dataset_extracted/Датасет/НД_для_обучения/Исследования/2.25.66397484472966116002950503539482860450/series_001_2_CR/A2504194637 DXA/CR DXA/CR000007.dcm,0,0.0015077159096662,6.554361516464269e-06,0.1770516717325228,0,right
2.25.66397484472966116002950503539482860450,/home/user/workspace/dataset_extracted/Датасет/НД_для_обучения/Исследования/2.25.66397484472966116002950503539482860450/series_001_2_CR/A2504194637 DXA/CR DXA/CR000010.dcm,0,0.0015077159096662,6.554361516464269e-06,0.1770516717325228,0,right
2.25.73070100851377917031356937075051545239,/home/user/workspace/dataset_extracted/Датасет/НД_для_обучения/Исследования/2.25.73070100851377917031356937075051545239/series_002_2_CR/A2504239110 DXA/CR DXA/CR000001.dcm,0,0.7605763171403532,0.0405974678695201,0.8799392097264438,0,right
2.25.73070100851377917031356937075051545239,/home/user/workspace/dataset_extracted/Датасет/НД_для_обучения/Исследования/2.25.73070100851377917031356937075051545239/series_002_2_CR/A2504239110 DXA/CR DXA/CR000005.dcm,0,0.7605763171403532,0.0405974678695201,0.8799392097264438,0,right
2.25.76710355977373089612172037086913478687,/home/user/workspace/dataset_extracted/Датасет/НД_для_обучения/Исследования/2.25.76710355977373089612172037086913478687/series_002_3_CR/A2504104830 DXA/CR DXA/CR000000.dcm,0,0.0777698150390835,2.17437636251816e-07,0.2537993920972644,0,right
2.25.78999454687125053757525542837745968726,/home/user/workspace/dataset_extracted/Датасет/НД_для_обучения/Исследования/2.25.78999454687125053757525542837745968726/series_004_3_CR/A2504222617 DXA/CR DXA/CR000001.dcm,0,0.0789930407317263,1.6405339920311234e-06,0.303951367781155,0,right
2.25.82912555346523716720160717883917565880,/home/user/workspace/dataset_extracted/Датасет/НД_для_обучения/Исследования/2.25.82912555346523716720160717883917565880/series_002_2_CR/A2504149480 DXA/CR DXA/CR000002.dcm,0,0.1776373250755031,2.9662765133053883e-09,0.3069908814589666,0,right
2.25.82912555346523716720160717883917565880,/home/user/workspace/dataset_extracted/Датасет/НД_для_обучения/Исследования/2.25.82912555346523716720160717883917565880/series_002_2_CR/A2504149480 DXA/CR DXA/CR000004.dcm,0,0.1776373250755031,2.9662765133053883e-09,0.3069908814589666,0,right
2.25.87869906212286587478854831452123526595,/home/user/workspace/dataset_extracted/Датасет/НД_для_обучения/Исследования/2.25.87869906212286587478854831452123526595/series_002_2_CR/A250419699 DXA/CR DXA/CR000002.dcm,0,0.0038286083486442,2.501304197721765e-06,0.1793313069908814,0,right
2.25.91981043841368764114007975581101713077,/home/user/workspace/dataset_extracted/Датасет/НД_для_обучения/Исследования/2.25.91981043841368764114007975581101713077/series_003_2_CR/A250496619 DXA/CR DXA/CR000002.dcm,0,0.0583853365300185,0.0010131514398381,0.5227963525835866,0,right
2.25.91981043841368764114007975581101713077,/home/user/workspace/dataset_extracted/Датасет/НД_для_обучения/Исследования/2.25.91981043841368764114007975581101713077/series_003_2_CR/A250496619 DXA/CR DXA/CR000005.dcm,0,0.0583853365300185,0.0010131514398381,0.5227963525835866,0,right
2.25.91981043841368764114007975581101713077,/home/user/workspace/dataset_extracted/Датасет/НД_для_обучения/Исследования/2.25.91981043841368764114007975581101713077/series_003_2_CR/A250496619 DXA/CR DXA/CR000006.dcm,0,0.0583853365300185,0.0010131514398381,0.5227963525835866,0,right
2.25.91981043841368764114007975581101713077,/home/user/workspace/dataset_extracted/Датасет/НД_для_обучения/Исследования/2.25.91981043841368764114007975581101713077/series_003_2_CR/A250496619 DXA/CR DXA/CR000007.dcm,0,0.0583853365300185,0.0010131514398381,0.5227963525835866,0,right
2.25.91981043841368764114007975581101713077,/home/user/workspace/dataset_extracted/Датасет/НД_для_обучения/Исследования/2.25.91981043841368764114007975581101713077/series_003_2_CR/A250496619 DXA/CR DXA/CR000011.dcm,0,0.0583853365300185,0.0010131514398381,0.5227963525835866,0,right
